{
  "annotations": {
    "list": [
      {
        "builtIn": 1,
        "datasource": "-- Grafana --",
        "enable": true,
        "hide": true,
        "iconColor": "rgba(0, 211, 255, 1)",
        "name": "Annotations & Alerts",
        "type": "dashboard"
      }
    ]
  },
  "editable": true,
  "gnetId": null,
  "graphTooltip": 0,
  "id": null,
  "links": [],
  "panels": [
    {
      "cacheTimeout": null,
      "colorBackground": false,
      "colorValue": false,
      "colors": [
        "rgba(245, 54, 54, 0.9)",
        "rgba(237, 129, 40, 0.89)",
        "rgba(50, 172, 45, 0.97)"
      ],
      "datasource": "aws",
      "decimals": 1,
      "description": "The percentage of CPU utilization.\n\nUnits: Percent",
      "editable": true,
      "error": false,
      "format": "none",
      "gauge": {
        "maxValue": 100,
        "minValue": 0,
        "show": false,
        "thresholdLabels": false,
        "thresholdMarkers": true
      },
      "gridPos": {
        "h": 4,
        "w": 4,
        "x": 0,
        "y": 0
      },
      "height": "150",
      "id": 1,
      "interval": null,
      "links": [],
      "mappingType": 1,
      "mappingTypes": [
        {
          "name": "value to text",
          "value": 1
        },
        {
          "name": "range to text",
          "value": 2
        }
      ],
      "maxDataPoints": 100,
      "nullPointMode": "connected",
      "nullText": null,
      "postfix": "",
      "postfixFontSize": "50%",
      "prefix": "",
      "prefixFontSize": "50%",
      "rangeMaps": [
        {
          "from": "null",
          "text": "N/A",
          "to": "null"
        }
      ],
      "sparkline": {
        "fillColor": "rgba(31, 118, 189, 0.18)",
        "full": true,
        "lineColor": "rgb(31, 120, 193)",
        "show": true
      },
      "tableColumn": "",
      "targets": [
        {
          "alias": "CPU %",
          "dimensions": {
            "DBInstanceIdentifier": "$dbname"
          },
          "dsType": null,
          "expression": "",
          "groupBy": [
            {
              "params": [
                "$interval"
              ],
              "type": "time"
            },
            {
              "params": [
                "null"
              ],
              "type": "fill"
            }
          ],
          "highResolution": false,
          "id": "",
          "metricName": "CPUUtilization",
          "namespace": "AWS/RDS",
          "orderByTime": "ASC",
          "period": "600",
          "policy": "default",
          "query": "SELECT non_negative_derivative(mean(\"xact_commit\"), 1s) + non_negative_derivative(mean(\"xact_rollback\"), 1s) FROM \"db_stats\" WHERE \"dbname\" =~ /^$dbname$/ AND  $timeFilter GROUP BY time($interval) fill(none)",
          "rawQuery": true,
          "refId": "A",
          "region": "$region",
          "resultFormat": "time_series",
          "returnData": false,
          "select": [
            [
              {
                "params": [
                  "value"
                ],
                "type": "field"
              },
              {
                "params": [],
                "type": "mean"
              }
            ]
          ],
          "statistics": [
            "Average"
          ],
          "tags": []
        }
      ],
      "thresholds": "",
      "timeFrom": "6h",
      "title": "CPU load %",
      "type": "singlestat",
      "valueFontSize": "80%",
      "valueMaps": [
        {
          "op": "=",
          "text": "N/A",
          "value": "null"
        }
      ],
      "valueName": "current"
    },
    {
      "cacheTimeout": null,
      "colorBackground": false,
      "colorValue": false,
      "colors": [
        "rgba(245, 54, 54, 0.9)",
        "rgba(237, 129, 40, 0.89)",
        "rgba(50, 172, 45, 0.97)"
      ],
      "datasource": "aws",
      "decimals": 0,
      "description": "The average number of bytes written to disk per second.",
      "editable": true,
      "error": false,
      "format": "bps",
      "gauge": {
        "maxValue": 100,
        "minValue": 0,
        "show": false,
        "thresholdLabels": false,
        "thresholdMarkers": true
      },
      "gridPos": {
        "h": 4,
        "w": 4,
        "x": 4,
        "y": 0
      },
      "height": "150",
      "id": 2,
      "interval": null,
      "links": [],
      "mappingType": 1,
      "mappingTypes": [
        {
          "name": "value to text",
          "value": 1
        },
        {
          "name": "range to text",
          "value": 2
        }
      ],
      "maxDataPoints": 100,
      "nullPointMode": "connected",
      "nullText": null,
      "postfix": "",
      "postfixFontSize": "50%",
      "prefix": "",
      "prefixFontSize": "50%",
      "rangeMaps": [
        {
          "from": "null",
          "text": "N/A",
          "to": "null"
        }
      ],
      "sparkline": {
        "fillColor": "rgba(31, 118, 189, 0.18)",
        "full": true,
        "lineColor": "rgb(31, 120, 193)",
        "show": true
      },
      "tableColumn": "",
      "targets": [
        {
          "alias": "Write bytes/s",
          "dimensions": {
            "DBInstanceIdentifier": "$dbname"
          },
          "dsType": null,
          "expression": "",
          "groupBy": [
            {
              "params": [
                "$interval"
              ],
              "type": "time"
            },
            {
              "params": [
                "null"
              ],
              "type": "fill"
            }
          ],
          "highResolution": false,
          "id": "",
          "metricName": "WriteThroughput",
          "namespace": "AWS/RDS",
          "orderByTime": "ASC",
          "period": "600",
          "policy": "default",
          "query": "SELECT non_negative_derivative(mean(\"calls\"), 1s) FROM \"stat_statements_calls\" WHERE $timeFilter AND \"dbname\" =~ /^$dbname$/ GROUP BY time(1s) fill(none)",
          "rawQuery": true,
          "refId": "A",
          "region": "$region",
          "resultFormat": "time_series",
          "returnData": false,
          "select": [
            [
              {
                "params": [
                  "value"
                ],
                "type": "field"
              },
              {
                "params": [],
                "type": "mean"
              }
            ]
          ],
          "statistics": [
            "Average"
          ],
          "tags": []
        }
      ],
      "thresholds": "",
      "timeFrom": "6h",
      "title": "Write IO",
      "type": "singlestat",
      "valueFontSize": "80%",
      "valueMaps": [
        {
          "op": "=",
          "text": "N/A",
          "value": "null"
        }
      ],
      "valueName": "current"
    },
    {
      "cacheTimeout": null,
      "colorBackground": false,
      "colorValue": false,
      "colors": [
        "rgba(245, 54, 54, 0.9)",
        "rgba(237, 129, 40, 0.89)",
        "rgba(50, 172, 45, 0.97)"
      ],
      "datasource": "aws",
      "decimals": 1,
      "description": "The average number of bytes read from disk per second.",
      "editable": true,
      "error": false,
      "format": "Bps",
      "gauge": {
        "maxValue": 100,
        "minValue": 0,
        "show": false,
        "thresholdLabels": false,
        "thresholdMarkers": true
      },
      "gridPos": {
        "h": 4,
        "w": 4,
        "x": 8,
        "y": 0
      },
      "height": "150",
      "id": 4,
      "interval": null,
      "links": [],
      "mappingType": 1,
      "mappingTypes": [
        {
          "name": "value to text",
          "value": 1
        },
        {
          "name": "range to text",
          "value": 2
        }
      ],
      "maxDataPoints": 100,
      "nullPointMode": "connected",
      "nullText": null,
      "postfix": " ",
      "postfixFontSize": "50%",
      "prefix": "",
      "prefixFontSize": "50%",
      "rangeMaps": [
        {
          "from": "null",
          "text": "N/A",
          "to": "null"
        }
      ],
      "sparkline": {
        "fillColor": "rgba(31, 118, 189, 0.18)",
        "full": true,
        "lineColor": "rgb(31, 120, 193)",
        "show": true
      },
      "tableColumn": "",
      "targets": [
        {
          "alias": "Read bytes/s",
          "dimensions": {
            "DBInstanceIdentifier": "$dbname"
          },
          "dsType": null,
          "expression": "",
          "groupBy": [
            {
              "params": [
                "$interval"
              ],
              "type": "time"
            },
            {
              "params": [
                "null"
              ],
              "type": "fill"
            }
          ],
          "highResolution": false,
          "id": "",
          "metricName": "ReadThroughput",
          "namespace": "AWS/RDS",
          "orderByTime": "ASC",
          "period": "600",
          "policy": "default",
          "query": "SELECT last(\"size_b\")  - first(\"size_b\") FROM \"db_stats\" WHERE \"dbname\" =~ /^$dbname$/ AND $timeFilter GROUP BY time(1h) fill(none)",
          "rawQuery": true,
          "refId": "A",
          "region": "$region",
          "resultFormat": "time_series",
          "returnData": false,
          "select": [
            [
              {
                "params": [
                  "value"
                ],
                "type": "field"
              },
              {
                "params": [],
                "type": "mean"
              }
            ]
          ],
          "statistics": [
            "Average"
          ],
          "tags": []
        }
      ],
      "thresholds": "",
      "timeFrom": "6h",
      "timeShift": null,
      "title": "Read IO",
      "type": "singlestat",
      "valueFontSize": "80%",
      "valueMaps": [
        {
          "op": "=",
          "text": "N/A",
          "value": "null"
        }
      ],
      "valueName": "current"
    },
    {
      "cacheTimeout": null,
      "colorBackground": false,
      "colorValue": false,
      "colors": [
        "rgba(245, 54, 54, 0.9)",
        "rgba(237, 129, 40, 0.89)",
        "rgba(50, 172, 45, 0.97)"
      ],
      "datasource": "aws",
      "description": "",
      "editable": true,
      "error": false,
      "format": "none",
      "gauge": {
        "maxValue": 100,
        "minValue": 0,
        "show": false,
        "thresholdLabels": false,
        "thresholdMarkers": true
      },
      "gridPos": {
        "h": 4,
        "w": 4,
        "x": 12,
        "y": 0
      },
      "height": "150",
      "id": 3,
      "interval": null,
      "links": [],
      "mappingType": 1,
      "mappingTypes": [
        {
          "name": "value to text",
          "value": 1
        },
        {
          "name": "range to text",
          "value": 2
        }
      ],
      "maxDataPoints": 100,
      "nullPointMode": "connected",
      "nullText": null,
      "postfix": " ",
      "postfixFontSize": "50%",
      "prefix": "",
      "prefixFontSize": "50%",
      "rangeMaps": [
        {
          "from": "null",
          "text": "N/A",
          "to": "null"
        }
      ],
      "sparkline": {
        "fillColor": "rgba(31, 118, 189, 0.18)",
        "full": true,
        "lineColor": "rgb(31, 120, 193)",
        "show": true
      },
      "tableColumn": "",
      "targets": [
        {
          "alias": "Connections",
          "dimensions": {
            "DBInstanceIdentifier": "$dbname"
          },
          "dsType": null,
          "expression": "",
          "groupBy": [
            {
              "params": [
                "$interval"
              ],
              "type": "time"
            },
            {
              "params": [
                "null"
              ],
              "type": "fill"
            }
          ],
          "highResolution": false,
          "id": "",
          "metricName": "DatabaseConnections",
          "namespace": "AWS/RDS",
          "orderByTime": "ASC",
          "period": "600",
          "policy": "default",
          "query": "SELECT non_negative_derivative(last(\"total_time\"), 1h) / non_negative_derivative(last(\"calls\"), 1h) FROM \"stat_statements\" WHERE \"dbname\" =~ /^$dbname$/ AND $timeFilter GROUP BY time($interval) fill(none)",
          "rawQuery": true,
          "refId": "A",
          "region": "$region",
          "resultFormat": "time_series",
          "returnData": false,
          "select": [
            [
              {
                "params": [
                  "value"
                ],
                "type": "field"
              },
              {
                "params": [],
                "type": "mean"
              }
            ]
          ],
          "statistics": [
            "Average"
          ],
          "tags": []
        }
      ],
      "thresholds": "",
      "timeFrom": "6h",
      "timeShift": null,
      "title": "Connections",
      "type": "singlestat",
      "valueFontSize": "80%",
      "valueMaps": [
        {
          "op": "=",
          "text": "N/A",
          "value": "null"
        }
      ],
      "valueName": "current"
    },
    {
      "cacheTimeout": null,
      "colorBackground": false,
      "colorValue": false,
      "colors": [
        "rgba(245, 54, 54, 0.9)",
        "rgba(237, 129, 40, 0.89)",
        "rgba(50, 172, 45, 0.97)"
      ],
      "datasource": "aws",
      "decimals": 0,
      "description": "The amount of available random access memory.",
      "editable": true,
      "error": false,
      "format": "bytes",
      "gauge": {
        "maxValue": 100,
        "minValue": 0,
        "show": false,
        "thresholdLabels": false,
        "thresholdMarkers": true
      },
      "gridPos": {
        "h": 4,
        "w": 4,
        "x": 16,
        "y": 0
      },
      "height": "150",
      "id": 5,
      "interval": null,
      "links": [],
      "mappingType": 1,
      "mappingTypes": [
        {
          "name": "value to text",
          "value": 1
        },
        {
          "name": "range to text",
          "value": 2
        }
      ],
      "maxDataPoints": 100,
      "nullPointMode": "connected",
      "nullText": null,
      "postfix": " ",
      "postfixFontSize": "50%",
      "prefix": "",
      "prefixFontSize": "50%",
      "rangeMaps": [
        {
          "from": "null",
          "text": "N/A",
          "to": "null"
        }
      ],
      "sparkline": {
        "fillColor": "rgba(31, 118, 189, 0.18)",
        "full": true,
        "lineColor": "rgb(31, 120, 193)",
        "show": true
      },
      "tableColumn": "",
      "targets": [
        {
          "alias": "Free mem",
          "dimensions": {
            "DBInstanceIdentifier": "$dbname"
          },
          "dsType": null,
          "expression": "",
          "groupBy": [
            {
              "params": [
                "$interval"
              ],
              "type": "time"
            },
            {
              "params": [
                "none"
              ],
              "type": "fill"
            }
          ],
          "highResolution": false,
          "id": "",
          "measurement": "table_bloat_approx_summary",
          "metricName": "FreeableMemory",
          "namespace": "AWS/RDS",
          "orderByTime": "ASC",
          "period": "600",
          "policy": "default",
          "query": "SELECT \"load_5\"  FROM \"db_stats\" WHERE \"dbname\" =~ /^$dbname$/ AND $timeFilter GROUP BY time(1h) fill(none)",
          "rawQuery": false,
          "refId": "A",
          "region": "$region",
          "resultFormat": "time_series",
          "returnData": false,
          "select": [
            [
              {
                "params": [
                  "approx_free_space_b"
                ],
                "type": "field"
              },
              {
                "params": [],
                "type": "mean"
              }
            ]
          ],
          "statistics": [
            "Average"
          ],
          "tags": [
            {
              "key": "dbname",
              "operator": "=~",
              "value": "/^$dbname$/"
            }
          ]
        }
      ],
      "thresholds": "",
      "timeFrom": "6h",
      "timeShift": null,
      "title": "Free RAM",
      "type": "singlestat",
      "valueFontSize": "80%",
      "valueMaps": [
        {
          "op": "=",
          "text": "N/A",
          "value": "null"
        }
      ],
      "valueName": "current"
    },
    {
      "cacheTimeout": null,
      "colorBackground": false,
      "colorValue": false,
      "colors": [
        "rgba(245, 54, 54, 0.9)",
        "rgba(237, 129, 40, 0.89)",
        "rgba(50, 172, 45, 0.97)"
      ],
      "datasource": "aws",
      "decimals": 1,
      "description": "The amount of available storage space.",
      "editable": true,
      "error": false,
      "format": "bytes",
      "gauge": {
        "maxValue": 100,
        "minValue": 0,
        "show": false,
        "thresholdLabels": false,
        "thresholdMarkers": true
      },
      "gridPos": {
        "h": 4,
        "w": 4,
        "x": 20,
        "y": 0
      },
      "height": "150",
      "id": 6,
      "interval": null,
      "links": [],
      "mappingType": 1,
      "mappingTypes": [
        {
          "name": "value to text",
          "value": 1
        },
        {
          "name": "range to text",
          "value": 2
        }
      ],
      "maxDataPoints": 100,
      "nullPointMode": "connected",
      "nullText": null,
      "postfix": " ",
      "postfixFontSize": "50%",
      "prefix": "",
      "prefixFontSize": "50%",
      "rangeMaps": [
        {
          "from": "null",
          "text": "N/A",
          "to": "null"
        }
      ],
      "sparkline": {
        "fillColor": "rgba(31, 118, 189, 0.18)",
        "full": true,
        "lineColor": "rgb(31, 120, 193)",
        "show": true
      },
      "tableColumn": "",
      "targets": [
        {
          "alias": "Free storage",
          "dimensions": {
            "DBInstanceIdentifier": "$dbname"
          },
          "dsType": null,
          "expression": "",
          "groupBy": [
            {
              "params": [
                "$interval"
              ],
              "type": "time"
            },
            {
              "params": [
                "none"
              ],
              "type": "fill"
            }
          ],
          "highResolution": false,
          "id": "",
          "measurement": "cpu_load",
          "metricName": "FreeStorageSpace",
          "namespace": "AWS/RDS",
          "orderByTime": "ASC",
          "period": "1800",
          "policy": "default",
          "query": "SELECT \"load_5\"  FROM \"db_stats\" WHERE \"dbname\" =~ /^$dbname$/ AND $timeFilter GROUP BY time(1h) fill(none)",
          "rawQuery": false,
          "refId": "A",
          "region": "$region",
          "resultFormat": "time_series",
          "returnData": false,
          "select": [
            [
              {
                "params": [
                  "load_5min"
                ],
                "type": "field"
              },
              {
                "params": [],
                "type": "mean"
              }
            ]
          ],
          "statistics": [
            "Average"
          ],
          "tags": [
            {
              "key": "dbname",
              "operator": "=~",
              "value": "/^$dbname$/"
            }
          ]
        }
      ],
      "thresholds": "",
      "timeFrom": "6h",
      "timeShift": null,
      "title": "Free disk",
      "type": "singlestat",
      "valueFontSize": "80%",
      "valueMaps": [
        {
          "op": "=",
          "text": "N/A",
          "value": "null"
        }
      ],
      "valueName": "current"
    },
    {
      "aliasColors": {},
      "bars": false,
      "dashLength": 10,
      "dashes": false,
      "datasource": "aws",
      "decimals": 1,
      "description": "Credit balance/usage apply only to T2 instances",
      "editable": true,
      "error": false,
      "fill": 1,
      "grid": {},
      "gridPos": {
        "h": 7,
        "w": 12,
        "x": 0,
        "y": 4
      },
      "id": 7,
      "legend": {
        "alignAsTable": false,
        "avg": true,
        "current": false,
        "max": false,
        "min": false,
        "show": true,
        "total": false,
        "values": true
      },
      "lines": true,
      "linewidth": 2,
      "links": [],
      "nullPointMode": "connected",
      "percentage": false,
      "pointradius": 5,
      "points": false,
      "renderer": "flot",
      "seriesOverrides": [
        {
          "alias": "db_stats.mean",
          "yaxis": 2
        },
        {
          "alias": "DB size",
          "yaxis": 2
        },
        {
          "alias": "blk_read_time",
          "yaxis": 2
        },
        {
          "alias": "blk_write_time",
          "yaxis": 2
        },
        {
          "alias": "CPU credit usage",
          "yaxis": 2
        },
        {
          "alias": "CPU credit balance",
          "yaxis": 2
        }
      ],
      "spaceLength": 10,
      "stack": false,
      "steppedLine": false,
      "targets": [
        {
          "alias": "CPU load",
          "dimensions": {
            "DBInstanceIdentifier": "$dbname"
          },
          "expression": "",
          "highResolution": false,
          "id": "",
          "metricName": "CPUUtilization",
          "namespace": "AWS/RDS",
          "period": "300",
          "refId": "B",
          "region": "$region",
          "returnData": false,
          "statistics": [
            "Average"
          ]
        },
        {
          "alias": "CPU credit balance",
          "dimensions": {
            "DBInstanceIdentifier": "$dbname"
          },
          "expression": "",
          "highResolution": false,
          "id": "",
          "metricName": "CPUCreditBalance",
          "namespace": "AWS/RDS",
          "period": "300",
          "refId": "A",
          "region": "$region",
          "returnData": false,
          "statistics": [
            "Average"
          ]
        },
        {
          "alias": "CPU credit usage",
          "dimensions": {
            "DBInstanceIdentifier": "$dbname"
          },
          "expression": "",
          "highResolution": false,
          "id": "",
          "metricName": "CPUCreditUsage",
          "namespace": "AWS/RDS",
          "period": "300",
          "refId": "C",
          "region": "$region",
          "returnData": false,
          "statistics": [
            "Average"
          ]
        }
      ],
      "thresholds": [],
      "timeFrom": null,
      "timeRegions": [],
      "timeShift": null,
      "title": "CPU details",
      "tooltip": {
        "msResolution": false,
        "shared": true,
        "sort": 0,
        "value_type": "cumulative"
      },
      "type": "graph",
      "xaxis": {
        "buckets": null,
        "mode": "time",
        "name": null,
        "show": true,
        "values": []
      },
      "yaxes": [
        {
          "decimals": 1,
          "format": "percent",
          "label": null,
          "logBase": 1,
          "max": null,
          "min": 0,
          "show": true
        },
        {
          "decimals": 0,
          "format": "none",
          "label": null,
          "logBase": 1,
          "max": null,
          "min": "0",
          "show": true
        }
      ],
      "yaxis": {
        "align": false,
        "alignLevel": null
      }
    },
    {
      "aliasColors": {
        "IO queue depth": "#bf1b00",
        "TX rollback ratio": "#890F02"
      },
      "bars": false,
      "dashLength": 10,
      "dashes": false,
      "datasource": "aws",
      "decimals": 1,
      "editable": true,
      "error": false,
      "fill": 1,
      "grid": {},
      "gridPos": {
        "h": 7,
        "w": 12,
        "x": 12,
        "y": 4
      },
      "id": 8,
      "legend": {
        "alignAsTable": false,
        "avg": true,
        "current": false,
        "max": false,
        "min": false,
        "show": true,
        "total": false,
        "values": true
      },
      "lines": true,
      "linewidth": 2,
      "links": [],
      "nullPointMode": "connected",
      "percentage": false,
      "pointradius": 5,
      "points": false,
      "renderer": "flot",
      "seriesOverrides": [
        {
          "alias": "IO queue depth",
          "yaxis": 2
        }
      ],
      "spaceLength": 10,
      "stack": false,
      "steppedLine": false,
      "targets": [
        {
          "alias": "Write ops/s",
          "dimensions": {
            "DBInstanceIdentifier": "$dbname"
          },
          "expression": "",
          "highResolution": false,
          "id": "",
          "metricName": "WriteIOPS",
          "namespace": "AWS/RDS",
          "period": "300",
          "refId": "A",
          "region": "$region",
          "returnData": false,
          "statistics": [
            "Average"
          ]
        },
        {
          "alias": "Read ops/s",
          "dimensions": {
            "DBInstanceIdentifier": "$dbname"
          },
          "expression": "",
          "highResolution": false,
          "id": "",
          "metricName": "ReadIOPS",
          "namespace": "AWS/RDS",
          "period": "300",
          "refId": "B",
          "region": "$region",
          "returnData": false,
          "statistics": [
            "Average"
          ]
        },
        {
          "alias": "IO queue depth",
          "dimensions": {
            "DBInstanceIdentifier": "$dbname"
          },
          "expression": "",
          "highResolution": false,
          "id": "",
          "metricName": "DiskQueueDepth",
          "namespace": "AWS/RDS",
          "period": "300",
          "refId": "C",
          "region": "$region",
          "returnData": false,
          "statistics": [
            "Average"
          ]
        }
      ],
      "thresholds": [],
      "timeFrom": null,
      "timeRegions": [],
      "timeShift": null,
      "title": "IOPS details",
      "tooltip": {
        "msResolution": false,
        "shared": true,
        "sort": 0,
        "value_type": "cumulative"
      },
      "type": "graph",
      "xaxis": {
        "buckets": null,
        "mode": "time",
        "name": null,
        "show": true,
        "values": []
      },
      "yaxes": [
        {
          "decimals": 0,
          "format": "none",
          "label": null,
          "logBase": 1,
          "max": null,
          "min": null,
          "show": true
        },
        {
          "decimals": 1,
          "format": "short",
          "label": "",
          "logBase": 1,
          "max": null,
          "min": null,
          "show": true
        }
      ],
      "yaxis": {
        "align": false,
        "alignLevel": null
      }
    },
    {
      "aliasColors": {
        "#Backends": "#F9E2D2",
        "Deadlocks (1h rate)": "#BF1B00"
      },
      "bars": false,
      "dashLength": 10,
      "dashes": false,
      "datasource": "aws",
      "decimals": 1,
      "editable": true,
      "error": false,
      "fill": 1,
      "grid": {},
      "gridPos": {
        "h": 7,
        "w": 12,
        "x": 0,
        "y": 11
      },
      "id": 9,
      "legend": {
        "avg": true,
        "current": false,
        "max": false,
        "min": false,
        "show": true,
        "total": false,
        "values": true
      },
      "lines": true,
      "linewidth": 2,
      "links": [],
      "nullPointMode": "connected",
      "percentage": false,
      "pointradius": 5,
      "points": false,
      "renderer": "flot",
      "seriesOverrides": [
        {
          "alias": "Deadlocks (1h rate)",
          "yaxis": 1
        },
        {
          "alias": "Temp bytes written",
          "yaxis": 2
        },
        {
          "alias": "Free RAM",
          "yaxis": 2
        }
      ],
      "spaceLength": 10,
      "stack": false,
      "steppedLine": false,
      "targets": [
        {
          "alias": "Free disk space",
          "dimensions": {
            "DBInstanceIdentifier": "$dbname"
          },
          "expression": "",
          "highResolution": false,
          "id": "",
          "metricName": "FreeStorageSpace",
          "namespace": "AWS/RDS",
          "period": "300",
          "refId": "B",
          "region": "$region",
          "returnData": false,
          "statistics": [
            "Average"
          ]
        },
        {
          "alias": "WAL size",
          "dimensions": {
            "DBInstanceIdentifier": "$dbname"
          },
          "expression": "",
          "highResolution": false,
          "id": "",
          "metricName": "TransactionLogsDiskUsage",
          "namespace": "AWS/RDS",
          "period": "300",
          "refId": "C",
          "region": "$region",
          "returnData": false,
          "statistics": [
            "Average"
          ]
        },
        {
          "alias": "Free RAM",
          "dimensions": {
            "DBInstanceIdentifier": "$dbname"
          },
          "expression": "",
          "highResolution": false,
          "id": "",
          "metricName": "FreeableMemory",
          "namespace": "AWS/RDS",
          "period": "300",
          "refId": "A",
          "region": "$region",
          "returnData": false,
          "statistics": [
            "Average"
          ]
        }
      ],
      "thresholds": [],
      "timeFrom": null,
      "timeRegions": [],
      "timeShift": null,
      "title": "Disk/RAM details",
      "tooltip": {
        "msResolution": false,
        "shared": true,
        "sort": 0,
        "value_type": "cumulative"
      },
      "type": "graph",
      "xaxis": {
        "buckets": null,
        "mode": "time",
        "name": null,
        "show": true,
        "values": []
      },
      "yaxes": [
        {
          "decimals": 0,
          "format": "bytes",
          "label": null,
          "logBase": 1,
          "max": null,
          "min": null,
          "show": true
        },
        {
          "decimals": 0,
          "format": "bytes",
          "label": null,
          "logBase": 1,
          "max": null,
          "min": null,
          "show": true
        }
      ],
      "yaxis": {
        "align": false,
        "alignLevel": null
      }
    },
    {
      "aliasColors": {
        "DB Size": "#2F575E",
        "WAL rate": "#0A50A1"
      },
      "bars": false,
      "dashLength": 10,
      "dashes": false,
      "datasource": "aws",
      "decimals": 1,
      "editable": true,
      "error": false,
      "fill": 1,
      "grid": {},
      "gridPos": {
        "h": 7,
        "w": 12,
        "x": 12,
        "y": 11
      },
      "height": "",
      "id": 10,
      "legend": {
        "alignAsTable": false,
        "avg": true,
        "current": false,
        "max": false,
        "min": false,
        "show": true,
        "total": false,
        "values": true
      },
      "lines": true,
      "linewidth": 2,
      "links": [],
      "nullPointMode": "connected",
      "percentage": false,
      "pointradius": 5,
      "points": false,
      "renderer": "flot",
      "seriesOverrides": [
        {
          "alias": "WAL rate (bytes/h)",
          "yaxis": 2
        },
        {
          "alias": "DB Size",
          "yaxis": 2
        },
        {
          "alias": "WAL bytes/s",
          "yaxis": 1
        }
      ],
      "spaceLength": 10,
      "stack": false,
      "steppedLine": false,
      "targets": [
        {
          "alias": "Write bytes/s",
          "dimensions": {
            "DBInstanceIdentifier": "$dbname"
          },
          "dsType": null,
          "expression": "",
          "groupBy": [
            {
              "params": [
                "$__interval"
              ],
              "type": "time"
            },
            {
              "params": [
                "null"
              ],
              "type": "fill"
            }
          ],
          "highResolution": false,
          "id": "",
          "metricName": "WriteThroughput",
          "namespace": "AWS/RDS",
          "orderByTime": "ASC",
          "period": "300",
          "policy": "default",
          "refId": "A",
          "region": "$region",
          "resultFormat": "time_series",
          "returnData": false,
          "select": [
            [
              {
                "params": [
                  "value"
                ],
                "type": "field"
              },
              {
                "params": [],
                "type": "mean"
              }
            ]
          ],
          "statistics": [
            "Average"
          ],
          "tags": []
        },
        {
          "alias": "Read bytes/s",
          "dimensions": {
            "DBInstanceIdentifier": "$dbname"
          },
          "dsType": null,
          "expression": "",
          "groupBy": [
            {
              "params": [
                "$__interval"
              ],
              "type": "time"
            },
            {
              "params": [
                "null"
              ],
              "type": "fill"
            }
          ],
          "highResolution": false,
          "id": "",
          "metricName": "ReadThroughput",
          "namespace": "AWS/RDS",
          "orderByTime": "ASC",
          "period": "300",
          "policy": "default",
          "refId": "B",
          "region": "$region",
          "resultFormat": "time_series",
          "returnData": false,
          "select": [
            [
              {
                "params": [
                  "value"
                ],
                "type": "field"
              },
              {
                "params": [],
                "type": "mean"
              }
            ]
          ],
          "statistics": [
            "Average"
          ],
          "tags": []
        },
        {
          "alias": "WAL bytes/s",
          "dimensions": {
            "DBInstanceIdentifier": "$dbname"
          },
          "dsType": null,
          "expression": "",
          "groupBy": [
            {
              "params": [
                "$__interval"
              ],
              "type": "time"
            },
            {
              "params": [
                "null"
              ],
              "type": "fill"
            }
          ],
          "highResolution": false,
          "id": "",
          "metricName": "TransactionLogsGeneration",
          "namespace": "AWS/RDS",
          "orderByTime": "ASC",
          "period": "300",
          "policy": "default",
          "refId": "C",
          "region": "$region",
          "resultFormat": "time_series",
          "returnData": false,
          "select": [
            [
              {
                "params": [
                  "value"
                ],
                "type": "field"
              },
              {
                "params": [],
                "type": "mean"
              }
            ]
          ],
          "statistics": [
            "Average"
          ],
          "tags": []
        }
      ],
      "thresholds": [],
      "timeFrom": null,
      "timeRegions": [],
      "timeShift": null,
      "title": "IO throughput",
      "tooltip": {
        "msResolution": false,
        "shared": true,
        "sort": 0,
        "value_type": "cumulative"
      },
      "type": "graph",
      "xaxis": {
        "buckets": null,
        "mode": "time",
        "name": null,
        "show": true,
        "values": []
      },
      "yaxes": [
        {
          "decimals": 0,
          "format": "Bps",
          "label": null,
          "logBase": 1,
          "max": null,
          "min": null,
          "show": true
        },
        {
          "decimals": 0,
          "format": "Bps",
          "label": null,
          "logBase": 1,
          "max": null,
          "min": null,
          "show": true
        }
      ],
      "yaxis": {
        "align": false,
        "alignLevel": null
      }
    },
    {
      "aliasColors": {},
      "bars": false,
      "dashLength": 10,
      "dashes": false,
      "datasource": "aws",
      "fill": 1,
      "gridPos": {
        "h": 7,
        "w": 12,
        "x": 0,
        "y": 18
      },
      "id": 15,
      "legend": {
        "avg": false,
        "current": false,
        "max": false,
        "min": false,
        "show": true,
        "total": false,
        "values": false
      },
      "lines": true,
      "linewidth": 1,
      "links": [],
      "nullPointMode": "null",
      "percentage": false,
      "pointradius": 5,
      "points": false,
      "renderer": "flot",
      "seriesOverrides": [],
      "spaceLength": 10,
      "stack": false,
      "steppedLine": false,
      "targets": [
        {
          "alias": "Connections",
          "dimensions": {
            "DBInstanceIdentifier": "$dbname"
          },
          "expression": "",
          "highResolution": false,
          "id": "",
          "metricName": "DatabaseConnections",
          "namespace": "AWS/RDS",
          "period": "300",
          "refId": "B",
          "region": "$region",
          "returnData": false,
          "statistics": [
            "Average"
          ]
        }
      ],
      "thresholds": [],
      "timeFrom": null,
      "timeRegions": [],
      "timeShift": null,
      "title": "Connections",
      "tooltip": {
        "shared": true,
        "sort": 0,
        "value_type": "individual"
      },
      "type": "graph",
      "xaxis": {
        "buckets": null,
        "mode": "time",
        "name": null,
        "show": true,
        "values": []
      },
      "yaxes": [
        {
          "format": "short",
          "label": null,
          "logBase": 1,
          "max": null,
          "min": null,
          "show": true
        },
        {
          "format": "short",
          "label": null,
          "logBase": 1,
          "max": null,
          "min": null,
          "show": true
        }
      ],
      "yaxis": {
        "align": false,
        "alignLevel": null
      }
    },
    {
      "aliasColors": {},
      "bars": false,
      "dashLength": 10,
      "dashes": false,
      "datasource": "aws",
      "description": "For replicas only!",
      "fill": 1,
      "gridPos": {
        "h": 7,
        "w": 12,
        "x": 12,
        "y": 18
      },
      "id": 16,
      "legend": {
        "avg": false,
        "current": false,
        "max": false,
        "min": false,
        "show": true,
        "total": false,
        "values": false
      },
      "lines": true,
      "linewidth": 1,
      "links": [],
      "nullPointMode": "null",
      "percentage": false,
      "pointradius": 5,
      "points": false,
      "renderer": "flot",
      "seriesOverrides": [],
      "spaceLength": 10,
      "stack": false,
      "steppedLine": false,
      "targets": [
        {
          "alias": "Replication lag",
          "dimensions": {
            "DBInstanceIdentifier": "$dbname"
          },
          "expression": "",
          "highResolution": false,
          "id": "",
          "metricName": "ReplicaLag",
          "namespace": "AWS/RDS",
          "period": "300",
          "refId": "B",
          "region": "$region",
          "returnData": false,
          "statistics": [
            "Average"
          ]
        }
      ],
      "thresholds": [],
      "timeFrom": null,
      "timeRegions": [],
      "timeShift": null,
      "title": "Replication lag",
      "tooltip": {
        "shared": true,
        "sort": 0,
        "value_type": "individual"
      },
      "type": "graph",
      "xaxis": {
        "buckets": null,
        "mode": "time",
        "name": null,
        "show": true,
        "values": []
      },
      "yaxes": [
        {
          "decimals": 0,
          "format": "s",
          "label": null,
          "logBase": 1,
          "max": null,
          "min": "0",
          "show": true
        },
        {
          "format": "short",
          "label": null,
          "logBase": 1,
          "max": null,
          "min": null,
          "show": false
        }
      ],
      "yaxis": {
        "align": false,
        "alignLevel": null
      }
    },
    {
      "content": "Brought to you by: <a href=\"https://www.cybertec-postgresql.com/en/\"><img src=\"https://www.cybertec-postgresql.com/wp-content/uploads/2020/11/CYBERTEC_RGB_300x80px.png\" alt=\"Cybertec – The PostgreSQL Database Company\"></a>",
      "editable": true,
      "error": false,
      "gridPos": {
        "h": 7,
        "w": 12,
        "x": 0,
        "y": 25
      },
      "id": 14,
      "links": [],
      "mode": "html",
      "title": "",
      "transparent": true,
      "type": "text"
    }
  ],
  "schemaVersion": 18,
  "style": "dark",
  "tags": [
    "pgwatch2"
  ],
  "templating": {
    "list": [
      {
        "allValue": null,
        "current": {
          "text": null,
          "value": null
        },
        "datasource": "aws",
        "definition": "",
        "hide": 0,
        "includeAll": false,
        "label": null,
        "multi": false,
        "name": "region",
        "options": [],
        "query": "regions()",
        "refresh": 1,
        "regex": "",
        "skipUrlSync": false,
        "sort": 2,
        "tagValuesQuery": "",
        "tags": [],
        "tagsQuery": "",
        "type": "query",
        "useTags": false
      },
      {
        "allValue": null,
        "current": {
          "text": null,
          "value": null
        },
        "datasource": "aws",
        "definition": "",
        "hide": 0,
        "includeAll": false,
        "label": null,
        "multi": false,
        "name": "dbname",
        "options": [],
        "query": "dimension_values($region,AWS/RDS,CPUUtilization,DBInstanceIdentifier)",
        "refresh": 1,
        "regex": "",
        "skipUrlSync": false,
        "sort": 0,
        "tagValuesQuery": "",
        "tags": [],
        "tagsQuery": "",
        "type": "query",
        "useTags": false
      }
    ]
  },
  "time": {
    "from": "now-6h",
    "to": "now"
  },
  "timepicker": {
    "refresh_intervals": [
      "5s",
      "10s",
      "30s",
      "1m",
      "5m",
      "15m",
      "30m",
      "1h",
      "2h",
      "1d"
    ],
    "time_options": [
      "5m",
      "15m",
      "1h",
      "6h",
      "12h",
      "24h",
      "2d",
      "7d",
      "30d"
    ]
  },
  "timezone": "browser",
  "title": "AWS CloudWatch overview",
  "uid": "aws-cloudwatch",
  "version": 1
}