{
  "annotations": {
    "list": [
      {
        "builtIn": 1,
        "datasource": {
          "type": "datasource",
          "uid": "grafana"
        },
        "enable": true,
        "hide": true,
        "iconColor": "rgba(0, 211, 255, 1)",
        "name": "Annotations & Alerts",
        "target": {
          "limit": 100,
          "matchAny": false,
          "tags": [],
          "type": "dashboard"
        },
        "type": "dashboard"
      }
    ]
  },
  "description": "Depends on the \"Heatmap\" plugin. Based on latest \"table/index_stats\" data",
  "editable": true,
  "fiscalYearStartMonth": 0,
  "graphTooltip": 0,
  "id": null,
  "iteration": 1703497578925,
  "links": [],
  "liveNow": false,
  "panels": [
    {
      "datasource": {
        "type": "postgres"
      },
      "description": "",
      "fieldConfig": {
        "defaults": {
          "color": {
            "mode": "continuous-GrYlRd"
          },
          "custom": {
            "separator": "."
          },
          "mappings": [],
          "thresholds": {
            "mode": "absolute",
            "steps": [
              {
                "color": "green",
                "value": null
              }
            ]
          },
          "unit": "bytes"
        },
        "overrides": []
      },
      "gridPos": {
        "h": 10,
        "w": 24,
        "x": 0,
        "y": 0
      },
      "id": 3,
      "links": [],
      "maxDataPoints": 100,
      "options": {
        "sizeField": "total_relation_size_b",
        "textField": "table_name",
        "tiling": "treemapSquarify"
      },
      "targets": [
        {
          "alias": "$tag_table_name",
          "datasource": {
            "type": "postgres"
          },
          "format": "table",
          "group": [],
          "groupBy": [
            {
              "params": [
                "$__interval"
              ],
              "type": "time"
            },
            {
              "params": [
                "null"
              ],
              "type": "fill"
            }
          ],
          "metricColumn": "none",
          "orderByTime": "ASC",
          "policy": "default",
          "rawQuery": true,
          "rawSql": "SELECT\n  time,\n  (data->'total_relation_size_b')::int8 as total_relation_size_b,\n  tag_data->>'table_full_name'::text as table_name\nFROM\n  table_stats\nWHERE\n  time = (select max(time) from table_stats WHERE dbname = '$dbname' AND $__timeFilter(time))\n  AND dbname = '$dbname'\nORDER BY\n  2 DESC NULLS LAST\nLIMIT 100",
          "refId": "A",
          "resultFormat": "time_series",
          "select": [
            [
              {
                "params": [
                  "value"
                ],
                "type": "field"
              },
              {
                "params": [],
                "type": "mean"
              }
            ]
          ],
          "tags": [],
          "timeColumn": "time",
          "where": [
            {
              "name": "$__timeFilter",
              "params": [],
              "type": "macro"
            }
          ]
        }
      ],
      "title": "Biggest by total relation size",
      "type": "marcusolsson-treemap-panel"
    },
    {
      "datasource": {
        "type": "postgres"
      },
      "description": "",
      "fieldConfig": {
        "defaults": {
          "color": {
            "mode": "continuous-GrYlRd"
          },
          "custom": {
            "separator": "."
          },
          "mappings": [],
          "thresholds": {
            "mode": "absolute",
            "steps": [
              {
                "color": "green",
                "value": null
              }
            ]
          },
          "unit": "bytes"
        },
        "overrides": []
      },
      "gridPos": {
        "h": 12,
        "w": 24,
        "x": 0,
        "y": 10
      },
      "id": 1,
      "links": [],
      "maxDataPoints": 100,
      "options": {
        "sizeField": "table_size_b",
        "textField": "table_name",
        "tiling": "treemapSquarify"
      },
      "targets": [
        {
          "alias": "$tag_table_name",
          "datasource": {
            "type": "postgres"
          },
          "format": "table",
          "group": [],
          "groupBy": [
            {
              "params": [
                "1h"
              ],
              "type": "time"
            },
            {
              "params": [
                "table_full_name"
              ],
              "type": "tag"
            },
            {
              "params": [
                "none"
              ],
              "type": "fill"
            }
          ],
          "measurement": "table_stats",
          "metricColumn": "none",
          "orderByTime": "ASC",
          "policy": "default",
          "rawQuery": true,
          "rawSql": "SELECT\n  0 as time,\n  (data->'table_size_b')::int8 + coalesce((data->'toast_size_b')::int8, 0) as table_size_b,\n  tag_data->>'table_full_name' as table_name\nFROM\n  table_stats\nWHERE\n  time = (select max(time) from table_stats WHERE dbname = '$dbname' AND $__timeFilter(time))\n  AND dbname = '$dbname'\nORDER BY\n  2 DESC NULLS LAST\nLIMIT 100",
          "refId": "A",
          "resultFormat": "time_series",
          "select": [
            [
              {
                "params": [
                  "total_relation_size_b"
                ],
                "type": "field"
              },
              {
                "params": [],
                "type": "mean"
              }
            ]
          ],
          "tags": [
            {
              "key": "dbname",
              "operator": "=",
              "value": "$dbname"
            }
          ],
          "timeColumn": "time",
          "where": [
            {
              "name": "$__timeFilter",
              "params": [],
              "type": "macro"
            }
          ]
        }
      ],
      "title": "Biggest tables (w/o indexes)",
      "type": "marcusolsson-treemap-panel"
    },
    {
      "datasource": {
        "type": "postgres"
      },
      "description": "",
      "fieldConfig": {
        "defaults": {
          "color": {
            "mode": "continuous-GrYlRd"
          },
          "custom": {
            "separator": "."
          },
          "mappings": [],
          "thresholds": {
            "mode": "absolute",
            "steps": [
              {
                "color": "green",
                "value": null
              }
            ]
          },
          "unit": "bytes"
        },
        "overrides": []
      },
      "gridPos": {
        "h": 7,
        "w": 24,
        "x": 0,
        "y": 22
      },
      "id": 2,
      "links": [],
      "maxDataPoints": 100,
      "options": {
        "sizeField": "index_size_b",
        "textField": "index_full_name",
        "tiling": "treemapSquarify"
      },
      "targets": [
        {
          "alias": "$tag_index_name",
          "datasource": {
            "type": "postgres"
          },
          "format": "table",
          "group": [],
          "groupBy": [
            {
              "params": [
                "$__interval"
              ],
              "type": "time"
            },
            {
              "params": [
                "null"
              ],
              "type": "fill"
            }
          ],
          "metricColumn": "none",
          "orderByTime": "ASC",
          "policy": "default",
          "rawQuery": true,
          "rawSql": "SELECT\n  0 as time,\n  (data->'index_size_b')::int8 as index_size_b,\n  tag_data->>'index_full_name' as index_full_name\nFROM\n  index_stats\nWHERE\n  time = (select max(time) from index_stats WHERE dbname = '$dbname' AND $__timeFilter(time))\n  AND dbname = '$dbname'\nORDER BY\n  2 DESC NULLS LAST\nLIMIT 100",
          "refId": "A",
          "resultFormat": "time_series",
          "select": [
            [
              {
                "params": [
                  "value"
                ],
                "type": "field"
              },
              {
                "params": [],
                "type": "mean"
              }
            ]
          ],
          "tags": [],
          "timeColumn": "time",
          "where": [
            {
              "name": "$__timeFilter",
              "params": [],
              "type": "macro"
            }
          ]
        }
      ],
      "title": "Biggest indexes",
      "type": "marcusolsson-treemap-panel"
    },
    {
      "datasource": {
        "type": "postgres"
      },
      "editable": true,
      "error": false,
      "gridPos": {
        "h": 7,
        "w": 24,
        "x": 0,
        "y": 29
      },
      "id": 4,
      "links": [],
      "options": {
        "content": "Brought to you by: <a href=\"https://www.cybertec-postgresql.com/en/\"><img src=\"https://www.cybertec-postgresql.com/wp-content/uploads/2020/11/CYBERTEC_RGB_300x80px.png\" alt=\"Cybertec – The PostgreSQL Database Company\"></a>",
        "mode": "html"
      },
      "pluginVersion": "8.5.20",
      "transparent": true,
      "type": "text"
    }
  ],
  "refresh": "1m",
  "schemaVersion": 36,
  "style": "dark",
  "tags": [
    "pgwatch2"
  ],
  "templating": {
    "list": [
      {
        "current": {},
        "datasource": {
          "type": "postgres"
        },
        "definition": "",
        "hide": 0,
        "includeAll": false,
        "multi": false,
        "name": "dbname",
        "options": [],
        "query": "SELECT DISTINCT dbname FROM admin.all_distinct_dbname_metrics WHERE metric = 'table_stats' ORDER BY 1;",
        "refresh": 1,
        "regex": "",
        "skipUrlSync": false,
        "sort": 0,
        "tagValuesQuery": "",
        "tagsQuery": "",
        "type": "query",
        "useTags": false
      }
    ]
  },
  "time": {
    "from": "now-3h",
    "to": "now"
  },
  "timepicker": {
    "refresh_intervals": [
      "5s",
      "10s",
      "30s",
      "1m",
      "5m",
      "15m",
      "30m",
      "1h",
      "2h",
      "1d"
    ],
    "time_options": [
      "5m",
      "15m",
      "1h",
      "6h",
      "12h",
      "24h",
      "2d",
      "7d",
      "30d"
    ]
  },
  "timezone": "",
  "title": "Biggest relations treemap",
  "uid": "biggest-relations",
  "version": 1,
  "weekStart": ""
}