{
  "annotations": {
    "list": [
      {
        "builtIn": 1,
        "datasource": "-- Grafana --",
        "enable": true,
        "hide": true,
        "iconColor": "rgba(0, 211, 255, 1)",
        "name": "Annotations & Alerts",
        "type": "dashboard"
      },
      {
        "datasource": null,
        "enable": true,
        "iconColor": "rgba(255, 96, 96, 1)",
        "limit": 100,
        "name": "changes summary",
        "query": "select details from object_changes where $timeFilter AND dbname = '$dbname'",
        "rawQuery": "SELECT\n  time,\n  data->>'details' as text\nFROM\n  object_changes\nWHERE\n  $__timeFilter(time)\n  AND dbname = '$dbname'\n",
        "showIn": 0,
        "type": "alert"
      }
    ]
  },
  "description": "use change_events metric for capturing table/index/sproc/postgresql.conf changes",
  "editable": true,
  "gnetId": null,
  "graphTooltip": 0,
  "id": null,
  "links": [],
  "panels": [
    {
      "aliasColors": {
        "Rollback ratio": "#BF1B00"
      },
      "bars": false,
      "dashLength": 10,
      "dashes": false,
      "datasource": null,
      "decimals": 1,
      "description": "If there are no vertical red stripes then no changes were detected for that time period",
      "fill": 1,
      "gridPos": {
        "h": 7,
        "w": 24,
        "x": 0,
        "y": 0
      },
      "id": 1,
      "interval": "5m",
      "legend": {
        "avg": true,
        "current": false,
        "max": false,
        "min": false,
        "show": true,
        "total": false,
        "values": true
      },
      "lines": true,
      "linewidth": 1,
      "links": [],
      "nullPointMode": "null",
      "percentage": false,
      "pointradius": 5,
      "points": false,
      "renderer": "flot",
      "seriesOverrides": [
        {
          "alias": "rollback ratio",
          "yaxis": 2
        },
        {
          "alias": "Rollback ratio",
          "yaxis": 2
        }
      ],
      "spaceLength": 10,
      "stack": false,
      "steppedLine": false,
      "targets": [
        {
          "alias": "CPU load",
          "dsType": null,
          "format": "time_series",
          "group": [],
          "groupBy": [
            {
              "params": [
                "$__interval"
              ],
              "type": "time"
            },
            {
              "params": [
                "none"
              ],
              "type": "fill"
            }
          ],
          "measurement": "cpu_load",
          "metricColumn": "none",
          "orderByTime": "ASC",
          "policy": "default",
          "query": "",
          "rawQuery": true,
          "rawSql": "SELECT\n  $__timeGroup(time, $__interval),\n  avg((data->'load_5min')::float8) as \"load_5min\"\nFROM\n  cpu_load\nWHERE\n  $__timeFilter(time)\n  AND dbname = '$dbname'\nGROUP BY 1\nORDER BY 1",
          "refId": "A",
          "resultFormat": "time_series",
          "select": [
            []
          ],
          "table": "cpu_load",
          "tags": [
            {
              "key": "dbname",
              "operator": "=~",
              "value": "/^$dbname$/"
            }
          ],
          "timeColumn": "\"time\"",
          "timeColumnType": "timestamptz",
          "where": [
            {
              "name": "$__timeFilter",
              "params": [],
              "type": "macro"
            }
          ]
        },
        {
          "alias": "Rollback ratio",
          "dsType": null,
          "format": "time_series",
          "group": [],
          "groupBy": [
            {
              "params": [
                "auto"
              ],
              "type": "time"
            },
            {
              "params": [
                "none"
              ],
              "type": "fill"
            }
          ],
          "hide": false,
          "measurement": "db_stats",
          "metricColumn": "none",
          "orderByTime": "ASC",
          "policy": "default",
          "rawQuery": true,
          "rawSql": "select\n  $__timeGroup(time, $__interval),\n  avg( case when (xc = xc_lag and xr = xr_lag) then null else ( ((xr - xr_lag)::numeric*100) / ((xc - xc_lag) + (xr - xr_lag)) ) end ) as \"Rollback ratio\"\nfrom (\n  select\n    (data->'xact_rollback')::float8 as xr, lag((data->'xact_rollback')::float8) over w as xr_lag,\n    (data->'xact_commit')::float8 as xc, lag((data->'xact_rollback')::float8) over w as xc_lag,\n    time\n  from db_stats\n    where dbname = '$dbname'\n    and $__timeFilter(time)\n  window w as (order by time)\n) x\nwhere xc >= xc_lag\ngroup by 1\norder by 1\n\n\n\n\n\n",
          "refId": "B",
          "resultFormat": "time_series",
          "select": [
            [
              {
                "params": [
                  "load_5min"
                ],
                "type": "field"
              },
              {
                "params": [],
                "type": "mean"
              }
            ]
          ],
          "tags": [
            {
              "key": "dbname",
              "operator": "=~",
              "value": "/^$dbname$/"
            }
          ],
          "timeColumn": "time",
          "where": [
            {
              "name": "$__timeFilter",
              "params": [],
              "type": "macro"
            }
          ]
        }
      ],
      "thresholds": [],
      "timeFrom": null,
      "timeRegions": [],
      "timeShift": null,
      "title": "DDL / config change events",
      "tooltip": {
        "shared": true,
        "sort": 0,
        "value_type": "individual"
      },
      "type": "graph",
      "xaxis": {
        "buckets": null,
        "mode": "time",
        "name": null,
        "show": true,
        "values": []
      },
      "yaxes": [
        {
          "decimals": 1,
          "format": "short",
          "label": null,
          "logBase": 1,
          "max": null,
          "min": null,
          "show": true
        },
        {
          "decimals": 1,
          "format": "percent",
          "label": null,
          "logBase": 1,
          "max": null,
          "min": "0",
          "show": true
        }
      ],
      "yaxis": {
        "align": false,
        "alignLevel": null
      }
    },
    {
      "columns": [],
      "datasource": null,
      "filterNull": false,
      "fontSize": "100%",
      "gridPos": {
        "h": 5,
        "w": 12,
        "x": 0,
        "y": 7
      },
      "id": 2,
      "links": [],
      "pageSize": null,
      "scroll": true,
      "showHeader": true,
      "sort": {
        "col": 0,
        "desc": true
      },
      "styles": [
        {
          "dateFormat": "YYYY-MM-DD HH:mm:ss",
          "pattern": "Time",
          "type": "date"
        },
        {
          "colorMode": null,
          "colors": [
            "rgba(245, 54, 54, 0.9)",
            "rgba(237, 129, 40, 0.89)",
            "rgba(50, 172, 45, 0.97)"
          ],
          "decimals": 2,
          "pattern": "/.*/",
          "thresholds": [],
          "type": "string",
          "unit": "short"
        }
      ],
      "targets": [
        {
          "dsType": null,
          "format": "table",
          "group": [],
          "groupBy": [
            {
              "params": [
                "1s"
              ],
              "type": "time"
            },
            {
              "params": [
                "none"
              ],
              "type": "fill"
            }
          ],
          "measurement": "object_changes",
          "metricColumn": "none",
          "policy": "default",
          "rawQuery": true,
          "rawSql": "SELECT\n  (date_trunc('minute', time))::time as time,\n  data->>'event' as event,\n  tag_data->>'table' as table\nFROM\n  table_changes\nWHERE\n  $__timeFilter(time)\n  AND dbname = '$dbname'\nORDER BY\n  time",
          "refId": "A",
          "resultFormat": "table",
          "select": [
            [
              {
                "params": [
                  "details"
                ],
                "type": "field"
              },
              {
                "params": [],
                "type": "mean"
              }
            ]
          ],
          "tags": [],
          "timeColumn": "time",
          "where": [
            {
              "name": "$__timeFilter",
              "params": [],
              "type": "macro"
            }
          ]
        }
      ],
      "title": "Table changes",
      "transform": "table",
      "type": "table"
    },
    {
      "columns": [],
      "datasource": null,
      "filterNull": false,
      "fontSize": "100%",
      "gridPos": {
        "h": 5,
        "w": 12,
        "x": 12,
        "y": 7
      },
      "id": 3,
      "links": [],
      "pageSize": null,
      "scroll": true,
      "showHeader": true,
      "sort": {
        "col": 0,
        "desc": true
      },
      "styles": [
        {
          "dateFormat": "YYYY-MM-DD HH:mm:ss",
          "pattern": "Time",
          "type": "date"
        },
        {
          "colorMode": null,
          "colors": [
            "rgba(245, 54, 54, 0.9)",
            "rgba(237, 129, 40, 0.89)",
            "rgba(50, 172, 45, 0.97)"
          ],
          "decimals": 2,
          "pattern": "/.*/",
          "thresholds": [],
          "type": "string",
          "unit": "short"
        }
      ],
      "targets": [
        {
          "dsType": null,
          "format": "table",
          "group": [],
          "groupBy": [
            {
              "params": [
                "1s"
              ],
              "type": "time"
            },
            {
              "params": [
                "none"
              ],
              "type": "fill"
            }
          ],
          "measurement": "object_changes",
          "metricColumn": "none",
          "policy": "default",
          "rawQuery": true,
          "rawSql": "SELECT\n  (date_trunc('minute', time))::time as time,\n  data->>'event' as event,\n  tag_data->>'index' as index,\n  data->>'table' as table\nFROM\n  index_changes\nWHERE\n  $__timeFilter(time)\n  AND dbname = '$dbname'\nORDER BY\n  time",
          "refId": "A",
          "resultFormat": "table",
          "select": [
            [
              {
                "params": [
                  "details"
                ],
                "type": "field"
              },
              {
                "params": [],
                "type": "mean"
              }
            ]
          ],
          "tags": [],
          "timeColumn": "time",
          "where": [
            {
              "name": "$__timeFilter",
              "params": [],
              "type": "macro"
            }
          ]
        }
      ],
      "title": "Index changes",
      "transform": "table",
      "type": "table"
    },
    {
      "columns": [],
      "datasource": null,
      "filterNull": false,
      "fontSize": "100%",
      "gridPos": {
        "h": 5,
        "w": 12,
        "x": 0,
        "y": 12
      },
      "id": 4,
      "links": [],
      "pageSize": null,
      "scroll": true,
      "showHeader": true,
      "sort": {
        "col": 0,
        "desc": true
      },
      "styles": [
        {
          "dateFormat": "YYYY-MM-DD HH:mm:ss",
          "pattern": "Time",
          "type": "date"
        },
        {
          "colorMode": null,
          "colors": [
            "rgba(245, 54, 54, 0.9)",
            "rgba(237, 129, 40, 0.89)",
            "rgba(50, 172, 45, 0.97)"
          ],
          "decimals": 2,
          "pattern": "/.*/",
          "thresholds": [],
          "type": "number",
          "unit": "short"
        }
      ],
      "targets": [
        {
          "dsType": null,
          "format": "table",
          "group": [],
          "groupBy": [
            {
              "params": [
                "$__interval"
              ],
              "type": "time"
            },
            {
              "params": [
                "null"
              ],
              "type": "fill"
            }
          ],
          "metricColumn": "none",
          "policy": "default",
          "rawQuery": true,
          "rawSql": "SELECT\n  time::time,\n  data->>'event' as event,\n  tag_data->>'sproc' as sproc\nFROM\n  sproc_changes\nWHERE\n  $__timeFilter(time)\n  AND dbname = '$dbname'\nORDER BY\n  time",
          "refId": "A",
          "resultFormat": "table",
          "select": [
            [
              {
                "params": [
                  "value"
                ],
                "type": "field"
              },
              {
                "params": [],
                "type": "mean"
              }
            ]
          ],
          "tags": [],
          "timeColumn": "time",
          "where": [
            {
              "name": "$__timeFilter",
              "params": [],
              "type": "macro"
            }
          ]
        }
      ],
      "title": "Sproc changes",
      "transform": "table",
      "type": "table"
    },
    {
      "columns": [],
      "datasource": null,
      "description": "postgresql.conf settings changes",
      "filterNull": false,
      "fontSize": "100%",
      "gridPos": {
        "h": 5,
        "w": 12,
        "x": 12,
        "y": 12
      },
      "id": 5,
      "links": [],
      "pageSize": null,
      "scroll": true,
      "showHeader": true,
      "sort": {
        "col": 0,
        "desc": true
      },
      "styles": [
        {
          "dateFormat": "YYYY-MM-DD HH:mm:ss",
          "pattern": "Time",
          "type": "date"
        },
        {
          "colorMode": null,
          "colors": [
            "rgba(245, 54, 54, 0.9)",
            "rgba(237, 129, 40, 0.89)",
            "rgba(50, 172, 45, 0.97)"
          ],
          "decimals": 2,
          "pattern": "/.*/",
          "thresholds": [],
          "type": "number",
          "unit": "short"
        }
      ],
      "targets": [
        {
          "dsType": null,
          "format": "table",
          "group": [],
          "groupBy": [
            {
              "params": [
                "$__interval"
              ],
              "type": "time"
            },
            {
              "params": [
                "null"
              ],
              "type": "fill"
            }
          ],
          "metricColumn": "none",
          "policy": "default",
          "rawQuery": true,
          "rawSql": "SELECT\n  time::time,\n  tag_data->>'setting' as event,\n  data->>'value' as value\nFROM\n  configuration_changes\nWHERE\n  $__timeFilter(time)\n  AND dbname = '$dbname'\nORDER BY\n  time",
          "refId": "A",
          "resultFormat": "table",
          "select": [
            [
              {
                "params": [
                  "value"
                ],
                "type": "field"
              },
              {
                "params": [],
                "type": "mean"
              }
            ]
          ],
          "tags": [],
          "timeColumn": "time",
          "where": [
            {
              "name": "$__timeFilter",
              "params": [],
              "type": "macro"
            }
          ]
        }
      ],
      "title": "Config changes",
      "transform": "table",
      "type": "table"
    },
    {
      "columns": [],
      "datasource": null,
      "description": "Instance level",
      "fieldConfig": {
        "defaults": {
          "custom": {}
        },
        "overrides": []
      },
      "filterNull": false,
      "fontSize": "100%",
      "gridPos": {
        "h": 5,
        "w": 12,
        "x": 0,
        "y": 17
      },
      "id": 8,
      "links": [],
      "pageSize": null,
      "scroll": true,
      "showHeader": true,
      "sort": {
        "col": 0,
        "desc": true
      },
      "styles": [
        {
          "align": "auto",
          "dateFormat": "YYYY-MM-DD HH:mm:ss",
          "pattern": "Time",
          "type": "date"
        },
        {
          "align": "auto",
          "colorMode": null,
          "colors": [
            "rgba(245, 54, 54, 0.9)",
            "rgba(237, 129, 40, 0.89)",
            "rgba(50, 172, 45, 0.97)"
          ],
          "decimals": 2,
          "pattern": "/.*/",
          "thresholds": [],
          "type": "number",
          "unit": "short"
        }
      ],
      "targets": [
        {
          "dsType": null,
          "format": "table",
          "group": [],
          "groupBy": [
            {
              "params": [
                "$__interval"
              ],
              "type": "time"
            },
            {
              "params": [
                "null"
              ],
              "type": "fill"
            }
          ],
          "metricColumn": "none",
          "policy": "default",
          "rawQuery": true,
          "rawSql": "SELECT\n  (date_trunc('minute', time))::time as time,\n  tag_data->>'role' as role,\n  data->>'event' as event,  \n  data->>'privilege_type' as privilege_type\nFROM\n  privilege_changes\nWHERE\n  $__timeFilter(time)\n  AND dbname = '$dbname'\n  AND (data->>'privilege_type' = 'LOGIN'\n    OR data->>'privilege_type' = 'SUPERUSER') \nORDER BY\n  time, tag_data->>'role', data->>'privilege_type'",
          "refId": "A",
          "resultFormat": "table",
          "select": [
            [
              {
                "params": [
                  "value"
                ],
                "type": "field"
              },
              {
                "params": [],
                "type": "mean"
              }
            ]
          ],
          "tags": [],
          "timeColumn": "time",
          "where": [
            {
              "name": "$__timeFilter",
              "params": [],
              "type": "macro"
            }
          ]
        }
      ],
      "title": "Login and superuser role changes",
      "transform": "table",
      "type": "table"
    },
    {
      "columns": [],
      "datasource": null,
      "description": "Per database",
      "fieldConfig": {
        "defaults": {
          "custom": {}
        },
        "overrides": []
      },
      "filterNull": false,
      "fontSize": "100%",
      "gridPos": {
        "h": 5,
        "w": 12,
        "x": 12,
        "y": 17
      },
      "id": 9,
      "links": [],
      "pageSize": null,
      "scroll": true,
      "showHeader": true,
      "sort": {
        "col": 0,
        "desc": true
      },
      "styles": [
        {
          "align": "auto",
          "dateFormat": "YYYY-MM-DD HH:mm:ss",
          "pattern": "Time",
          "type": "date"
        },
        {
          "align": "auto",
          "colorMode": null,
          "colors": [
            "rgba(245, 54, 54, 0.9)",
            "rgba(237, 129, 40, 0.89)",
            "rgba(50, 172, 45, 0.97)"
          ],
          "decimals": 2,
          "pattern": "/.*/",
          "thresholds": [],
          "type": "number",
          "unit": "short"
        }
      ],
      "targets": [
        {
          "dsType": null,
          "format": "table",
          "group": [],
          "groupBy": [
            {
              "params": [
                "$__interval"
              ],
              "type": "time"
            },
            {
              "params": [
                "null"
              ],
              "type": "fill"
            }
          ],
          "metricColumn": "none",
          "policy": "default",
          "rawQuery": true,
          "rawSql": "SELECT\n  (date_trunc('minute', time))::time as time,\n  tag_data->>'role' as role,\n  data->>'event' as event,  \n  data->>'privilege_type' as privilege_type,\n  tag_data->>'object' as object\nFROM\n  privilege_changes\nWHERE\n  $__timeFilter(time)\n  AND dbname = '$dbname'\n  AND data->>'privilege_type' != 'LOGIN'\n  AND data->>'privilege_type' != 'SUPERUSER'\nORDER BY\n  time, tag_data->>'role', data->>'privilege_type', data->>'object'",
          "refId": "A",
          "resultFormat": "table",
          "select": [
            [
              {
                "params": [
                  "value"
                ],
                "type": "field"
              },
              {
                "params": [],
                "type": "mean"
              }
            ]
          ],
          "tags": [],
          "timeColumn": "time",
          "where": [
            {
              "name": "$__timeFilter",
              "params": [],
              "type": "macro"
            }
          ]
        }
      ],
      "title": "Privilege changes",
      "transform": "table",
      "type": "table"
    },
    {
      "columns": [],
      "datasource": null,
      "fieldConfig": {
        "defaults": {
          "custom": {}
        },
        "overrides": []
      },
      "fontSize": "100%",
      "gridPos": {
        "h": 8,
        "w": 24,
        "x": 0,
        "y": 22
      },
      "id": 7,
      "links": [],
      "pageSize": null,
      "scroll": true,
      "showHeader": true,
      "sort": {
        "col": 1,
        "desc": false
      },
      "styles": [
        {
          "alias": "Time",
          "dateFormat": "YYYY-MM-DD HH:mm:ss",
          "pattern": "Time",
          "type": "date"
        },
        {
          "alias": "",
          "colorMode": null,
          "colors": [
            "rgba(245, 54, 54, 0.9)",
            "rgba(237, 129, 40, 0.89)",
            "rgba(50, 172, 45, 0.97)"
          ],
          "decimals": 2,
          "pattern": "/.*/",
          "thresholds": [],
          "type": "number",
          "unit": "short"
        }
      ],
      "targets": [
        {
          "format": "table",
          "group": [],
          "metricColumn": "none",
          "rawQuery": true,
          "rawSql": "select\n  (select time from settings where $__timeFilter(time) order by time desc limit 1) as \"Time\",\n  key,\n  value::text as value\nfrom (\n  select * from jsonb_each((select data from settings where $__timeFilter(time) order by time desc limit 1))\n) x;",
          "refId": "A",
          "select": [
            [
              {
                "params": [
                  "value"
                ],
                "type": "column"
              }
            ]
          ],
          "timeColumn": "time",
          "where": [
            {
              "name": "$__timeFilter",
              "params": [],
              "type": "macro"
            }
          ]
        }
      ],
      "title": "Settings",
      "transform": "table",
      "type": "table"
    }
  ],
  "refresh": false,
  "schemaVersion": 18,
  "style": "dark",
  "tags": [
    "pgwatch2"
  ],
  "templating": {
    "list": [
      {
        "allValue": null,
        "current": {
          "text": null,
          "value": null
        },
        "datasource": null,
        "definition": "SELECT DISTINCT dbname FROM admin.all_distinct_dbname_metrics ORDER BY 1;",
        "hide": 0,
        "includeAll": false,
        "label": null,
        "multi": false,
        "name": "dbname",
        "options": [],
        "query": "SELECT DISTINCT dbname FROM admin.all_distinct_dbname_metrics ORDER BY 1;",
        "refresh": 1,
        "regex": "",
        "skipUrlSync": false,
        "sort": 0,
        "tagValuesQuery": "",
        "tags": [],
        "tagsQuery": "",
        "type": "query",
        "useTags": false
      }
    ]
  },
  "time": {
    "from": "now-12h",
    "to": "now"
  },
  "timepicker": {
    "refresh_intervals": [
      "5s",
      "10s",
      "30s",
      "1m",
      "5m",
      "15m",
      "30m",
      "1h",
      "2h",
      "1d"
    ],
    "time_options": [
      "5m",
      "15m",
      "1h",
      "6h",
      "12h",
      "24h",
      "2d",
      "7d",
      "30d"
    ]
  },
  "timezone": "browser",
  "title": "Change events",
  "uid": "change-events",
  "version": 1
}
