{
  "annotations": {
    "list": [
      {
        "builtIn": 1,
        "datasource": "-- Grafana --",
        "enable": true,
        "hide": true,
        "iconColor": "rgba(0, 211, 255, 1)",
        "name": "Annotations & Alerts",
        "type": "dashboard"
      }
    ]
  },
  "editable": true,
  "gnetId": null,
  "graphTooltip": 0,
  "id": null,
  "links": [],
  "panels": [
    {
      "aliasColors": {
        "checkpoints_req": "semi-dark-red"
      },
      "bars": false,
      "dashLength": 10,
      "dashes": false,
      "datasource": null,
      "decimals": 1,
      "fill": 1,
      "fillGradient": 0,
      "gridPos": {
        "h": 5,
        "w": 24,
        "x": 0,
        "y": 0
      },
      "hiddenSeries": false,
      "id": 2,
      "legend": {
        "avg": false,
        "current": false,
        "hideZero": false,
        "max": false,
        "min": false,
        "show": true,
        "total": true,
        "values": true
      },
      "lines": false,
      "linewidth": 1,
      "links": [],
      "nullPointMode": "null",
      "options": {
        "dataLinks": []
      },
      "percentage": false,
      "pointradius": 3,
      "points": true,
      "renderer": "flot",
      "seriesOverrides": [],
      "spaceLength": 10,
      "stack": false,
      "steppedLine": false,
      "targets": [
        {
          "alias": "checkpoints_timed",
          "format": "time_series",
          "group": [],
          "groupBy": [
            {
              "params": [
                "1h"
              ],
              "type": "time"
            },
            {
              "params": [
                "none"
              ],
              "type": "fill"
            }
          ],
          "measurement": "bgwriter",
          "metricColumn": "none",
          "orderByTime": "ASC",
          "policy": "default",
          "rawQuery": true,
          "rawSql": "SELECT\n  $__timeGroup(time, '$agg_interval'),\n  sum(nullif(ct - ct_lag, 0)) as \"checkpoints_timed\",\n  sum(nullif(cr - cr_lag, 0)) as \"checkpoints_req\"\nFROM (\n  SELECT\n    time,\n    (data->'checkpoints_timed')::int8 as ct, lag((data->'checkpoints_timed')::int8) over w as ct_lag,\n    (data->'checkpoints_req')::int8 as cr, lag((data->'checkpoints_req')::int8) over w as cr_lag\n  FROM\n    bgwriter\n  WHERE\n    $__timeFilter(time)\n    AND dbname = '$dbname'\n  WINDOW w as (order by time)\n) x\nWHERE ct >= ct_lag and cr >= cr_lag\nGROUP BY 1\nORDER BY 1\n",
          "refId": "B",
          "resultFormat": "time_series",
          "select": [
            [
              {
                "params": [
                  "checkpoints_timed"
                ],
                "type": "field"
              },
              {
                "params": [],
                "type": "last"
              },
              {
                "params": [
                  "1h"
                ],
                "type": "non_negative_derivative"
              }
            ]
          ],
          "tags": [
            {
              "key": "dbname",
              "operator": "=~",
              "value": "/^$dbname$/"
            }
          ],
          "timeColumn": "time",
          "where": [
            {
              "name": "$__timeFilter",
              "params": [],
              "type": "macro"
            }
          ]
        }
      ],
      "thresholds": [],
      "timeFrom": null,
      "timeRegions": [],
      "timeShift": null,
      "title": "Checkpoints",
      "tooltip": {
        "shared": true,
        "sort": 2,
        "value_type": "individual"
      },
      "type": "graph",
      "xaxis": {
        "buckets": null,
        "mode": "time",
        "name": null,
        "show": true,
        "values": []
      },
      "yaxes": [
        {
          "format": "short",
          "label": null,
          "logBase": 1,
          "max": null,
          "min": "0",
          "show": true
        },
        {
          "format": "short",
          "label": null,
          "logBase": 1,
          "max": null,
          "min": null,
          "show": false
        }
      ],
      "yaxis": {
        "align": false,
        "alignLevel": null
      }
    },
    {
      "aliasColors": {},
      "bars": false,
      "dashLength": 10,
      "dashes": false,
      "datasource": null,
      "decimals": 1,
      "fill": 1,
      "fillGradient": 0,
      "gridPos": {
        "h": 5,
        "w": 24,
        "x": 0,
        "y": 5
      },
      "hiddenSeries": false,
      "id": 4,
      "legend": {
        "avg": true,
        "current": false,
        "max": false,
        "min": false,
        "show": true,
        "total": false,
        "values": true
      },
      "lines": true,
      "linewidth": 1,
      "links": [],
      "nullPointMode": "null",
      "options": {
        "dataLinks": []
      },
      "percentage": false,
      "pointradius": 5,
      "points": false,
      "renderer": "flot",
      "seriesOverrides": [],
      "spaceLength": 10,
      "stack": false,
      "steppedLine": false,
      "targets": [
        {
          "alias": "checkpoint_write_time",
          "format": "time_series",
          "group": [],
          "groupBy": [
            {
              "params": [
                "1h"
              ],
              "type": "time"
            },
            {
              "params": [
                "none"
              ],
              "type": "fill"
            }
          ],
          "measurement": "bgwriter",
          "metricColumn": "none",
          "orderByTime": "ASC",
          "policy": "default",
          "rawQuery": true,
          "rawSql": "SELECT\n  $__timeGroup(time, '$agg_interval'),\n  sum(wt-wt_lag) as \"checkpoint_write_time\",\n  sum(st-st_lag) as \"checkpoint_sync_time\"\nFROM (\n\n  SELECT\n    time,\n    (data->'checkpoint_write_time')::int8 as wt, lag((data->'checkpoint_write_time')::int8) over w as wt_lag,\n    (data->'checkpoint_sync_time')::int8 as st, lag((data->'checkpoint_sync_time')::int8) over w as st_lag\n  FROM\n    bgwriter\n  WHERE\n    $__timeFilter(time)\n    AND dbname = '$dbname'\n  WINDOW w as (order by time)\n) x\nWHERE wt >= wt_lag or st >= st_lag\nGROUP BY 1\nORDER BY 1\n",
          "refId": "B",
          "resultFormat": "time_series",
          "select": [
            [
              {
                "params": [
                  "checkpoint_write_time"
                ],
                "type": "field"
              },
              {
                "params": [],
                "type": "mean"
              },
              {
                "params": [
                  "1h"
                ],
                "type": "non_negative_derivative"
              }
            ]
          ],
          "tags": [
            {
              "key": "dbname",
              "operator": "=~",
              "value": "/^$dbname$/"
            }
          ],
          "timeColumn": "time",
          "where": [
            {
              "name": "$__timeFilter",
              "params": [],
              "type": "macro"
            }
          ]
        }
      ],
      "thresholds": [],
      "timeFrom": null,
      "timeRegions": [],
      "timeShift": null,
      "title": "Checkpointer Write / Sync durations",
      "tooltip": {
        "shared": true,
        "sort": 0,
        "value_type": "individual"
      },
      "type": "graph",
      "xaxis": {
        "buckets": null,
        "mode": "time",
        "name": null,
        "show": true,
        "values": []
      },
      "yaxes": [
        {
          "format": "ms",
          "label": null,
          "logBase": 1,
          "max": null,
          "min": null,
          "show": true
        },
        {
          "format": "short",
          "label": null,
          "logBase": 1,
          "max": null,
          "min": null,
          "show": false
        }
      ],
      "yaxis": {
        "align": false,
        "alignLevel": null
      }
    },
    {
      "aliasColors": {},
      "bars": false,
      "dashLength": 10,
      "dashes": false,
      "datasource": null,
      "fill": 1,
      "fillGradient": 0,
      "gridPos": {
        "h": 5,
        "w": 24,
        "x": 0,
        "y": 10
      },
      "hiddenSeries": false,
      "id": 5,
      "interval": "60m",
      "legend": {
        "avg": true,
        "current": false,
        "max": false,
        "min": false,
        "show": true,
        "total": false,
        "values": true
      },
      "lines": true,
      "linewidth": 1,
      "links": [],
      "nullPointMode": "null",
      "options": {
        "dataLinks": []
      },
      "percentage": false,
      "pointradius": 5,
      "points": false,
      "renderer": "flot",
      "seriesOverrides": [],
      "spaceLength": 10,
      "stack": false,
      "steppedLine": false,
      "targets": [
        {
          "alias": "buffers_checkpoint",
          "format": "time_series",
          "group": [],
          "groupBy": [
            {
              "params": [
                "5m"
              ],
              "type": "time"
            },
            {
              "params": [
                "none"
              ],
              "type": "fill"
            }
          ],
          "measurement": "bgwriter",
          "metricColumn": "none",
          "orderByTime": "ASC",
          "policy": "default",
          "rawQuery": true,
          "rawSql": "SELECT\n  $__timeGroup(time, $agg_interval),\n  8192 * sum(buffers_checkpoint-buffers_checkpoint_lag) as \"buffers_checkpoint\",\n  8192 * sum(buffers_clean-buffers_clean_lag) as \"buffers_clean\",\n  8192 * sum(buffers_backend-buffers_backend_lag) as \"buffers_backend\"\nFROM (\n  SELECT\n    time,\n    (data->'buffers_checkpoint')::int8 as buffers_checkpoint, lag((data->'buffers_checkpoint')::int8) over w as buffers_checkpoint_lag,\n    (data->'buffers_clean')::int8 as buffers_clean, lag((data->'buffers_clean')::int8) over w as buffers_clean_lag,\n    (data->'buffers_backend')::int8 as buffers_backend, lag((data->'buffers_backend')::int8) over w as buffers_backend_lag\n  FROM\n    bgwriter\n  WHERE\n    $__timeFilter(time)\n    AND dbname = '$dbname'\n  WINDOW w as (order by time)\n) x\nWHERE buffers_checkpoint >= buffers_checkpoint_lag and buffers_clean >= buffers_clean_lag and buffers_backend >= buffers_backend_lag\nGROUP BY 1\nORDER BY 1\n",
          "refId": "B",
          "resultFormat": "time_series",
          "select": [
            [
              {
                "params": [
                  "buffers_checkpoint"
                ],
                "type": "field"
              },
              {
                "params": [],
                "type": "mean"
              },
              {
                "params": [
                  "1h"
                ],
                "type": "non_negative_derivative"
              }
            ]
          ],
          "tags": [
            {
              "key": "dbname",
              "operator": "=~",
              "value": "/^$dbname$/"
            }
          ],
          "timeColumn": "time",
          "where": [
            {
              "name": "$__timeFilter",
              "params": [],
              "type": "macro"
            }
          ]
        }
      ],
      "thresholds": [],
      "timeFrom": null,
      "timeRegions": [],
      "timeShift": null,
      "title": "Bgwriter Stats",
      "tooltip": {
        "shared": true,
        "sort": 2,
        "value_type": "individual"
      },
      "type": "graph",
      "xaxis": {
        "buckets": null,
        "mode": "time",
        "name": null,
        "show": true,
        "values": []
      },
      "yaxes": [
        {
          "format": "bytes",
          "label": null,
          "logBase": 1,
          "max": null,
          "min": "0",
          "show": true
        },
        {
          "format": "short",
          "label": null,
          "logBase": 1,
          "max": null,
          "min": null,
          "show": false
        }
      ],
      "yaxis": {
        "align": false,
        "alignLevel": null
      }
    },
    {
      "aliasColors": {},
      "bars": false,
      "dashLength": 10,
      "dashes": false,
      "datasource": null,
      "description": "Based on pg_stat_database. Requires \"track_io_timing=on\"",
      "fill": 1,
      "fillGradient": 0,
      "gridPos": {
        "h": 5,
        "w": 24,
        "x": 0,
        "y": 15
      },
      "hiddenSeries": false,
      "id": 6,
      "interval": "15m",
      "legend": {
        "avg": true,
        "current": false,
        "max": false,
        "min": false,
        "show": true,
        "total": false,
        "values": true
      },
      "lines": true,
      "linewidth": 1,
      "links": [],
      "nullPointMode": "null",
      "options": {
        "dataLinks": []
      },
      "percentage": false,
      "pointradius": 5,
      "points": false,
      "renderer": "flot",
      "seriesOverrides": [],
      "spaceLength": 10,
      "stack": false,
      "steppedLine": false,
      "targets": [
        {
          "alias": "blk_read_time (backend)",
          "format": "time_series",
          "group": [],
          "groupBy": [
            {
              "params": [
                "5m"
              ],
              "type": "time"
            },
            {
              "params": [
                "none"
              ],
              "type": "fill"
            }
          ],
          "measurement": "db_stats",
          "metricColumn": "none",
          "orderByTime": "ASC",
          "policy": "default",
          "rawQuery": true,
          "rawSql": "SELECT\n  $__timeGroup(time, $agg_interval),\n  sum(rt-rt_lag) as \"blk_read_time\",\n  sum(wt-wt_lag) as \"blk_write_time\"\nFROM (\n  SELECT\n    time,\n    (data->'blk_read_time')::float8 as rt, lag((data->'blk_read_time')::float8) over w as rt_lag,\n    (data->'blk_write_time')::float8 as wt, lag((data->'blk_write_time')::float8) over w as wt_lag\n  FROM\n    db_stats\n  WHERE\n    $__timeFilter(time)\n    AND dbname = '$dbname'\n  WINDOW w as (order by time)\n) x\nWHERE rt >= rt_lag and wt >= wt_lag\nGROUP BY 1\nORDER BY 1\n",
          "refId": "A",
          "resultFormat": "time_series",
          "select": [
            [
              {
                "params": [
                  "blk_read_time"
                ],
                "type": "field"
              },
              {
                "params": [],
                "type": "mean"
              },
              {
                "params": [
                  "1h"
                ],
                "type": "non_negative_derivative"
              }
            ]
          ],
          "tags": [
            {
              "key": "dbname",
              "operator": "=~",
              "value": "/^$dbname$/"
            }
          ],
          "timeColumn": "time",
          "where": [
            {
              "name": "$__timeFilter",
              "params": [],
              "type": "macro"
            }
          ]
        }
      ],
      "thresholds": [],
      "timeFrom": null,
      "timeRegions": [],
      "timeShift": null,
      "title": "Backend Read / Write times",
      "tooltip": {
        "shared": true,
        "sort": 2,
        "value_type": "individual"
      },
      "type": "graph",
      "xaxis": {
        "buckets": null,
        "mode": "time",
        "name": null,
        "show": true,
        "values": []
      },
      "yaxes": [
        {
          "format": "ms",
          "label": null,
          "logBase": 1,
          "max": null,
          "min": null,
          "show": true
        },
        {
          "format": "short",
          "label": null,
          "logBase": 1,
          "max": null,
          "min": null,
          "show": true
        }
      ],
      "yaxis": {
        "align": false,
        "alignLevel": null
      }
    },
    {
      "aliasColors": {},
      "bars": false,
      "dashLength": 10,
      "dashes": false,
      "datasource": null,
      "description": "NB! Reads could still be served by the Linux file system cache so they don't necessarily have to come from disk",
      "fill": 1,
      "fillGradient": 0,
      "gridPos": {
        "h": 5,
        "w": 24,
        "x": 0,
        "y": 20
      },
      "hiddenSeries": false,
      "id": 7,
      "interval": "",
      "legend": {
        "avg": true,
        "current": false,
        "max": false,
        "min": false,
        "show": true,
        "total": false,
        "values": true
      },
      "lines": true,
      "linewidth": 1,
      "links": [],
      "nullPointMode": "null",
      "options": {
        "dataLinks": []
      },
      "percentage": false,
      "pointradius": 5,
      "points": false,
      "renderer": "flot",
      "seriesOverrides": [],
      "spaceLength": 10,
      "stack": false,
      "steppedLine": false,
      "targets": [
        {
          "alias": "heap_blks_read",
          "format": "time_series",
          "group": [],
          "groupBy": [
            {
              "params": [
                "15m"
              ],
              "type": "time"
            },
            {
              "params": [
                "none"
              ],
              "type": "fill"
            }
          ],
          "measurement": "table_io_stats",
          "metricColumn": "none",
          "orderByTime": "ASC",
          "policy": "default",
          "rawQuery": true,
          "rawSql": "SELECT\n  $__timeGroup(time, $agg_interval),\n  8192 * sum(heap-heap_lag) as \"heap_blks_read\",\n  8192 * sum(idx-idx_lag) as \"idx_blks_read\",\n  8192 * sum(tidx-tidx_lag) as \"tidx_blks_read\",\n  8192 * sum(toast-toast_lag) as \"toast_blks_read\"\nFROM (\n  SELECT\n    time,\n    (data->'heap_blks_read')::float8 as heap, lag((data->'heap_blks_read')::float8) over w as heap_lag,\n    (data->'idx_blks_read')::float8 as idx, lag((data->'idx_blks_read')::float8) over w as idx_lag,\n    (data->'tidx_blks_read')::float8 as tidx, lag((data->'tidx_blks_read')::float8) over w as tidx_lag,\n    (data->'toast_blks_read')::float8 as toast, lag((data->'toast_blks_read')::float8) over w as toast_lag\n  FROM\n    table_io_stats\n  WHERE\n    $__timeFilter(time)\n    AND dbname = '$dbname'\n  WINDOW w as (partition by tag_data->>'table_full_name' order by time)\n) x\nWHERE heap >= heap_lag and idx >= idx_lag\nGROUP BY 1\nORDER BY 1\n",
          "refId": "A",
          "resultFormat": "time_series",
          "select": [
            [
              {
                "params": [
                  "heap_blks_read"
                ],
                "type": "field"
              },
              {
                "params": [],
                "type": "mean"
              },
              {
                "params": [
                  "1h"
                ],
                "type": "non_negative_derivative"
              }
            ]
          ],
          "tags": [
            {
              "key": "dbname",
              "operator": "=~",
              "value": "/^$dbname$/"
            }
          ],
          "timeColumn": "time",
          "where": [
            {
              "name": "$__timeFilter",
              "params": [],
              "type": "macro"
            }
          ]
        }
      ],
      "thresholds": [],
      "timeFrom": null,
      "timeRegions": [],
      "timeShift": null,
      "title": "Table / Index / Toast Blocks Read",
      "tooltip": {
        "shared": true,
        "sort": 2,
        "value_type": "individual"
      },
      "type": "graph",
      "xaxis": {
        "buckets": null,
        "mode": "time",
        "name": null,
        "show": true,
        "values": []
      },
      "yaxes": [
        {
          "format": "bytes",
          "label": null,
          "logBase": 10,
          "max": null,
          "min": null,
          "show": true
        },
        {
          "format": "short",
          "label": null,
          "logBase": 1,
          "max": null,
          "min": null,
          "show": false
        }
      ],
      "yaxis": {
        "align": false,
        "alignLevel": null
      }
    },
    {
      "content": "Brought to you by: <a href=\"https://www.cybertec-postgresql.com/en/\"><img src=\"https://www.cybertec-postgresql.com/wp-content/uploads/2020/11/CYBERTEC_RGB_300x80px.png\" alt=\"Cybertec – The PostgreSQL Database Company\"></a>",
      "datasource": null,
      "editable": true,
      "error": false,
      "gridPos": {
        "h": 7,
        "w": 12,
        "x": 0,
        "y": 25
      },
      "id": 9,
      "links": [],
      "mode": "html",
      "title": "",
      "transparent": true,
      "type": "text"
    }
  ],
  "schemaVersion": 22,
  "style": "dark",
  "tags": [
    "pgwatch2"
  ],
  "templating": {
    "list": [
      {
        "allValue": null,
        "current": {
          "text": null,
          "value": null
        },
        "datasource": null,
        "definition": "",
        "hide": 0,
        "includeAll": false,
        "index": -1,
        "label": null,
        "multi": false,
        "name": "dbname",
        "options": [],
        "query": "SELECT DISTINCT dbname FROM admin.all_distinct_dbname_metrics WHERE metric = 'bgwriter' ORDER BY 1;",
        "refresh": 1,
        "regex": "",
        "skipUrlSync": false,
        "sort": 0,
        "tagValuesQuery": "",
        "tags": [],
        "tagsQuery": "",
        "type": "query",
        "useTags": false
      },
      {
        "auto": false,
        "auto_count": 30,
        "auto_min": "10s",
        "current": {
          "selected": false,
          "tags": [],
          "text": "1h",
          "value": "1h"
        },
        "hide": 0,
        "label": null,
        "name": "agg_interval",
        "options": [
          {
            "selected": false,
            "text": "1s",
            "value": "1s"
          },
          {
            "selected": false,
            "text": "1m",
            "value": "1m"
          },
          {
            "selected": false,
            "text": "5m",
            "value": "5m"
          },
          {
            "selected": false,
            "text": "10m",
            "value": "10m"
          },
          {
            "selected": false,
            "text": "15m",
            "value": "15m"
          },
          {
            "selected": false,
            "text": "30m",
            "value": "30m"
          },
          {
            "selected": true,
            "text": "1h",
            "value": "1h"
          },
          {
            "selected": false,
            "text": "3h",
            "value": "3h"
          },
          {
            "selected": false,
            "text": "6h",
            "value": "6h"
          },
          {
            "selected": false,
            "text": "12h",
            "value": "12h"
          },
          {
            "selected": false,
            "text": "1d",
            "value": "1d"
          },
          {
            "selected": false,
            "text": "7d",
            "value": "7d"
          },
          {
            "selected": false,
            "text": "14d",
            "value": "14d"
          },
          {
            "selected": false,
            "text": "30d",
            "value": "30d"
          }
        ],
        "query": "1s,1m,5m,10m,15m,30m,1h,3h,6h,12h,1d,7d,14d,30d",
        "refresh": 2,
        "skipUrlSync": false,
        "type": "interval"
      }
    ]
  },
  "time": {
    "from": "now-24h",
    "to": "now"
  },
  "timepicker": {
    "refresh_intervals": [
      "5s",
      "10s",
      "30s",
      "1m",
      "5m",
      "15m",
      "30m",
      "1h",
      "2h",
      "1d"
    ],
    "time_options": [
      "5m",
      "15m",
      "1h",
      "6h",
      "12h",
      "24h",
      "2d",
      "7d",
      "30d"
    ]
  },
  "timezone": "",
  "title": "Checkpointer / Bgwriter / Block IO Stats",
  "uid": "checkpointer-bgwriter-stats",
  "version": 1
}