{
  "annotations": {
    "list": [
      {
        "builtIn": 1,
        "datasource": "-- Grafana --",
        "enable": true,
        "hide": true,
        "iconColor": "rgba(0, 211, 255, 1)",
        "name": "Annotations & Alerts",
        "type": "dashboard"
      }
    ]
  },
  "editable": true,
  "gnetId": null,
  "graphTooltip": 0,
  "links": [],
  "panels": [
    {
      "aliasColors": {},
      "bars": false,
      "dashLength": 10,
      "dashes": false,
      "datasource": null,
      "decimals": 1,
      "description": "Active + idle in transaction user sessions",
      "fill": 1,
      "fillGradient": 0,
      "gridPos": {
        "h": 8,
        "w": 24,
        "x": 0,
        "y": 0
      },
      "hiddenSeries": false,
      "id": 12,
      "interval": "",
      "legend": {
        "avg": true,
        "current": false,
        "max": false,
        "min": false,
        "show": true,
        "total": false,
        "values": true
      },
      "lines": true,
      "linewidth": 1,
      "nullPointMode": "null",
      "options": {
        "dataLinks": []
      },
      "percentage": false,
      "pointradius": 2,
      "points": false,
      "renderer": "flot",
      "seriesOverrides": [],
      "spaceLength": 10,
      "stack": false,
      "steppedLine": false,
      "targets": [
        {
          "format": "time_series",
          "group": [],
          "hide": false,
          "metricColumn": "none",
          "rawQuery": true,
          "rawSql": "select\n  $__timeGroup(time, $agg_interval),\n  coalesce(avg((data->>'active')::int8 + (data->>'idleintransaction')::int8), 0) as active\nfrom backends\n  where dbname = '$dbname'\n  and $__timeFilter(time)\ngroup by 1\norder by 1",
          "refId": "A",
          "select": [
            [
              {
                "params": [
                  "value"
                ],
                "type": "column"
              }
            ]
          ],
          "timeColumn": "time",
          "where": [
            {
              "name": "$__timeFilter",
              "params": [],
              "type": "macro"
            }
          ]
        },
        {
          "format": "time_series",
          "group": [],
          "hide": false,
          "metricColumn": "none",
          "rawQuery": true,
          "rawSql": "select\n  $__timeGroup(time, $agg_interval),\n  coalesce(avg(active), 0) as \"active -$lag_interval\"\nfrom (\nselect\n  time + '$lag_interval'::interval as time,\n  (data->>'active')::int8 + (data->>'idleintransaction')::int8 as active\nfrom backends\n  where dbname = '$dbname'\n  and time between ($__timeFrom()::timestamptz - '$lag_interval'::interval) and ($__timeTo()::timestamptz - '$lag_interval'::interval)\n) x\ngroup by 1\norder by 1",
          "refId": "B",
          "select": [
            [
              {
                "params": [
                  "value"
                ],
                "type": "column"
              }
            ]
          ],
          "timeColumn": "time",
          "where": [
            {
              "name": "$__timeFilter",
              "params": [],
              "type": "macro"
            }
          ]
        }
      ],
      "thresholds": [],
      "timeFrom": null,
      "timeRegions": [],
      "timeShift": null,
      "title": "Active sessions",
      "tooltip": {
        "shared": true,
        "sort": 2,
        "value_type": "individual"
      },
      "type": "graph",
      "xaxis": {
        "buckets": null,
        "mode": "time",
        "name": null,
        "show": true,
        "values": []
      },
      "yaxes": [
        {
          "decimals": 1,
          "format": "short",
          "label": null,
          "logBase": 1,
          "max": null,
          "min": null,
          "show": true
        },
        {
          "format": "short",
          "label": null,
          "logBase": 1,
          "max": null,
          "min": null,
          "show": false
        }
      ],
      "yaxis": {
        "align": false,
        "alignLevel": null
      }
    },
    {
      "aliasColors": {},
      "bars": false,
      "dashLength": 10,
      "dashes": false,
      "datasource": null,
      "fill": 1,
      "fillGradient": 0,
      "gridPos": {
        "h": 8,
        "w": 24,
        "x": 0,
        "y": 8
      },
      "hiddenSeries": false,
      "id": 2,
      "interval": "",
      "legend": {
        "avg": true,
        "current": false,
        "max": false,
        "min": false,
        "show": true,
        "total": false,
        "values": true
      },
      "lines": true,
      "linewidth": 1,
      "nullPointMode": "null",
      "options": {
        "dataLinks": []
      },
      "percentage": false,
      "pointradius": 2,
      "points": false,
      "renderer": "flot",
      "seriesOverrides": [],
      "spaceLength": 10,
      "stack": false,
      "steppedLine": false,
      "targets": [
        {
          "format": "time_series",
          "group": [],
          "hide": false,
          "metricColumn": "none",
          "rawQuery": true,
          "rawSql": "select\n  $__timeGroup(time, $agg_interval),\n  avg((c - c_lag + r - r_lag) / extract(epoch from time - time_lag)) as \"TPS\"\nfrom (\n        select \n          (data->>'xact_commit')::int8 as c, lag((data->>'xact_commit')::int8) over w as c_lag,\n          (data->>'xact_rollback')::int8 as r, lag((data->>'xact_rollback')::int8) over w as r_lag,\n          time, lag(time) over w as time_lag\n        from db_stats\n        where dbname = '$dbname' and $__timeFilter(time)\n        window w as (order by time)        \n) x\nwhere c >= c_lag and r >= r_lag and time > time_lag\ngroup by 1\norder by 1",
          "refId": "A",
          "select": [
            [
              {
                "params": [
                  "value"
                ],
                "type": "column"
              }
            ]
          ],
          "timeColumn": "time",
          "where": [
            {
              "name": "$__timeFilter",
              "params": [],
              "type": "macro"
            }
          ]
        },
        {
          "format": "time_series",
          "group": [],
          "hide": false,
          "metricColumn": "none",
          "rawQuery": true,
          "rawSql": "select\n  $__timeGroup(time, $agg_interval),\n  avg((c - c_lag + r - r_lag) / extract(epoch from time - time_lag)) as \"TPS-$lag_interval\"\nfrom (\n        select \n          (data->>'xact_commit')::int8 as c, lag((data->>'xact_commit')::int8) over w as c_lag,\n          (data->>'xact_rollback')::int8 as r, lag((data->>'xact_rollback')::int8) over w as r_lag,\n          time + '$lag_interval'::interval as time, lag(time) over w + '$lag_interval'::interval as time_lag\n        from db_stats\n        where dbname = '$dbname' and time between ($__timeFrom()::timestamptz - '$lag_interval'::interval) and ($__timeTo()::timestamptz - '$lag_interval'::interval)\n        window w as (order by time)        \n) x\nwhere c >= c_lag and r >= r_lag and time > time_lag\ngroup by 1\norder by 1",
          "refId": "B",
          "select": [
            [
              {
                "params": [
                  "value"
                ],
                "type": "column"
              }
            ]
          ],
          "timeColumn": "time",
          "where": [
            {
              "name": "$__timeFilter",
              "params": [],
              "type": "macro"
            }
          ]
        }
      ],
      "thresholds": [],
      "timeFrom": null,
      "timeRegions": [],
      "timeShift": null,
      "title": "TPS",
      "tooltip": {
        "shared": true,
        "sort": 2,
        "value_type": "individual"
      },
      "type": "graph",
      "xaxis": {
        "buckets": null,
        "mode": "time",
        "name": null,
        "show": true,
        "values": []
      },
      "yaxes": [
        {
          "format": "short",
          "label": null,
          "logBase": 1,
          "max": null,
          "min": null,
          "show": true
        },
        {
          "format": "short",
          "label": null,
          "logBase": 1,
          "max": null,
          "min": null,
          "show": false
        }
      ],
      "yaxis": {
        "align": false,
        "alignLevel": null
      }
    },
    {
      "aliasColors": {},
      "bars": false,
      "dashLength": 10,
      "dashes": false,
      "datasource": null,
      "fill": 1,
      "fillGradient": 0,
      "gridPos": {
        "h": 8,
        "w": 24,
        "x": 0,
        "y": 16
      },
      "hiddenSeries": false,
      "id": 3,
      "interval": "",
      "legend": {
        "avg": true,
        "current": false,
        "max": false,
        "min": false,
        "show": true,
        "total": false,
        "values": true
      },
      "lines": true,
      "linewidth": 1,
      "nullPointMode": "null",
      "options": {
        "dataLinks": []
      },
      "percentage": false,
      "pointradius": 2,
      "points": false,
      "renderer": "flot",
      "seriesOverrides": [],
      "spaceLength": 10,
      "stack": false,
      "steppedLine": false,
      "targets": [
        {
          "format": "time_series",
          "group": [],
          "hide": false,
          "metricColumn": "none",
          "rawQuery": true,
          "rawSql": "select\n  $__timeGroup(time, $agg_interval),\n  avg((c - c_lag) / extract(epoch from time - time_lag)) as \"QPS\"\nfrom (\n        select \n          (data->>'calls')::int8 as c, lag((data->>'calls')::int8) over w as c_lag,\n          time, lag(time) over w as time_lag\n        from stat_statements_calls\n        where dbname = '$dbname' and $__timeFilter(time)\n        window w as (order by time)        \n) x\nwhere c >= c_lag and time > time_lag\ngroup by 1\norder by 1\n",
          "refId": "A",
          "select": [
            [
              {
                "params": [
                  "value"
                ],
                "type": "column"
              }
            ]
          ],
          "timeColumn": "time",
          "where": [
            {
              "name": "$__timeFilter",
              "params": [],
              "type": "macro"
            }
          ]
        },
        {
          "format": "time_series",
          "group": [],
          "hide": false,
          "metricColumn": "none",
          "rawQuery": true,
          "rawSql": "select\n  $__timeGroup(time, $agg_interval),\n  avg((c - c_lag + r - r_lag) / extract(epoch from time - time_lag)) as \"QPS-$lag_interval\"\nfrom (\n        select \n          (data->>'xact_commit')::int8 as c, lag((data->>'xact_commit')::int8) over w as c_lag,\n          (data->>'xact_rollback')::int8 as r, lag((data->>'xact_rollback')::int8) over w as r_lag,\n          time + '$lag_interval'::interval as time, lag(time) over w + '$lag_interval'::interval as time_lag\n        from db_stats\n        where dbname = '$dbname' and time between ($__timeFrom()::timestamptz - '$lag_interval'::interval) and ($__timeTo()::timestamptz - '$lag_interval'::interval)\n        window w as (order by time)        \n) x\nwhere c >= c_lag and r >= r_lag and time > time_lag\ngroup by 1\norder by 1",
          "refId": "B",
          "select": [
            [
              {
                "params": [
                  "value"
                ],
                "type": "column"
              }
            ]
          ],
          "timeColumn": "time",
          "where": [
            {
              "name": "$__timeFilter",
              "params": [],
              "type": "macro"
            }
          ]
        }
      ],
      "thresholds": [],
      "timeFrom": null,
      "timeRegions": [],
      "timeShift": null,
      "title": "QPS",
      "tooltip": {
        "shared": true,
        "sort": 2,
        "value_type": "individual"
      },
      "type": "graph",
      "xaxis": {
        "buckets": null,
        "mode": "time",
        "name": null,
        "show": true,
        "values": []
      },
      "yaxes": [
        {
          "format": "short",
          "label": null,
          "logBase": 1,
          "max": null,
          "min": null,
          "show": true
        },
        {
          "format": "short",
          "label": null,
          "logBase": 1,
          "max": null,
          "min": null,
          "show": false
        }
      ],
      "yaxis": {
        "align": false,
        "alignLevel": null
      }
    },
    {
      "aliasColors": {},
      "bars": false,
      "dashLength": 10,
      "dashes": false,
      "datasource": null,
      "description": "Based on pg_stat_statements data",
      "fill": 1,
      "fillGradient": 0,
      "gridPos": {
        "h": 8,
        "w": 24,
        "x": 0,
        "y": 24
      },
      "hiddenSeries": false,
      "id": 4,
      "interval": "",
      "legend": {
        "avg": true,
        "current": false,
        "max": false,
        "min": false,
        "show": true,
        "total": false,
        "values": true
      },
      "lines": true,
      "linewidth": 1,
      "nullPointMode": "null",
      "options": {
        "dataLinks": []
      },
      "percentage": false,
      "pointradius": 2,
      "points": false,
      "renderer": "flot",
      "seriesOverrides": [],
      "spaceLength": 10,
      "stack": false,
      "steppedLine": false,
      "targets": [
        {
          "format": "time_series",
          "group": [],
          "hide": false,
          "metricColumn": "none",
          "rawQuery": true,
          "rawSql": "select\n  time,\n  avg(avg) as \"avg_query_runtime\"\nfrom (\n\nselect\n$__timeGroup(time, $agg_interval),\nqueryid,\navg((tt-tt_lag)::numeric / (c-c_lag))\n\nfrom (\n\n        select \n          (data->>'total_time')::float8 as tt, lag((data->>'total_time')::float8) over w as tt_lag,\n          (data->>'calls')::int8 as c, lag((data->>'calls')::int8) over w as c_lag,\n          tag_data->>'queryid' as queryid,\n          time\n        from stat_statements\n        where dbname = '$dbname' and $__timeFilter(time)\n        and not tag_data->>'query' like '%$2)::int8 as epoch_ns,%' /*trying to not include queries by pgwatch itself*/\n        window w as (partition by tag_data->>'queryid' order by time)\n) x\nwhere c > c_lag and tt >= tt_lag\ngroup by 1, 2\norder by 1, 2\n) y\ngroup by 1\norder by 1",
          "refId": "A",
          "select": [
            [
              {
                "params": [
                  "value"
                ],
                "type": "column"
              }
            ]
          ],
          "timeColumn": "time",
          "where": [
            {
              "name": "$__timeFilter",
              "params": [],
              "type": "macro"
            }
          ]
        },
        {
          "format": "time_series",
          "group": [],
          "hide": false,
          "metricColumn": "none",
          "rawQuery": true,
          "rawSql": "select\n  time,\n  avg(avg) as \"avg_query_runtime-$lag_interval\"\nfrom (\n\nselect\n$__timeGroup(time, $agg_interval),\nqueryid,\navg((tt-tt_lag)::numeric / (c-c_lag))\n\nfrom (\n\n        select \n          (data->>'total_time')::float8 as tt, lag((data->>'total_time')::float8) over w as tt_lag,\n          (data->>'calls')::int8 as c, lag((data->>'calls')::int8) over w as c_lag,\n          tag_data->>'queryid' as queryid,\n          time + '$lag_interval'::interval as time\n        from stat_statements\n        where dbname = '$dbname' and time between ($__timeFrom()::timestamptz - '$lag_interval'::interval) and ($__timeTo()::timestamptz - '$lag_interval'::interval)\n        and not tag_data->>'query' like '%$2)::int8 as epoch_ns,%' /*trying to not include queries by pgwatch itself*/\n        window w as (partition by tag_data->>'queryid' order by time)\n) x\nwhere c > c_lag and tt >= tt_lag\ngroup by 1, 2\norder by 1, 2\n) y\ngroup by 1\norder by 1",
          "refId": "B",
          "select": [
            [
              {
                "params": [
                  "value"
                ],
                "type": "column"
              }
            ]
          ],
          "timeColumn": "time",
          "where": [
            {
              "name": "$__timeFilter",
              "params": [],
              "type": "macro"
            }
          ]
        }
      ],
      "thresholds": [],
      "timeFrom": null,
      "timeRegions": [],
      "timeShift": null,
      "title": "Avg. query runtime",
      "tooltip": {
        "shared": true,
        "sort": 2,
        "value_type": "individual"
      },
      "type": "graph",
      "xaxis": {
        "buckets": null,
        "mode": "time",
        "name": null,
        "show": true,
        "values": []
      },
      "yaxes": [
        {
          "format": "ms",
          "label": null,
          "logBase": 1,
          "max": null,
          "min": null,
          "show": true
        },
        {
          "format": "short",
          "label": null,
          "logBase": 1,
          "max": null,
          "min": null,
          "show": false
        }
      ],
      "yaxis": {
        "align": false,
        "alignLevel": null
      }
    },
    {
      "aliasColors": {},
      "bars": false,
      "dashLength": 10,
      "dashes": false,
      "datasource": null,
      "description": "",
      "fill": 1,
      "fillGradient": 0,
      "gridPos": {
        "h": 8,
        "w": 24,
        "x": 0,
        "y": 32
      },
      "hiddenSeries": false,
      "id": 5,
      "interval": "",
      "legend": {
        "avg": true,
        "current": false,
        "max": false,
        "min": false,
        "show": true,
        "total": false,
        "values": true
      },
      "lines": true,
      "linewidth": 1,
      "nullPointMode": "null",
      "options": {
        "dataLinks": []
      },
      "percentage": false,
      "pointradius": 2,
      "points": false,
      "renderer": "flot",
      "seriesOverrides": [],
      "spaceLength": 10,
      "stack": false,
      "steppedLine": false,
      "targets": [
        {
          "format": "time_series",
          "group": [],
          "hide": false,
          "metricColumn": "none",
          "rawQuery": true,
          "rawSql": "select\n  $__timeGroup(time, $agg_interval),\n  avg((wal-wal_lag) / (etime-lag_etime)) as \"WAL rate\"\nfrom (\n        select \n          (data->>'xlog_location_b')::int8 as wal, lag((data->>'xlog_location_b')::int8) over w as wal_lag,\n          extract(epoch from time) as etime,\n          lag(extract(epoch from time)) over w as lag_etime,\n          time\n        from wal\n        where dbname = '$dbname' and $__timeFilter(time)\n        window w as (order by time)\n) x\nwhere wal >= wal_lag and etime - lag_etime > 0\ngroup by 1\norder by 1",
          "refId": "A",
          "select": [
            [
              {
                "params": [
                  "value"
                ],
                "type": "column"
              }
            ]
          ],
          "timeColumn": "time",
          "where": [
            {
              "name": "$__timeFilter",
              "params": [],
              "type": "macro"
            }
          ]
        },
        {
          "format": "time_series",
          "group": [],
          "hide": false,
          "metricColumn": "none",
          "rawQuery": true,
          "rawSql": "select\n  $__timeGroup(time, $agg_interval),\n  avg((wal-wal_lag) / (etime-lag_etime)) as \"WAL rate-$lag_interval\"\nfrom (\n        select \n          (data->>'xlog_location_b')::int8 as wal, lag((data->>'xlog_location_b')::int8) over w as wal_lag,\n          extract(epoch from time + '$lag_interval'::interval) as etime,\n          lag(extract(epoch from time + '$lag_interval'::interval)) over w as lag_etime,\n          time + '$lag_interval'::interval as time\n        from wal\n        where dbname = '$dbname' and time between ($__timeFrom()::timestamptz - '$lag_interval'::interval) and ($__timeTo()::timestamptz - '$lag_interval'::interval)\n        window w as (order by time)\n) x\nwhere wal >= wal_lag and etime - lag_etime > 0\ngroup by 1\norder by 1",
          "refId": "B",
          "select": [
            [
              {
                "params": [
                  "value"
                ],
                "type": "column"
              }
            ]
          ],
          "timeColumn": "time",
          "where": [
            {
              "name": "$__timeFilter",
              "params": [],
              "type": "macro"
            }
          ]
        }
      ],
      "thresholds": [],
      "timeFrom": null,
      "timeRegions": [],
      "timeShift": null,
      "title": "WAL rate",
      "tooltip": {
        "shared": true,
        "sort": 2,
        "value_type": "individual"
      },
      "type": "graph",
      "xaxis": {
        "buckets": null,
        "mode": "time",
        "name": null,
        "show": true,
        "values": []
      },
      "yaxes": [
        {
          "format": "Bps",
          "label": null,
          "logBase": 1,
          "max": null,
          "min": null,
          "show": true
        },
        {
          "format": "short",
          "label": null,
          "logBase": 1,
          "max": null,
          "min": null,
          "show": false
        }
      ],
      "yaxis": {
        "align": false,
        "alignLevel": null
      }
    },
    {
      "aliasColors": {},
      "bars": false,
      "dashLength": 10,
      "dashes": false,
      "datasource": null,
      "description": "Temp tables not included",
      "fill": 1,
      "fillGradient": 0,
      "gridPos": {
        "h": 8,
        "w": 24,
        "x": 0,
        "y": 40
      },
      "hiddenSeries": false,
      "id": 6,
      "interval": "",
      "legend": {
        "avg": true,
        "current": false,
        "max": false,
        "min": false,
        "show": true,
        "total": false,
        "values": true
      },
      "lines": true,
      "linewidth": 1,
      "nullPointMode": "null",
      "options": {
        "dataLinks": []
      },
      "percentage": false,
      "pointradius": 2,
      "points": false,
      "renderer": "flot",
      "seriesOverrides": [],
      "spaceLength": 10,
      "stack": false,
      "steppedLine": false,
      "targets": [
        {
          "format": "time_series",
          "group": [],
          "hide": false,
          "metricColumn": "none",
          "rawQuery": true,
          "rawSql": "select\n  $__timeGroup(time, $agg_interval),\n  avg(((ins-ins_lag) * (extract(epoch from '$agg_interval'::interval))) / extract(epoch from time - time_lag)) as \"INSERT\"\nfrom (\n        select \n          (data->>'tup_inserted')::int8 as ins, lag((data->>'tup_inserted')::int8) over w as ins_lag,\n          time, lag(time) over w as time_lag\n        from db_stats\n        where dbname = '$dbname' and $__timeFilter(time)\n        window w as (order by time)\n) x\nwhere ins >= ins_lag\ngroup by 1\norder by 1",
          "refId": "A",
          "select": [
            [
              {
                "params": [
                  "value"
                ],
                "type": "column"
              }
            ]
          ],
          "timeColumn": "time",
          "where": [
            {
              "name": "$__timeFilter",
              "params": [],
              "type": "macro"
            }
          ]
        },
        {
          "format": "time_series",
          "group": [],
          "hide": false,
          "metricColumn": "none",
          "rawQuery": true,
          "rawSql": "select\n  $__timeGroup(time, $agg_interval),\n  avg(((ins-ins_lag) * (extract(epoch from '$agg_interval'::interval))) / extract(epoch from time - time_lag)) as \"INSERT-$lag_interval\"\nfrom (\n        select \n          (data->>'tup_inserted')::int8 as ins, lag((data->>'tup_inserted')::int8) over w as ins_lag,\n          time + '$lag_interval'::interval as time, lag(time) over w + '$lag_interval'::interval as time_lag\n        from db_stats\n        where dbname = '$dbname' and time between ($__timeFrom()::timestamptz - '$lag_interval'::interval) and ($__timeTo()::timestamptz - '$lag_interval'::interval)\n        window w as (order by time)\n) x\nwhere ins >= ins_lag\ngroup by 1\norder by 1",
          "refId": "B",
          "select": [
            [
              {
                "params": [
                  "value"
                ],
                "type": "column"
              }
            ]
          ],
          "timeColumn": "time",
          "where": [
            {
              "name": "$__timeFilter",
              "params": [],
              "type": "macro"
            }
          ]
        }
      ],
      "thresholds": [],
      "timeFrom": null,
      "timeRegions": [],
      "timeShift": null,
      "title": "INSERT-s",
      "tooltip": {
        "shared": true,
        "sort": 2,
        "value_type": "individual"
      },
      "type": "graph",
      "xaxis": {
        "buckets": null,
        "mode": "time",
        "name": null,
        "show": true,
        "values": []
      },
      "yaxes": [
        {
          "format": "short",
          "label": null,
          "logBase": 1,
          "max": null,
          "min": "0",
          "show": true
        },
        {
          "format": "short",
          "label": null,
          "logBase": 1,
          "max": null,
          "min": null,
          "show": false
        }
      ],
      "yaxis": {
        "align": false,
        "alignLevel": null
      }
    },
    {
      "aliasColors": {},
      "bars": false,
      "dashLength": 10,
      "dashes": false,
      "datasource": null,
      "description": "Temp tables not included",
      "fill": 1,
      "fillGradient": 0,
      "gridPos": {
        "h": 8,
        "w": 24,
        "x": 0,
        "y": 48
      },
      "hiddenSeries": false,
      "id": 7,
      "interval": "",
      "legend": {
        "avg": true,
        "current": false,
        "max": false,
        "min": false,
        "show": true,
        "total": false,
        "values": true
      },
      "lines": true,
      "linewidth": 1,
      "nullPointMode": "null",
      "options": {
        "dataLinks": []
      },
      "percentage": false,
      "pointradius": 2,
      "points": false,
      "renderer": "flot",
      "seriesOverrides": [],
      "spaceLength": 10,
      "stack": false,
      "steppedLine": false,
      "targets": [
        {
          "format": "time_series",
          "group": [],
          "hide": false,
          "metricColumn": "none",
          "rawQuery": true,
          "rawSql": "select\n  $__timeGroup(time, $agg_interval),\n  avg(((upd-upd_lag) * (extract(epoch from '$agg_interval'::interval))) / extract(epoch from time - time_lag)) as \"UPDATE\"\nfrom (\n        select \n          (data->>'tup_updated')::int8 as upd, lag((data->>'tup_updated')::int8) over w as upd_lag,\n          time, lag(time) over w as time_lag\n        from db_stats\n        where dbname = '$dbname' and $__timeFilter(time)\n        window w as (order by time)\n) x\nwhere upd >= upd_lag\ngroup by 1\norder by 1",
          "refId": "A",
          "select": [
            [
              {
                "params": [
                  "value"
                ],
                "type": "column"
              }
            ]
          ],
          "timeColumn": "time",
          "where": [
            {
              "name": "$__timeFilter",
              "params": [],
              "type": "macro"
            }
          ]
        },
        {
          "format": "time_series",
          "group": [],
          "hide": false,
          "metricColumn": "none",
          "rawQuery": true,
          "rawSql": "select\n  $__timeGroup(time, $agg_interval),\n  avg(((upd-upd_lag) * (extract(epoch from '$agg_interval'::interval))) / extract(epoch from time - time_lag)) as \"UPDATE-$lag_interval\"\nfrom (\n        select \n          (data->>'tup_updated')::int8 as upd, lag((data->>'tup_updated')::int8) over w as upd_lag,\n          time + '$lag_interval'::interval as time, lag(time) over w + '$lag_interval'::interval as time_lag\n        from db_stats\n        where dbname = '$dbname' and time between ($__timeFrom()::timestamptz - '$lag_interval'::interval) and ($__timeTo()::timestamptz - '$lag_interval'::interval)\n        window w as (order by time)\n) x\nwhere upd >= upd_lag\ngroup by 1\norder by 1",
          "refId": "B",
          "select": [
            [
              {
                "params": [
                  "value"
                ],
                "type": "column"
              }
            ]
          ],
          "timeColumn": "time",
          "where": [
            {
              "name": "$__timeFilter",
              "params": [],
              "type": "macro"
            }
          ]
        }
      ],
      "thresholds": [],
      "timeFrom": null,
      "timeRegions": [],
      "timeShift": null,
      "title": "UPDATE-s",
      "tooltip": {
        "shared": true,
        "sort": 2,
        "value_type": "individual"
      },
      "type": "graph",
      "xaxis": {
        "buckets": null,
        "mode": "time",
        "name": null,
        "show": true,
        "values": []
      },
      "yaxes": [
        {
          "format": "short",
          "label": null,
          "logBase": 1,
          "max": null,
          "min": "0",
          "show": true
        },
        {
          "format": "short",
          "label": null,
          "logBase": 1,
          "max": null,
          "min": null,
          "show": false
        }
      ],
      "yaxis": {
        "align": false,
        "alignLevel": null
      }
    },
    {
      "aliasColors": {},
      "bars": false,
      "dashLength": 10,
      "dashes": false,
      "datasource": null,
      "description": "Temp tables not included",
      "fill": 1,
      "fillGradient": 0,
      "gridPos": {
        "h": 8,
        "w": 24,
        "x": 0,
        "y": 56
      },
      "hiddenSeries": false,
      "id": 8,
      "interval": "",
      "legend": {
        "avg": true,
        "current": false,
        "max": false,
        "min": false,
        "show": true,
        "total": false,
        "values": true
      },
      "lines": true,
      "linewidth": 1,
      "nullPointMode": "null",
      "options": {
        "dataLinks": []
      },
      "percentage": false,
      "pointradius": 2,
      "points": false,
      "renderer": "flot",
      "seriesOverrides": [],
      "spaceLength": 10,
      "stack": false,
      "steppedLine": false,
      "targets": [
        {
          "format": "time_series",
          "group": [],
          "hide": false,
          "metricColumn": "none",
          "rawQuery": true,
          "rawSql": "select\n  $__timeGroup(time, $agg_interval),\n  avg(((del-del_lag) * (extract(epoch from '$agg_interval'::interval))) / extract(epoch from time - time_lag)) as \"delATE\"\nfrom (\n        select \n          (data->>'tup_deleted')::int8 as del, lag((data->>'tup_deleted')::int8) over w as del_lag,\n          time, lag(time) over w as time_lag\n        from db_stats\n        where dbname = '$dbname' and $__timeFilter(time)\n        window w as (order by time)\n) x\nwhere del >= del_lag\ngroup by 1\norder by 1",
          "refId": "A",
          "select": [
            [
              {
                "params": [
                  "value"
                ],
                "type": "column"
              }
            ]
          ],
          "timeColumn": "time",
          "where": [
            {
              "name": "$__timeFilter",
              "params": [],
              "type": "macro"
            }
          ]
        },
        {
          "format": "time_series",
          "group": [],
          "hide": false,
          "metricColumn": "none",
          "rawQuery": true,
          "rawSql": "select\n  $__timeGroup(time, $agg_interval),\n  avg(((del-del_lag) * (extract(epoch from '$agg_interval'::interval))) / extract(epoch from time - time_lag)) as \"DELETE-$lag_interval\"\nfrom (\n        select \n          (data->>'tup_deleted')::int8 as del, lag((data->>'tup_deleted')::int8) over w as del_lag,\n          time + '$lag_interval'::interval as time, lag(time) over w + '$lag_interval'::interval as time_lag\n        from db_stats\n        where dbname = '$dbname' and time between ($__timeFrom()::timestamptz - '$lag_interval'::interval) and ($__timeTo()::timestamptz - '$lag_interval'::interval)\n        window w as (order by time)\n) x\nwhere del >= del_lag\ngroup by 1\norder by 1",
          "refId": "B",
          "select": [
            [
              {
                "params": [
                  "value"
                ],
                "type": "column"
              }
            ]
          ],
          "timeColumn": "time",
          "where": [
            {
              "name": "$__timeFilter",
              "params": [],
              "type": "macro"
            }
          ]
        }
      ],
      "thresholds": [],
      "timeFrom": null,
      "timeRegions": [],
      "timeShift": null,
      "title": "DELETE-s",
      "tooltip": {
        "shared": true,
        "sort": 2,
        "value_type": "individual"
      },
      "type": "graph",
      "xaxis": {
        "buckets": null,
        "mode": "time",
        "name": null,
        "show": true,
        "values": []
      },
      "yaxes": [
        {
          "format": "short",
          "label": null,
          "logBase": 1,
          "max": null,
          "min": "0",
          "show": true
        },
        {
          "format": "short",
          "label": null,
          "logBase": 1,
          "max": null,
          "min": null,
          "show": false
        }
      ],
      "yaxis": {
        "align": false,
        "alignLevel": null
      }
    },
    {
      "aliasColors": {},
      "bars": false,
      "dashLength": 10,
      "dashes": false,
      "datasource": null,
      "description": "",
      "fill": 1,
      "fillGradient": 0,
      "gridPos": {
        "h": 8,
        "w": 24,
        "x": 0,
        "y": 64
      },
      "hiddenSeries": false,
      "id": 9,
      "interval": "",
      "legend": {
        "avg": true,
        "current": false,
        "max": false,
        "min": false,
        "show": true,
        "total": false,
        "values": true
      },
      "lines": true,
      "linewidth": 1,
      "nullPointMode": "null",
      "options": {
        "dataLinks": []
      },
      "percentage": false,
      "pointradius": 2,
      "points": false,
      "renderer": "flot",
      "seriesOverrides": [],
      "spaceLength": 10,
      "stack": false,
      "steppedLine": false,
      "targets": [
        {
          "format": "time_series",
          "group": [],
          "hide": false,
          "metricColumn": "none",
          "rawQuery": true,
          "rawSql": "select\n  time,\n  sum(seq_scan) as seq_scan\nfrom (\n  select\n    $__timeGroup(time, $agg_interval),\n    table_full_name,\n    avg((((scan - scan_lag) * (extract(epoch from '$agg_interval'::interval))) / extract(epoch from time - time_lag))) as seq_scan\n  from (\n          select \n            (data->>'seq_scan')::int8 as scan, lag((data->>'seq_scan')::int8) over w as scan_lag,\n            time, lag(time) over w as time_lag,\n            tag_data->>'table_full_name' as table_full_name\n          from table_stats\n          where dbname = '$dbname' and $__timeFilter(time)\n          and (data->>'table_size_b')::int8  > 1e8\n          window w as (partition by tag_data->>'table_full_name' order by time)        \n    ) x\n    where scan >= scan_lag and time > time_lag\n    group by 1, 2\n) y\ngroup by 1\norder by 1\n",
          "refId": "A",
          "select": [
            [
              {
                "params": [
                  "value"
                ],
                "type": "column"
              }
            ]
          ],
          "timeColumn": "time",
          "where": [
            {
              "name": "$__timeFilter",
              "params": [],
              "type": "macro"
            }
          ]
        },
        {
          "format": "time_series",
          "group": [],
          "hide": false,
          "metricColumn": "none",
          "rawQuery": true,
          "rawSql": "select\n  time,\n  sum(seq_scan) as \"seq_scan-$lag_interval\"\nfrom (\n  select\n    $__timeGroup(time, $agg_interval),\n    table_full_name,\n    avg((((scan - scan_lag) * (extract(epoch from '$agg_interval'::interval))) / extract(epoch from time - time_lag))) as seq_scan\n  from (\n          select \n            (data->>'seq_scan')::int8 as scan, lag((data->>'seq_scan')::int8) over w as scan_lag,\n            time + '$lag_interval'::interval as time, lag(time) over w + '$lag_interval'::interval as time_lag,\n            tag_data->>'table_full_name' as table_full_name\n          from table_stats\n          where dbname = '$dbname' and time between ($__timeFrom()::timestamptz - '$lag_interval'::interval) and ($__timeTo()::timestamptz - '$lag_interval'::interval)\n          and (data->>'table_size_b')::int8  > 1e8\n          window w as (partition by tag_data->>'table_full_name' order by time)        \n    ) x\n    where scan >= scan_lag and time > time_lag\n    group by 1, 2\n) y\ngroup by 1\norder by 1\n",
          "refId": "B",
          "select": [
            [
              {
                "params": [
                  "value"
                ],
                "type": "column"
              }
            ]
          ],
          "timeColumn": "time",
          "where": [
            {
              "name": "$__timeFilter",
              "params": [],
              "type": "macro"
            }
          ]
        }
      ],
      "thresholds": [],
      "timeFrom": null,
      "timeRegions": [],
      "timeShift": null,
      "title": "Seq. scans on tables > 100MB",
      "tooltip": {
        "shared": true,
        "sort": 2,
        "value_type": "individual"
      },
      "type": "graph",
      "xaxis": {
        "buckets": null,
        "mode": "time",
        "name": null,
        "show": true,
        "values": []
      },
      "yaxes": [
        {
          "format": "short",
          "label": null,
          "logBase": 1,
          "max": null,
          "min": "0",
          "show": true
        },
        {
          "format": "short",
          "label": null,
          "logBase": 1,
          "max": null,
          "min": null,
          "show": false
        }
      ],
      "yaxis": {
        "align": false,
        "alignLevel": null
      }
    },
    {
      "aliasColors": {},
      "bars": false,
      "dashLength": 10,
      "dashes": false,
      "datasource": null,
      "description": "",
      "fill": 1,
      "fillGradient": 0,
      "gridPos": {
        "h": 8,
        "w": 24,
        "x": 0,
        "y": 72
      },
      "hiddenSeries": false,
      "id": 10,
      "interval": "",
      "legend": {
        "avg": true,
        "current": false,
        "max": false,
        "min": false,
        "show": true,
        "total": false,
        "values": true
      },
      "lines": true,
      "linewidth": 1,
      "nullPointMode": "null",
      "options": {
        "dataLinks": []
      },
      "percentage": false,
      "pointradius": 2,
      "points": false,
      "renderer": "flot",
      "seriesOverrides": [],
      "spaceLength": 10,
      "stack": false,
      "steppedLine": false,
      "targets": [
        {
          "format": "time_series",
          "group": [],
          "hide": false,
          "metricColumn": "none",
          "rawQuery": true,
          "rawSql": "select\n  $__timeGroup(time, $agg_interval),\n  sum(tb-tb_lag) as \"Temp bytes\"\nfrom (\n      select \n          time,\n          lag(time) over w as time_lag,        \n          (data->>'temp_bytes')::int8 as tb,\n          lag((data->>'temp_bytes')::int8) over w as tb_lag\n        from db_stats\n        where dbname = '$dbname' and $__timeFilter(time)\n        window w as (order by time)\n) x\nwhere tb >= tb_lag\ngroup by 1\norder by 1\n",
          "refId": "A",
          "select": [
            [
              {
                "params": [
                  "value"
                ],
                "type": "column"
              }
            ]
          ],
          "timeColumn": "time",
          "where": [
            {
              "name": "$__timeFilter",
              "params": [],
              "type": "macro"
            }
          ]
        },
        {
          "format": "time_series",
          "group": [],
          "hide": false,
          "metricColumn": "none",
          "rawQuery": true,
          "rawSql": "select\n  $__timeGroup(time, $agg_interval),\n  sum(tb-tb_lag) as \"Temp bytes -$lag_interval\"\nfrom (\n      select \n          time + '$lag_interval'::interval as time,\n          (data->>'temp_bytes')::int8 as tb,\n          lag((data->>'temp_bytes')::int8) over w as tb_lag\n        from db_stats\n        where dbname = '$dbname' and time between ($__timeFrom()::timestamptz - '$lag_interval'::interval) and ($__timeTo()::timestamptz - '$lag_interval'::interval)\n        window w as (order by time)\n) x\nwhere tb >= tb_lag\ngroup by 1\norder by 1\n",
          "refId": "B",
          "select": [
            [
              {
                "params": [
                  "value"
                ],
                "type": "column"
              }
            ]
          ],
          "timeColumn": "time",
          "where": [
            {
              "name": "$__timeFilter",
              "params": [],
              "type": "macro"
            }
          ]
        }
      ],
      "thresholds": [],
      "timeFrom": null,
      "timeRegions": [],
      "timeShift": null,
      "title": "Temp bytes",
      "tooltip": {
        "shared": true,
        "sort": 2,
        "value_type": "individual"
      },
      "type": "graph",
      "xaxis": {
        "buckets": null,
        "mode": "time",
        "name": null,
        "show": true,
        "values": []
      },
      "yaxes": [
        {
          "format": "bytes",
          "label": null,
          "logBase": 1,
          "max": null,
          "min": "0",
          "show": true
        },
        {
          "format": "short",
          "label": null,
          "logBase": 1,
          "max": null,
          "min": null,
          "show": false
        }
      ],
      "yaxis": {
        "align": false,
        "alignLevel": null
      }
    },
    {
      "aliasColors": {},
      "bars": false,
      "dashLength": 10,
      "dashes": false,
      "datasource": null,
      "description": "i.e. the Postgres cache ratio",
      "fill": 1,
      "fillGradient": 0,
      "gridPos": {
        "h": 8,
        "w": 24,
        "x": 0,
        "y": 80
      },
      "hiddenSeries": false,
      "id": 11,
      "interval": "",
      "legend": {
        "avg": true,
        "current": false,
        "max": false,
        "min": false,
        "show": true,
        "total": false,
        "values": true
      },
      "lines": true,
      "linewidth": 1,
      "nullPointMode": "null",
      "options": {
        "dataLinks": []
      },
      "percentage": false,
      "pointradius": 2,
      "points": false,
      "renderer": "flot",
      "seriesOverrides": [],
      "spaceLength": 10,
      "stack": false,
      "steppedLine": false,
      "targets": [
        {
          "format": "time_series",
          "group": [],
          "hide": false,
          "metricColumn": "none",
          "rawQuery": true,
          "rawSql": "select\n  $__timeGroup(time, $agg_interval),\n  avg((hit-hit_lag)::numeric / ((hit-hit_lag) + (read-read_lag)))*100 as \"SB hit ratio\"\nfrom (\n        select\n          time,\n          (data->>'blks_hit')::int8 as hit, lag((data->>'blks_hit')::int8) over w as hit_lag,\n          (data->>'blks_read')::int8 as read, lag((data->>'blks_read')::int8) over w as read_lag\n        from db_stats\n        where dbname = '$dbname' and $__timeFilter(time)\n        window w as (order by time)\n) x\nwhere hit > hit_lag or read > read_lag\ngroup by 1\norder by 1",
          "refId": "A",
          "select": [
            [
              {
                "params": [
                  "value"
                ],
                "type": "column"
              }
            ]
          ],
          "timeColumn": "time",
          "where": [
            {
              "name": "$__timeFilter",
              "params": [],
              "type": "macro"
            }
          ]
        },
        {
          "format": "time_series",
          "group": [],
          "hide": false,
          "metricColumn": "none",
          "rawQuery": true,
          "rawSql": "select\n  $__timeGroup(time, $agg_interval),\n  avg((hit-hit_lag)::numeric / ((hit-hit_lag) + (read-read_lag)))*100 as \"SB hit ratio -$lag_interval\"\nfrom (\n        select\n          time + '$lag_interval'::interval as time,\n          (data->>'blks_hit')::int8 as hit, lag((data->>'blks_hit')::int8) over w as hit_lag,\n          (data->>'blks_read')::int8 as read, lag((data->>'blks_read')::int8) over w as read_lag\n        from db_stats\n        where dbname = '$dbname' and time between ($__timeFrom()::timestamptz - '$lag_interval'::interval) and ($__timeTo()::timestamptz - '$lag_interval'::interval)\n        window w as (order by time)\n) x\nwhere hit > hit_lag or read > read_lag\ngroup by 1\norder by 1",
          "refId": "B",
          "select": [
            [
              {
                "params": [
                  "value"
                ],
                "type": "column"
              }
            ]
          ],
          "timeColumn": "time",
          "where": [
            {
              "name": "$__timeFilter",
              "params": [],
              "type": "macro"
            }
          ]
        }
      ],
      "thresholds": [],
      "timeFrom": null,
      "timeRegions": [],
      "timeShift": null,
      "title": "Shared buffers hit ratio",
      "tooltip": {
        "shared": true,
        "sort": 2,
        "value_type": "individual"
      },
      "type": "graph",
      "xaxis": {
        "buckets": null,
        "mode": "time",
        "name": null,
        "show": true,
        "values": []
      },
      "yaxes": [
        {
          "format": "percent",
          "label": null,
          "logBase": 1,
          "max": null,
          "min": null,
          "show": true
        },
        {
          "format": "short",
          "label": null,
          "logBase": 1,
          "max": null,
          "min": null,
          "show": false
        }
      ],
      "yaxis": {
        "align": false,
        "alignLevel": null
      }
    },
    {
      "content": "Brought to you by: <a href=\"https://www.cybertec-postgresql.com/en/\"><img src=\"https://www.cybertec-postgresql.com/wp-content/uploads/2020/11/CYBERTEC_RGB_300x80px.png\" alt=\"Cybertec – The PostgreSQL Database Company\"></a>",
      "datasource": null,
      "gridPos": {
        "h": 8,
        "w": 12,
        "x": 0,
        "y": 88
      },
      "id": 14,
      "mode": "html",
      "timeFrom": null,
      "timeShift": null,
      "title": "",
      "transparent": true,
      "type": "text"
    }
  ],
  "schemaVersion": 22,
  "style": "dark",
  "tags": [
    "pgwatch2"
  ],
  "templating": {
    "list": [
      {
        "allValue": null,
        "current": {
          "selected": true,
          "text": "test",
          "value": "test"
        },
        "datasource": null,
        "definition": "SELECT DISTINCT dbname FROM admin.all_distinct_dbname_metrics ORDER BY 1;",
        "hide": 0,
        "includeAll": false,
        "index": -1,
        "label": null,
        "multi": false,
        "name": "dbname",
        "options": [],
        "query": "SELECT DISTINCT dbname FROM admin.all_distinct_dbname_metrics ORDER BY 1;",
        "refresh": 1,
        "regex": "",
        "skipUrlSync": false,
        "sort": 0,
        "tagValuesQuery": "",
        "tags": [],
        "tagsQuery": "",
        "type": "query",
        "useTags": false
      },
      {
        "auto": false,
        "auto_count": 30,
        "auto_min": "10s",
        "current": {
          "selected": false,
          "text": "10m",
          "value": "10m"
        },
        "hide": 0,
        "label": null,
        "name": "agg_interval",
        "options": [
          {
            "selected": false,
            "text": "1s",
            "value": "1s"
          },
          {
            "selected": false,
            "text": "1m",
            "value": "1m"
          },
          {
            "selected": true,
            "text": "5m",
            "value": "5m"
          },
          {
            "selected": false,
            "text": "10m",
            "value": "10m"
          },
          {
            "selected": false,
            "text": "15m",
            "value": "15m"
          },
          {
            "selected": false,
            "text": "30m",
            "value": "30m"
          },
          {
            "selected": false,
            "text": "1h",
            "value": "1h"
          },
          {
            "selected": false,
            "text": "6h",
            "value": "6h"
          },
          {
            "selected": false,
            "text": "12h",
            "value": "12h"
          },
          {
            "selected": false,
            "text": "1d",
            "value": "1d"
          }
        ],
        "query": "1s,1m,5m,10m,15m,30m,1h,6h,12h,1d",
        "refresh": 2,
        "skipUrlSync": false,
        "type": "interval"
      },
      {
        "auto": false,
        "auto_count": 30,
        "auto_min": "10s",
        "current": {
          "selected": false,
          "text": "1d",
          "value": "1d"
        },
        "hide": 0,
        "label": null,
        "name": "lag_interval",
        "options": [
          {
            "selected": false,
            "text": "1h",
            "value": "1h"
          },
          {
            "selected": false,
            "text": "6h",
            "value": "6h"
          },
          {
            "selected": false,
            "text": "12h",
            "value": "12h"
          },
          {
            "selected": true,
            "text": "1d",
            "value": "1d"
          },
          {
            "selected": false,
            "text": "7d",
            "value": "7d"
          },
          {
            "selected": false,
            "text": "14d",
            "value": "14d"
          },
          {
            "selected": false,
            "text": "30d",
            "value": "30d"
          }
        ],
        "query": "1h,6h,12h,1d,7d,14d,30d",
        "refresh": 2,
        "skipUrlSync": false,
        "type": "interval"
      }
    ]
  },
  "time": {
    "from": "now-6h",
    "to": "now"
  },
  "timepicker": {
    "refresh_intervals": [
      "5s",
      "10s",
      "30s",
      "1m",
      "5m",
      "15m",
      "30m",
      "1h",
      "2h",
      "1d"
    ]
  },
  "timezone": "",
  "title": "DB overview time lag comparison",
  "uid": "db-overview-time-lag",
  "variables": {
    "list": []
  },
  "version": 1
}