{
  "annotations": {
    "list": [
      {
        "builtIn": 1,
        "datasource": "-- Grafana --",
        "enable": true,
        "hide": true,
        "iconColor": "rgba(0, 211, 255, 1)",
        "name": "Annotations & Alerts",
        "type": "dashboard"
      }
    ]
  },
  "editable": true,
  "gnetId": null,
  "graphTooltip": 0,
  "id": null,
  "links": [],
  "panels": [
    {
      "datasource": null,
      "description": "Please adjust the markers as needed! NB! Also the default query assumes that all DBs are separate instances. If not so change the query to add some filters or groupings based on the wal.sys_id column for example or the configured_dbs.continuous_discovery_prefix if using the DB auto-discovery modes. The same applies also for the below \"top\" table panels.",
      "gridPos": {
        "h": 7,
        "w": 8,
        "x": 0,
        "y": 0
      },
      "id": 2,
      "options": {
        "fieldOptions": {
          "calcs": [
            "last"
          ],
          "defaults": {
            "color": {
              "mode": "thresholds"
            },
            "mappings": [],
            "max": 10,
            "min": 0,
            "thresholds": {
              "mode": "absolute",
              "steps": [
                {
                  "color": "dark-red",
                  "value": null
                },
                {
                  "color": "dark-green",
                  "value": 10
                }
              ]
            }
          },
          "overrides": [],
          "values": false
        },
        "orientation": "auto",
        "showThresholdLabels": true,
        "showThresholdMarkers": true
      },
      "pluginVersion": "6.6.1",
      "targets": [
        {
          "format": "time_series",
          "group": [
            {
              "params": [
                "dbname"
              ],
              "type": "column"
            }
          ],
          "metricColumn": "dbname",
          "rawQuery": true,
          "rawSql": "SELECT\n  0 AS \"time\",\n  count(distinct dbname)\nFROM wal\nWHERE\n  $__timeFilter(\"time\")\n  AND (data->'in_recovery_int')::int = 0",
          "refId": "A",
          "select": [
            [
              {
                "params": [
                  "value"
                ],
                "type": "column"
              },
              {
                "params": [
                  "avg"
                ],
                "type": "aggregate"
              },
              {
                "params": [
                  "value"
                ],
                "type": "alias"
              }
            ]
          ],
          "table": "db_stats",
          "timeColumn": "\"time\"",
          "timeColumnType": "timestamptz",
          "where": [
            {
              "name": "$__timeFilter",
              "params": [],
              "type": "macro"
            }
          ]
        }
      ],
      "timeFrom": null,
      "timeShift": null,
      "title": "Monitored primary DB-s ",
      "type": "gauge"
    },
    {
      "datasource": null,
      "description": "Please adjust the markers as needed! NB! Also the default query assumes that all DBs are separate instances. If not so change the query to add some filters or groupings based on the wal.sys_id column for example or the configured_dbs.continuous_discovery_prefix if using the DB auto-discovery modes. The same applies also for the below \"top\" table panels.",
      "gridPos": {
        "h": 7,
        "w": 8,
        "x": 8,
        "y": 0
      },
      "id": 3,
      "options": {
        "fieldOptions": {
          "calcs": [
            "last"
          ],
          "defaults": {
            "color": {
              "mode": "thresholds"
            },
            "mappings": [],
            "max": 10,
            "min": 0,
            "thresholds": {
              "mode": "absolute",
              "steps": [
                {
                  "color": "dark-red",
                  "value": null
                },
                {
                  "color": "dark-orange",
                  "value": 9
                },
                {
                  "color": "dark-green",
                  "value": 10
                }
              ]
            }
          },
          "overrides": [],
          "values": false
        },
        "orientation": "auto",
        "showThresholdLabels": true,
        "showThresholdMarkers": true
      },
      "pluginVersion": "6.6.1",
      "targets": [
        {
          "format": "time_series",
          "group": [
            {
              "params": [
                "dbname"
              ],
              "type": "column"
            }
          ],
          "metricColumn": "dbname",
          "rawQuery": true,
          "rawSql": "SELECT\n  0 AS \"time\",\n  count(distinct dbname)\nFROM\n  wal\nWHERE\n  $__timeFilter(\"time\")\n  AND (data->'in_recovery_int')::int = 1",
          "refId": "A",
          "select": [
            [
              {
                "params": [
                  "value"
                ],
                "type": "column"
              },
              {
                "params": [
                  "avg"
                ],
                "type": "aggregate"
              },
              {
                "params": [
                  "value"
                ],
                "type": "alias"
              }
            ]
          ],
          "table": "db_stats",
          "timeColumn": "\"time\"",
          "timeColumnType": "timestamptz",
          "where": [
            {
              "name": "$__timeFilter",
              "params": [],
              "type": "macro"
            }
          ]
        }
      ],
      "timeFrom": null,
      "timeShift": null,
      "title": "Monitored replica DB-s",
      "type": "gauge"
    },
    {
      "columns": [],
      "datasource": null,
      "description": "Configured to be monitored but no recent data",
      "fontSize": "110%",
      "gridPos": {
        "h": 7,
        "w": 8,
        "x": 16,
        "y": 0
      },
      "id": 5,
      "options": {},
      "pageSize": null,
      "showHeader": true,
      "sort": {
        "col": 2,
        "desc": true
      },
      "styles": [
        {
          "alias": "",
          "align": "auto",
          "colorMode": "row",
          "colors": [
            "#FA6400",
            "#E02F44",
            "#C4162A"
          ],
          "decimals": null,
          "pattern": "last_seen",
          "thresholds": [
            "600",
            "3600"
          ],
          "type": "number",
          "unit": "dtdurations"
        },
        {
          "alias": "",
          "align": "auto",
          "colorMode": null,
          "colors": [
            "rgba(245, 54, 54, 0.9)",
            "rgba(237, 129, 40, 0.89)",
            "rgba(50, 172, 45, 0.97)"
          ],
          "dateFormat": "YYYY-MM-DD HH:mm:ss",
          "decimals": null,
          "mappingType": 1,
          "pattern": "last_seen_uptime",
          "thresholds": [],
          "type": "number",
          "unit": "dtdurations"
        },
        {
          "alias": "",
          "align": "auto",
          "colorMode": null,
          "colors": [
            "rgba(245, 54, 54, 0.9)",
            "rgba(237, 129, 40, 0.89)",
            "rgba(50, 172, 45, 0.97)"
          ],
          "dateFormat": "YYYY-MM-DD HH:mm:ss",
          "decimals": 2,
          "link": true,
          "linkTargetBlank": true,
          "linkTooltip": "Go to Overview dash",
          "linkUrl": "/d/db-overview?var-dbname=${__cell}",
          "mappingType": 1,
          "pattern": "dbname",
          "thresholds": [],
          "type": "string",
          "unit": "short"
        }
      ],
      "targets": [
        {
          "format": "table",
          "group": [],
          "metricColumn": "none",
          "rawQuery": true,
          "rawSql": "SELECT\n dbname,\n (SELECT case when data->>'in_recovery_int' = '0' then 'primary' else 'replica' end from wal where time > now() - '15min'::interval and dbname = c.dbname order by time desc limit 1) as last_role,\n (SELECT (extract(epoch from now() - time))::int from db_stats where dbname = c.dbname order by time desc limit 1) as last_seen,\n (SELECT (data->'postmaster_uptime_s')::int from db_stats where dbname = c.dbname order by time desc limit 1) as last_seen_uptime\nFROM\n  (select dbname, max(time) from configured_dbs where time between now() - '15min'::interval and now() group by dbname) c /* 10min ping interval hardcoded in collector */\nWHERE\n  NOT EXISTS (\n select dbname from db_stats where $__timeFilter(\"time\") and dbname = c.dbname union \n select dbname from pgbouncer_stats where $__timeFilter(\"time\") and dbname = c.dbname \n)",
          "refId": "A",
          "select": [
            [
              {
                "params": [
                  "value"
                ],
                "type": "column"
              }
            ]
          ],
          "timeColumn": "time",
          "where": [
            {
              "name": "$__timeFilter",
              "params": [],
              "type": "macro"
            }
          ]
        }
      ],
      "timeFrom": null,
      "timeShift": null,
      "title": "Offline nodes",
      "transform": "table",
      "type": "table"
    },
    {
      "columns": [],
      "datasource": null,
      "description": "Last $__interval average. 2 /5 % threshold  defaults.",
      "fontSize": "90%",
      "gridPos": {
        "h": 5,
        "w": 8,
        "x": 0,
        "y": 7
      },
      "id": 7,
      "options": {},
      "pageSize": null,
      "showHeader": true,
      "sort": {
        "col": 1,
        "desc": true
      },
      "styles": [
        {
          "alias": "",
          "align": "auto",
          "colorMode": "value",
          "colors": [
            "rgba(50, 172, 45, 0.97)",
            "rgba(237, 129, 40, 0.89)",
            "rgba(245, 54, 54, 0.9)"
          ],
          "decimals": 1,
          "pattern": "rollback_ratio",
          "thresholds": [
            "2",
            "5"
          ],
          "type": "number",
          "unit": "none"
        },
        {
          "alias": "",
          "align": "auto",
          "colorMode": null,
          "colors": [
            "rgba(245, 54, 54, 0.9)",
            "rgba(237, 129, 40, 0.89)",
            "rgba(50, 172, 45, 0.97)"
          ],
          "dateFormat": "YYYY-MM-DD HH:mm:ss",
          "decimals": 2,
          "link": true,
          "linkTargetBlank": true,
          "linkTooltip": "Go to 'Overview' dash",
          "linkUrl": "/d/db-overview?var-dbname=${__cell}",
          "mappingType": 1,
          "pattern": "dbname",
          "thresholds": [],
          "type": "string",
          "unit": "short"
        }
      ],
      "targets": [
        {
          "format": "table",
          "group": [],
          "metricColumn": "none",
          "rawQuery": true,
          "rawSql": "select * from (\nselect\n  dbname,\n  avg((roll-roll_lag)::numeric / ((roll-roll_lag) + (comm-comm_lag)))*100 as \"rollback_ratio\"\nfrom (\n  select\n      dbname,\n      time,\n      (data->>'xact_rollback')::int8 as roll, lag((data->>'xact_rollback')::int8) over w as roll_lag,\n      (data->>'xact_commit')::int8 as comm, lag((data->>'xact_commit')::int8) over w as comm_lag\n  FROM\n      db_stats\n  WHERE\n    $__timeFilter(\"time\")\n    window w as (partition by dbname order by time)\n) x\nWHERE comm > comm_lag or roll > roll_lag\nGROUP BY 1\n) y\nWHERE rollback_ratio > 0\nORDER BY 2 DESC\nLIMIT $top_limit\n",
          "refId": "A",
          "select": [
            [
              {
                "params": [
                  "value"
                ],
                "type": "column"
              }
            ]
          ],
          "timeColumn": "time",
          "where": [
            {
              "name": "$__timeFilter",
              "params": [],
              "type": "macro"
            }
          ]
        }
      ],
      "timeFrom": null,
      "timeShift": null,
      "title": "Top $top_limit by TX rollback %",
      "transform": "table",
      "type": "table"
    },
    {
      "columns": [],
      "datasource": null,
      "description": "Includes \"idle in transaction\" TX.  5 / 10 min default thresholds",
      "fontSize": "90%",
      "gridPos": {
        "h": 5,
        "w": 8,
        "x": 8,
        "y": 7
      },
      "id": 10,
      "options": {},
      "pageSize": null,
      "showHeader": true,
      "sort": {
        "col": 1,
        "desc": true
      },
      "styles": [
        {
          "alias": "",
          "align": "auto",
          "colorMode": "value",
          "colors": [
            "rgba(50, 172, 45, 0.97)",
            "rgba(237, 129, 40, 0.89)",
            "rgba(245, 54, 54, 0.9)"
          ],
          "dateFormat": "YYYY-MM-DD HH:mm:ss",
          "decimals": 1,
          "mappingType": 1,
          "pattern": "longest_tx_seconds",
          "thresholds": [
            "300",
            "600"
          ],
          "type": "number",
          "unit": "dtdurations"
        },
        {
          "alias": "",
          "align": "auto",
          "colorMode": null,
          "colors": [
            "rgba(245, 54, 54, 0.9)",
            "rgba(237, 129, 40, 0.89)",
            "rgba(50, 172, 45, 0.97)"
          ],
          "dateFormat": "YYYY-MM-DD HH:mm:ss",
          "decimals": 2,
          "link": true,
          "linkTargetBlank": true,
          "linkTooltip": "Go to 'Overview' dash",
          "linkUrl": "/d/db-overview?var-dbname=${__cell}",
          "mappingType": 1,
          "pattern": "dbname",
          "thresholds": [],
          "type": "string",
          "unit": "short"
        }
      ],
      "targets": [
        {
          "format": "table",
          "group": [],
          "metricColumn": "none",
          "rawQuery": true,
          "rawSql": "SELECT * FROM (\nSELECT\n  dbname,\n  max((data->'longest_tx_seconds')::int) AS longest_tx_seconds\nFROM\n  backends\nWHERE\n  $__timeFilter(\"time\")\nGROUP BY\n  dbname\n) x\nWHERE longest_tx_seconds > 0\nORDER BY 2 DESC\nLIMIT $top_limit",
          "refId": "A",
          "select": [
            [
              {
                "params": [
                  "value"
                ],
                "type": "column"
              }
            ]
          ],
          "timeColumn": "time",
          "where": [
            {
              "name": "$__timeFilter",
              "params": [],
              "type": "macro"
            }
          ]
        }
      ],
      "timeFrom": null,
      "timeShift": null,
      "title": "Top $top_limit by longest TX time",
      "transform": "table",
      "type": "table"
    },
    {
      "columns": [],
      "datasource": null,
      "description": "Assumes get_stat_activity() helper for non-privileged monitoring users",
      "fontSize": "90%",
      "gridPos": {
        "h": 5,
        "w": 8,
        "x": 16,
        "y": 7
      },
      "id": 6,
      "options": {},
      "pageSize": null,
      "showHeader": true,
      "sort": {
        "col": 1,
        "desc": true
      },
      "styles": [
        {
          "alias": "",
          "align": "auto",
          "colorMode": null,
          "colors": [
            "rgba(245, 54, 54, 0.9)",
            "rgba(237, 129, 40, 0.89)",
            "rgba(50, 172, 45, 0.97)"
          ],
          "dateFormat": "YYYY-MM-DD HH:mm:ss",
          "decimals": 2,
          "link": true,
          "linkTooltip": "Go to Overview dash",
          "linkUrl": "/d/db-overview?var-dbname=${__cell}",
          "mappingType": 1,
          "pattern": "dbname",
          "thresholds": [],
          "type": "string",
          "unit": "short"
        },
        {
          "alias": "",
          "align": "auto",
          "colorMode": "value",
          "colors": [
            "rgba(50, 172, 45, 0.97)",
            "rgba(237, 129, 40, 0.89)",
            "rgba(245, 54, 54, 0.9)"
          ],
          "dateFormat": "YYYY-MM-DD HH:mm:ss",
          "decimals": null,
          "mappingType": 1,
          "pattern": "waiting",
          "thresholds": [
            "1",
            "5"
          ],
          "type": "number",
          "unit": "short"
        }
      ],
      "targets": [
        {
          "format": "table",
          "group": [],
          "metricColumn": "none",
          "rawQuery": true,
          "rawSql": "SELECT\n dbname,\n max((data->'waiting')::int) AS \"waiting\"\nFROM\n  backends\nWHERE\n  $__timeFilter(\"time\")\n  AND (data->'waiting')::int > 0\nGROUP BY\n  1\nORDER BY\n  2 DESC NULLS LAST\nLIMIT\n  $top_limit",
          "refId": "A",
          "select": [
            [
              {
                "params": [
                  "value"
                ],
                "type": "column"
              }
            ]
          ],
          "timeColumn": "time",
          "where": [
            {
              "name": "$__timeFilter",
              "params": [],
              "type": "macro"
            }
          ]
        }
      ],
      "timeFrom": null,
      "timeShift": null,
      "title": "Top $top_limit by blocked sessions",
      "transform": "table",
      "type": "table"
    },
    {
      "columns": [],
      "datasource": null,
      "description": "Assumes get_stat_activity() helper for non-privileged monitoring users",
      "fontSize": "90%",
      "gridPos": {
        "h": 5,
        "w": 8,
        "x": 0,
        "y": 12
      },
      "id": 14,
      "options": {},
      "pageSize": null,
      "showHeader": true,
      "sort": {
        "col": 1,
        "desc": true
      },
      "styles": [
        {
          "alias": "",
          "align": "auto",
          "colorMode": null,
          "colors": [
            "rgba(245, 54, 54, 0.9)",
            "rgba(237, 129, 40, 0.89)",
            "rgba(50, 172, 45, 0.97)"
          ],
          "dateFormat": "YYYY-MM-DD HH:mm:ss",
          "decimals": 2,
          "link": true,
          "linkTooltip": "Go to Overview dash",
          "linkUrl": "/d/db-overview?var-dbname=${__cell}",
          "mappingType": 1,
          "pattern": "dbname",
          "thresholds": [],
          "type": "string",
          "unit": "short"
        },
        {
          "alias": "",
          "align": "auto",
          "colorMode": "value",
          "colors": [
            "rgba(50, 172, 45, 0.97)",
            "rgba(237, 129, 40, 0.89)",
            "rgba(245, 54, 54, 0.9)"
          ],
          "dateFormat": "YYYY-MM-DD HH:mm:ss",
          "decimals": null,
          "mappingType": 1,
          "pattern": "waiting",
          "thresholds": [
            "1",
            "5"
          ],
          "type": "number",
          "unit": "short"
        }
      ],
      "targets": [
        {
          "format": "table",
          "group": [],
          "metricColumn": "none",
          "rawQuery": true,
          "rawSql": "SELECT\n dbname,\n round(100 * instance_total::numeric / max_connections, 1) AS \"pct_used\",\n instance_total AS used_connections,\n max_connections\nFROM\n  (\n    select\n      distinct on (dbname)\n      dbname,\n      (data->'max_connections')::int as max_connections,\n      (data->'instance_total')::int as instance_total\n    FROM\n      backends\n    WHERE\n      $__timeFilter(time)\n    order by dbname, time desc\n  ) x\nORDER BY\n  2 DESC NULLS LAST\nLIMIT\n  $top_limit",
          "refId": "A",
          "select": [
            [
              {
                "params": [
                  "value"
                ],
                "type": "column"
              }
            ]
          ],
          "timeColumn": "time",
          "where": [
            {
              "name": "$__timeFilter",
              "params": [],
              "type": "macro"
            }
          ]
        }
      ],
      "timeFrom": null,
      "timeShift": null,
      "title": "Top $top_limit by used connections",
      "transform": "table",
      "type": "table"
    },
    {
      "columns": [],
      "datasource": null,
      "description": "100 MB / 1 GB default threshold",
      "fontSize": "90%",
      "gridPos": {
        "h": 5,
        "w": 8,
        "x": 8,
        "y": 12
      },
      "id": 9,
      "options": {},
      "pageSize": null,
      "showHeader": true,
      "sort": {
        "col": 1,
        "desc": true
      },
      "styles": [
        {
          "alias": "",
          "align": "auto",
          "colorMode": "value",
          "colors": [
            "rgba(50, 172, 45, 0.97)",
            "rgba(237, 129, 40, 0.89)",
            "rgba(245, 54, 54, 0.9)"
          ],
          "dateFormat": "YYYY-MM-DD HH:mm:ss",
          "decimals": null,
          "mappingType": 1,
          "pattern": "temp_bytes_per_minute",
          "thresholds": [
            "100000000",
            "1000000000"
          ],
          "type": "number",
          "unit": "bytes"
        },
        {
          "alias": "Go to 'Overview' dash",
          "align": "auto",
          "colorMode": null,
          "colors": [
            "rgba(245, 54, 54, 0.9)",
            "rgba(237, 129, 40, 0.89)",
            "rgba(50, 172, 45, 0.97)"
          ],
          "dateFormat": "YYYY-MM-DD HH:mm:ss",
          "decimals": 2,
          "link": true,
          "linkTargetBlank": true,
          "linkTooltip": "Go to 'Overview' dash",
          "linkUrl": "/d/db-overview?var-dbname=${__cell}",
          "mappingType": 1,
          "pattern": "dbname",
          "thresholds": [],
          "type": "string",
          "unit": "short"
        }
      ],
      "targets": [
        {
          "format": "table",
          "group": [],
          "metricColumn": "none",
          "rawQuery": true,
          "rawSql": "select * from (\nselect\n  dbname,\n  avg((tb-tb_lag) / (etime - lag_etime))*60 as \"temp_bytes_per_minute\"\nfrom (\n        select\n          dbname,\n          (data->>'temp_bytes')::int8 as tb, lag((data->>'temp_bytes')::int8) over w as tb_lag,\n          (extract(epoch from time))::int8 as etime,\n          (lag(extract(epoch from time)) over w)::int8 as lag_etime\n        from db_stats\n        where $__timeFilter(time)\n        window w as (partition by dbname order by time)\n) x\nwhere\n  tb >= tb_lag and etime > lag_etime\ngroup by\n  dbname\n) y\nwhere temp_bytes_per_minute > 0\norder by 2 desc\nlimit $top_limit",
          "refId": "A",
          "select": [
            [
              {
                "params": [
                  "value"
                ],
                "type": "column"
              }
            ]
          ],
          "timeColumn": "time",
          "where": [
            {
              "name": "$__timeFilter",
              "params": [],
              "type": "macro"
            }
          ]
        }
      ],
      "timeFrom": null,
      "timeShift": null,
      "title": "Top $top_limit by temp. files",
      "transform": "table",
      "type": "table"
    },
    {
      "columns": [],
      "datasource": null,
      "description": "1 / 16 MB default thresholds",
      "fontSize": "90%",
      "gridPos": {
        "h": 5,
        "w": 8,
        "x": 16,
        "y": 12
      },
      "id": 8,
      "options": {},
      "pageSize": null,
      "showHeader": true,
      "sort": {
        "col": 1,
        "desc": true
      },
      "styles": [
        {
          "alias": "",
          "align": "auto",
          "colorMode": "value",
          "colors": [
            "rgba(50, 172, 45, 0.97)",
            "rgba(237, 129, 40, 0.89)",
            "rgba(245, 54, 54, 0.9)"
          ],
          "dateFormat": "YYYY-MM-DD HH:mm:ss",
          "decimals": null,
          "mappingType": 1,
          "pattern": "replay_lag_b",
          "thresholds": [
            "1000000",
            "16000000"
          ],
          "type": "number",
          "unit": "bytes"
        },
        {
          "alias": "",
          "align": "auto",
          "colorMode": null,
          "colors": [
            "rgba(245, 54, 54, 0.9)",
            "rgba(237, 129, 40, 0.89)",
            "rgba(50, 172, 45, 0.97)"
          ],
          "dateFormat": "YYYY-MM-DD HH:mm:ss",
          "decimals": 2,
          "link": true,
          "linkTargetBlank": true,
          "linkTooltip": "Go to 'Replication' dash",
          "linkUrl": "/d/replication?var-dbname=${__cell}",
          "mappingType": 1,
          "pattern": "dbname",
          "thresholds": [],
          "type": "string",
          "unit": "short"
        }
      ],
      "targets": [
        {
          "format": "table",
          "group": [],
          "metricColumn": "none",
          "rawQuery": true,
          "rawSql": "select * from (\nselect \n  dbname,\n  max((data->'replay_lag_b')::int8) as replay_lag_b\nfrom\n  replication\nwhere\n  (data->'replay_lag_b')::int8 > 0\ngroup by\n  dbname\n) x\norder by 2 desc\nlimit $top_limit",
          "refId": "A",
          "select": [
            [
              {
                "params": [
                  "value"
                ],
                "type": "column"
              }
            ]
          ],
          "timeColumn": "time",
          "where": [
            {
              "name": "$__timeFilter",
              "params": [],
              "type": "macro"
            }
          ]
        }
      ],
      "timeFrom": null,
      "timeShift": null,
      "title": "Top $top_limit by replication lag",
      "transform": "table",
      "type": "table"
    },
    {
      "columns": [],
      "datasource": null,
      "description": "Assumes \"psutil_disk\" helper. 10 / 5% default warning thresholds",
      "fontSize": "90%",
      "gridPos": {
        "h": 5,
        "w": 8,
        "x": 0,
        "y": 17
      },
      "id": 11,
      "options": {},
      "pageSize": null,
      "showHeader": true,
      "sort": {
        "col": 1,
        "desc": true
      },
      "styles": [
        {
          "alias": "",
          "align": "auto",
          "colorMode": "value",
          "colors": [
            "rgba(50, 172, 45, 0.97)",
            "rgba(237, 129, 40, 0.89)",
            "rgba(245, 54, 54, 0.9)"
          ],
          "dateFormat": "YYYY-MM-DD HH:mm:ss",
          "decimals": 1,
          "mappingType": 1,
          "pattern": "used_percent",
          "thresholds": [
            "80",
            "90"
          ],
          "type": "number",
          "unit": "short"
        },
        {
          "alias": "",
          "align": "auto",
          "colorMode": null,
          "colors": [
            "rgba(245, 54, 54, 0.9)",
            "rgba(237, 129, 40, 0.89)",
            "rgba(50, 172, 45, 0.97)"
          ],
          "dateFormat": "YYYY-MM-DD HH:mm:ss",
          "decimals": 2,
          "link": true,
          "linkTargetBlank": true,
          "linkTooltip": "Go to 'System Stats' dash",
          "linkUrl": "/d/system-stats?var-dbname=${__cell}",
          "mappingType": 1,
          "pattern": "dbname",
          "thresholds": [],
          "type": "string",
          "unit": "short"
        }
      ],
      "targets": [
        {
          "format": "table",
          "group": [],
          "metricColumn": "none",
          "rawQuery": true,
          "rawSql": "select * from (\nselect \n  dbname,\n  max((data->'percent')::float) as used_percent\nfrom\n  psutil_disk\nwhere\n  $__timeFilter(\"time\")\n  and (data->'percent')::float > 0\ngroup by\n  dbname\n) x\norder by 2 desc nulls last\nlimit $top_limit",
          "refId": "A",
          "select": [
            [
              {
                "params": [
                  "value"
                ],
                "type": "column"
              }
            ]
          ],
          "timeColumn": "time",
          "where": [
            {
              "name": "$__timeFilter",
              "params": [],
              "type": "macro"
            }
          ]
        }
      ],
      "timeFrom": null,
      "timeShift": null,
      "title": "Lowest $top_limit by free disk %",
      "transform": "table",
      "type": "table"
    },
    {
      "columns": [],
      "datasource": null,
      "description": "Assumes \"psutil_cpu\" helpers are installed and configured",
      "fontSize": "90%",
      "gridPos": {
        "h": 5,
        "w": 8,
        "x": 8,
        "y": 17
      },
      "id": 15,
      "options": {},
      "pageSize": null,
      "showHeader": true,
      "sort": {
        "col": 1,
        "desc": true
      },
      "styles": [
        {
          "alias": "",
          "align": "auto",
          "colorMode": null,
          "colors": [
            "rgba(245, 54, 54, 0.9)",
            "rgba(237, 129, 40, 0.89)",
            "rgba(50, 172, 45, 0.97)"
          ],
          "dateFormat": "YYYY-MM-DD HH:mm:ss",
          "decimals": 2,
          "link": true,
          "linkTooltip": "Go to Overview dash",
          "linkUrl": "/d/db-overview?var-dbname=${__cell}",
          "mappingType": 1,
          "pattern": "dbname",
          "thresholds": [],
          "type": "string",
          "unit": "short"
        },
        {
          "alias": "",
          "align": "auto",
          "colorMode": "value",
          "colors": [
            "rgba(50, 172, 45, 0.97)",
            "rgba(237, 129, 40, 0.89)",
            "rgba(245, 54, 54, 0.9)"
          ],
          "dateFormat": "YYYY-MM-DD HH:mm:ss",
          "decimals": 1,
          "mappingType": 1,
          "pattern": "cpu_utilization",
          "thresholds": [
            "30",
            "60"
          ],
          "type": "number",
          "unit": "percent"
        }
      ],
      "targets": [
        {
          "format": "table",
          "group": [],
          "metricColumn": "none",
          "rawQuery": true,
          "rawSql": "SELECT\n dbname,\n round(max((data->'cpu_utilization')::numeric), 1) AS \"cpu_utilization\"\nFROM\n  psutil_cpu\nWHERE\n  $__timeFilter(\"time\")\nGROUP BY\n  1\nORDER BY\n  2 DESC NULLS LAST\nLIMIT\n  $top_limit",
          "refId": "A",
          "select": [
            [
              {
                "params": [
                  "value"
                ],
                "type": "column"
              }
            ]
          ],
          "timeColumn": "time",
          "where": [
            {
              "name": "$__timeFilter",
              "params": [],
              "type": "macro"
            }
          ]
        }
      ],
      "timeFrom": null,
      "timeShift": null,
      "title": "Top $top_limit by CPU utilization %",
      "transform": "table",
      "type": "table"
    },
    {
      "columns": [],
      "datasource": null,
      "description": "Needs \"get_wal_size\" helper for unprivileged monitoring users",
      "fontSize": "90%",
      "gridPos": {
        "h": 5,
        "w": 8,
        "x": 16,
        "y": 17
      },
      "id": 16,
      "options": {},
      "pageSize": null,
      "showHeader": true,
      "sort": {
        "col": 1,
        "desc": true
      },
      "styles": [
        {
          "alias": "",
          "align": "auto",
          "colorMode": null,
          "colors": [
            "rgba(245, 54, 54, 0.9)",
            "rgba(237, 129, 40, 0.89)",
            "rgba(50, 172, 45, 0.97)"
          ],
          "dateFormat": "YYYY-MM-DD HH:mm:ss",
          "decimals": 2,
          "link": true,
          "linkTooltip": "Go to Overview dash",
          "linkUrl": "/d/db-overview?var-dbname=${__cell}",
          "mappingType": 1,
          "pattern": "dbname",
          "thresholds": [],
          "type": "string",
          "unit": "short"
        },
        {
          "alias": "",
          "align": "auto",
          "colorMode": null,
          "colors": [
            "rgba(245, 54, 54, 0.9)",
            "rgba(237, 129, 40, 0.89)",
            "rgba(50, 172, 45, 0.97)"
          ],
          "dateFormat": "YYYY-MM-DD HH:mm:ss",
          "decimals": 1,
          "mappingType": 1,
          "pattern": "wal_size",
          "thresholds": [],
          "type": "number",
          "unit": "bytes"
        }
      ],
      "targets": [
        {
          "format": "table",
          "group": [],
          "metricColumn": "none",
          "rawQuery": true,
          "rawSql": "SELECT\n dbname,\n max((data->'wal_size_b')::int8) as wal_size\nFROM\n  wal_size\nWHERE\n  $__timeFilter(\"time\")\nGROUP BY\n  1\nORDER BY\n  2 DESC NULLS LAST\nLIMIT\n  $top_limit",
          "refId": "A",
          "select": [
            [
              {
                "params": [
                  "value"
                ],
                "type": "column"
              }
            ]
          ],
          "timeColumn": "time",
          "where": [
            {
              "name": "$__timeFilter",
              "params": [],
              "type": "macro"
            }
          ]
        }
      ],
      "timeFrom": null,
      "timeShift": null,
      "title": "Top $top_limit by WAL folder size",
      "transform": "table",
      "type": "table"
    },
    {
      "content": "Brought to you by: <a href=\"https://www.cybertec-postgresql.com/en/\"><img src=\"https://www.cybertec-postgresql.com/wp-content/uploads/2020/11/CYBERTEC_RGB_300x80px.png\" alt=\"Cybertec – The PostgreSQL Database Company\"></a>",
      "datasource": null,
      "gridPos": {
        "h": 8,
        "w": 24,
        "x": 0,
        "y": 22
      },
      "id": 13,
      "mode": "html",
      "options": {},
      "timeFrom": null,
      "timeShift": null,
      "title": "",
      "transparent": true,
      "type": "text"
    }
  ],
  "refresh": "1m",
  "schemaVersion": 22,
  "style": "dark",
  "tags": [
    "pgwatch2"
  ],
  "templating": {
    "list": [
      {
        "allValue": null,
        "current": {
          "selected": false,
          "text": "3",
          "value": "3"
        },
        "hide": 0,
        "includeAll": false,
        "label": null,
        "multi": false,
        "name": "top_limit",
        "options": [
          {
            "selected": false,
            "text": "1",
            "value": "1"
          },
          {
            "selected": true,
            "text": "3",
            "value": "3"
          },
          {
            "selected": false,
            "text": "5",
            "value": "5"
          },
          {
            "selected": false,
            "text": "10",
            "value": "10"
          }
        ],
        "query": "1,3,5,10",
        "skipUrlSync": false,
        "type": "custom"
      }
    ]
  },
  "time": {
    "from": "now-5m",
    "to": "now"
  },
  "timepicker": {
    "refresh_intervals": [
      "5s",
      "10s",
      "30s",
      "1m",
      "5m",
      "15m",
      "30m",
      "1h",
      "2h",
      "1d"
    ]
  },
  "timezone": "",
  "title": "Global Health",
  "uid": "global-health",
  "version": 1
}
