{
  "annotations": {
    "list": [
      {
        "builtIn": 1,
        "datasource": "-- Grafana --",
        "enable": true,
        "hide": true,
        "iconColor": "rgba(0, 211, 255, 1)",
        "name": "Annotations & Alerts",
        "type": "dashboard"
      }
    ]
  },
  "editable": true,
  "gnetId": null,
  "graphTooltip": 0,
  "id": null,
  "links": [],
  "panels": [
    {
      "columns": [],
      "datasource": null,
      "fontSize": "100%",
      "gridPos": {
        "h": 5,
        "w": 24,
        "x": 0,
        "y": 0
      },
      "id": 8,
      "links": [],
      "pageSize": null,
      "scroll": true,
      "showHeader": true,
      "sort": {
        "col": 3,
        "desc": true
      },
      "styles": [
        {
          "alias": "Time",
          "dateFormat": "YYYY-MM-DD HH:mm:ss",
          "pattern": "Time",
          "type": "hidden"
        },
        {
          "alias": "",
          "colorMode": null,
          "colors": [
            "rgba(245, 54, 54, 0.9)",
            "rgba(237, 129, 40, 0.89)",
            "rgba(50, 172, 45, 0.97)"
          ],
          "dateFormat": "YYYY-MM-DD HH:mm:ss",
          "decimals": 2,
          "mappingType": 1,
          "pattern": "index_def_hash",
          "thresholds": [],
          "type": "hidden",
          "unit": "short"
        },
        {
          "alias": "",
          "colorMode": null,
          "colors": [
            "rgba(245, 54, 54, 0.9)",
            "rgba(237, 129, 40, 0.89)",
            "rgba(50, 172, 45, 0.97)"
          ],
          "dateFormat": "YYYY-MM-DD HH:mm:ss",
          "decimals": 1,
          "mappingType": 1,
          "pattern": "max_index_size",
          "thresholds": [],
          "type": "number",
          "unit": "bytes"
        },
        {
          "alias": "",
          "colorMode": null,
          "colors": [
            "rgba(245, 54, 54, 0.9)",
            "rgba(237, 129, 40, 0.89)",
            "rgba(50, 172, 45, 0.97)"
          ],
          "dateFormat": "YYYY-MM-DD HH:mm:ss",
          "decimals": 2,
          "link": true,
          "linkTargetBlank": true,
          "linkTooltip": "Opens 'Table details' dashboard",
          "linkUrl": "/d/table-details?var-dbname=${__cell_1}&var-table_full_name=${__cell}",
          "mappingType": 1,
          "pattern": "table_full_name",
          "thresholds": [],
          "type": "string",
          "unit": "short"
        },
        {
          "alias": "",
          "colorMode": null,
          "colors": [
            "rgba(245, 54, 54, 0.9)",
            "rgba(237, 129, 40, 0.89)",
            "rgba(50, 172, 45, 0.97)"
          ],
          "dateFormat": "YYYY-MM-DD HH:mm:ss",
          "decimals": 0,
          "mappingType": 1,
          "pattern": "count",
          "thresholds": [],
          "type": "number",
          "unit": "short"
        },
        {
          "alias": "",
          "colorMode": null,
          "colors": [
            "rgba(245, 54, 54, 0.9)",
            "rgba(237, 129, 40, 0.89)",
            "rgba(50, 172, 45, 0.97)"
          ],
          "decimals": 2,
          "pattern": "/.*/",
          "thresholds": [],
          "type": "number",
          "unit": "short"
        }
      ],
      "targets": [
        {
          "format": "table",
          "group": [],
          "groupBy": [
            {
              "params": [
                "$__interval"
              ],
              "type": "time"
            },
            {
              "params": [
                "null"
              ],
              "type": "fill"
            }
          ],
          "metricColumn": "none",
          "orderByTime": "ASC",
          "policy": "default",
          "query": "select \"index_def\", \"max_index_size\", \"count\" from (select mode(\"index_def\") as \"index_def\", count(distinct(\"index_full_name_val\")), max(\"index_size_b\") as \"max_index_size\"  from index_stats where \"dbname\" =~ /^$dbname$/  AND $timeFilter group by \"table_full_name\", \"index_def_hash\", \"dbname\") where \"count\" > 1 group by \"table_full_name\", \"index_def_hash\", \"dbname\"",
          "rawQuery": true,
          "rawSql": "--select \"index_def\", \"max_index_size\", \"count\" from (select mode(\"index_def\") as \"index_def\", count(distinct(\"index_full_name_val\")), max(\"index_size_b\") as \"max_index_size\"  \n-- from index_stats where \"dbname\" =~ /^$dbname$/  AND $timeFilter group by \"table_full_name\", \"index_def_hash\", \"dbname\") where \"count\" > 1 \n--group by \"table_full_name\", \"index_def_hash\", \"dbname\"\nSELECT\n  dbname,\n  tag_data->>'table_full_name' as table_full_name,\n  data->>'index_def' as index_def,\n  max((data->'index_size_b')::int8) as max_index_size,\n  count(*)\nFROM\n  index_stats\nWHERE\n  time in (select max(time) from index_stats where $__timeFilter(time) AND dbname in ($dbname) group by dbname)\n  AND dbname in ($dbname)\nGROUP BY\n  1, 2, 3\nHAVING\n  count(*) > 1",
          "refId": "A",
          "resultFormat": "table",
          "select": [
            [
              {
                "params": [
                  "value"
                ],
                "type": "field"
              },
              {
                "params": [],
                "type": "mean"
              }
            ]
          ],
          "tags": [],
          "timeColumn": "time",
          "where": [
            {
              "name": "$__timeFilter",
              "params": [],
              "type": "macro"
            }
          ]
        }
      ],
      "timeFrom": "15m",
      "title": "Duplicated indexes",
      "transform": "table",
      "type": "table"
    },
    {
      "columns": [],
      "datasource": null,
      "description": "NB! Before dropping indexes make sure they are not used on replicas, if having any. FYI - one could also adjust the default 0 threshold so that \"little used\" indexes are shown",
      "fontSize": "100%",
      "gridPos": {
        "h": 5,
        "w": 24,
        "x": 0,
        "y": 5
      },
      "id": 10,
      "links": [],
      "pageSize": null,
      "scroll": true,
      "showHeader": true,
      "sort": {
        "col": 3,
        "desc": true
      },
      "styles": [
        {
          "alias": "Time",
          "dateFormat": "YYYY-MM-DD HH:mm:ss",
          "pattern": "Time",
          "type": "hidden"
        },
        {
          "alias": "",
          "colorMode": null,
          "colors": [
            "rgba(245, 54, 54, 0.9)",
            "rgba(237, 129, 40, 0.89)",
            "rgba(50, 172, 45, 0.97)"
          ],
          "dateFormat": "YYYY-MM-DD HH:mm:ss",
          "decimals": 2,
          "link": true,
          "linkTargetBlank": true,
          "linkTooltip": "Opens 'Table details' dashboard",
          "linkUrl": "/d/table-details?var-dbname=${__cell_1}&var-table_full_name=${__cell}",
          "mappingType": 1,
          "pattern": "table_full_name",
          "thresholds": [],
          "type": "string",
          "unit": "short"
        },
        {
          "alias": "",
          "colorMode": null,
          "colors": [
            "rgba(245, 54, 54, 0.9)",
            "rgba(237, 129, 40, 0.89)",
            "rgba(50, 172, 45, 0.97)"
          ],
          "dateFormat": "YYYY-MM-DD HH:mm:ss",
          "decimals": 1,
          "mappingType": 1,
          "pattern": "index_size",
          "thresholds": [],
          "type": "number",
          "unit": "bytes"
        },
        {
          "alias": "",
          "colorMode": null,
          "colors": [
            "rgba(245, 54, 54, 0.9)",
            "rgba(237, 129, 40, 0.89)",
            "rgba(50, 172, 45, 0.97)"
          ],
          "decimals": 2,
          "pattern": "/.*/",
          "thresholds": [],
          "type": "number",
          "unit": "short"
        }
      ],
      "targets": [
        {
          "format": "table",
          "group": [],
          "groupBy": [
            {
              "params": [
                "$__interval"
              ],
              "type": "time"
            },
            {
              "params": [
                "null"
              ],
              "type": "fill"
            }
          ],
          "metricColumn": "none",
          "orderByTime": "ASC",
          "policy": "default",
          "query": "select \"index_size\", \"idx_scans_from_last_reset\" from (select last(\"index_size_b\") as \"index_size\", last(\"idx_scan\") as \"idx_scans_from_last_reset\", last(\"is_pk\") as \"is_pk\" from index_stats where \"dbname\" =~ /^$dbname$/  AND $timeFilter group by \"table_full_name\", \"index_full_name\", \"dbname\") where  \"idx_scans_from_last_reset\" = 0 and \"is_pk\" = false group by \"table_full_name\", \"index_full_name\", \"dbname\"",
          "rawQuery": true,
          "rawSql": "SELECT\n  dbname,\n  tag_data->>'index_full_name' as index_full_name,\n  tag_data->>'table_full_name' as table_full_name,\n  max((data->'index_size_b')::int8) as index_size,\n  max((data->'idx_scan')::int8) as idx_scans_from_last_reset\nFROM\n  index_stats\nWHERE\n  time in (select max(time) from index_stats where $__timeFilter(time) AND dbname in ($dbname) group by dbname)\n  AND dbname in ($dbname)\n  AND (data->'idx_scan')::int8 = 0\n  AND (data->'is_pk_int')::int8 = 0\n  AND coalesce((data->'is_uq_or_exc')::int8, 0) = 0\nGROUP BY\n  1, 2, 3\nORDER BY\n  4 desc",
          "refId": "A",
          "resultFormat": "table",
          "select": [
            [
              {
                "params": [
                  "value"
                ],
                "type": "field"
              },
              {
                "params": [],
                "type": "mean"
              }
            ]
          ],
          "tags": [],
          "timeColumn": "time",
          "where": [
            {
              "name": "$__timeFilter",
              "params": [],
              "type": "macro"
            }
          ]
        }
      ],
      "timeFrom": "15m",
      "title": "Unused indexes (Non-PK)",
      "transform": "table",
      "type": "table"
    },
    {
      "columns": [],
      "datasource": null,
      "fontSize": "100%",
      "gridPos": {
        "h": 4,
        "w": 24,
        "x": 0,
        "y": 10
      },
      "id": 11,
      "links": [],
      "pageSize": null,
      "scroll": true,
      "showHeader": true,
      "sort": {
        "col": 3,
        "desc": true
      },
      "styles": [
        {
          "alias": "Time",
          "dateFormat": "YYYY-MM-DD HH:mm:ss",
          "pattern": "Time",
          "type": "hidden"
        },
        {
          "alias": "",
          "colorMode": null,
          "colors": [
            "rgba(245, 54, 54, 0.9)",
            "rgba(237, 129, 40, 0.89)",
            "rgba(50, 172, 45, 0.97)"
          ],
          "dateFormat": "YYYY-MM-DD HH:mm:ss",
          "decimals": 2,
          "link": true,
          "linkTargetBlank": true,
          "linkTooltip": "Opens 'Table details' dashboard",
          "linkUrl": "/d/table-details?var-dbname=${__cell_1}&var-table_full_name=${__cell}",
          "mappingType": 1,
          "pattern": "table_full_name",
          "thresholds": [],
          "type": "string",
          "unit": "short"
        },
        {
          "alias": "",
          "colorMode": null,
          "colors": [
            "rgba(245, 54, 54, 0.9)",
            "rgba(237, 129, 40, 0.89)",
            "rgba(50, 172, 45, 0.97)"
          ],
          "dateFormat": "YYYY-MM-DD HH:mm:ss",
          "decimals": 1,
          "mappingType": 1,
          "pattern": "index_size",
          "thresholds": [],
          "type": "number",
          "unit": "bytes"
        },
        {
          "alias": "",
          "colorMode": null,
          "colors": [
            "rgba(245, 54, 54, 0.9)",
            "rgba(237, 129, 40, 0.89)",
            "rgba(50, 172, 45, 0.97)"
          ],
          "decimals": 2,
          "pattern": "/.*/",
          "thresholds": [],
          "type": "number",
          "unit": "short"
        }
      ],
      "targets": [
        {
          "format": "table",
          "group": [],
          "groupBy": [
            {
              "params": [
                "$__interval"
              ],
              "type": "time"
            },
            {
              "params": [
                "null"
              ],
              "type": "fill"
            }
          ],
          "metricColumn": "none",
          "orderByTime": "ASC",
          "policy": "default",
          "query": "select \"index_size\" from (select last(\"index_size_b\") as \"index_size\", last(\"is_invalid_int\") as \"is_invalid_int\" from index_stats where \"dbname\" =~ /^$dbname$/  AND $timeFilter group by \"table_full_name\", \"index_full_name\", \"dbname\") where  \"is_invalid_int\" = 1 group by \"table_full_name\", \"index_full_name\", \"dbname\"",
          "rawQuery": true,
          "rawSql": "SELECT\n  dbname,\n  tag_data->>'index_full_name' as index_full_name,\n  tag_data->>'table_full_name' as table_full_name,\n  max((data->'index_size_b')::int8) as index_size\nFROM\n  index_stats\nWHERE\n  time in (select max(time) from index_stats where $__timeFilter(time) AND dbname in ($dbname) group by dbname)\n  AND dbname in ($dbname)\n  AND (data->'is_invalid_int')::int8 = 1\nGROUP BY\n  1, 2, 3\nORDER BY\n  4 desc",
          "refId": "A",
          "resultFormat": "table",
          "select": [
            [
              {
                "params": [
                  "value"
                ],
                "type": "field"
              },
              {
                "params": [],
                "type": "mean"
              }
            ]
          ],
          "tags": [],
          "timeColumn": "time",
          "where": [
            {
              "name": "$__timeFilter",
              "params": [],
              "type": "macro"
            }
          ]
        }
      ],
      "timeFrom": "15m",
      "title": "Invalid indexes",
      "transform": "table",
      "type": "table"
    },
    {
      "columns": [],
      "datasource": null,
      "fontSize": "100%",
      "gridPos": {
        "h": 8,
        "w": 24,
        "x": 0,
        "y": 14
      },
      "id": 9,
      "links": [],
      "pageSize": null,
      "scroll": true,
      "showHeader": true,
      "sort": {
        "col": 3,
        "desc": true
      },
      "styles": [
        {
          "alias": "Time",
          "dateFormat": "YYYY-MM-DD HH:mm:ss",
          "pattern": "Time",
          "type": "hidden"
        },
        {
          "alias": "",
          "colorMode": null,
          "colors": [
            "rgba(245, 54, 54, 0.9)",
            "rgba(237, 129, 40, 0.89)",
            "rgba(50, 172, 45, 0.97)"
          ],
          "dateFormat": "YYYY-MM-DD HH:mm:ss",
          "decimals": 2,
          "link": true,
          "linkTargetBlank": true,
          "linkTooltip": "Opens 'Table details' dashboard",
          "linkUrl": "/d/table-details?var-dbname=${__cell_1}&var-table_full_name=${__cell}",
          "mappingType": 1,
          "pattern": "table_full_name",
          "thresholds": [],
          "type": "string",
          "unit": "short"
        },
        {
          "alias": "index_size",
          "colorMode": null,
          "colors": [
            "rgba(245, 54, 54, 0.9)",
            "rgba(237, 129, 40, 0.89)",
            "rgba(50, 172, 45, 0.97)"
          ],
          "dateFormat": "YYYY-MM-DD HH:mm:ss",
          "decimals": 1,
          "mappingType": 1,
          "pattern": "top",
          "thresholds": [],
          "type": "number",
          "unit": "bytes"
        },
        {
          "alias": "",
          "colorMode": null,
          "colors": [
            "rgba(245, 54, 54, 0.9)",
            "rgba(237, 129, 40, 0.89)",
            "rgba(50, 172, 45, 0.97)"
          ],
          "dateFormat": "YYYY-MM-DD HH:mm:ss",
          "decimals": 1,
          "mappingType": 1,
          "pattern": "idx_scans_from_last_reset",
          "thresholds": [],
          "type": "number",
          "unit": "short"
        },
        {
          "alias": "",
          "colorMode": null,
          "colors": [
            "rgba(245, 54, 54, 0.9)",
            "rgba(237, 129, 40, 0.89)",
            "rgba(50, 172, 45, 0.97)"
          ],
          "decimals": 2,
          "pattern": "/.*/",
          "thresholds": [],
          "type": "number",
          "unit": "short"
        }
      ],
      "targets": [
        {
          "format": "table",
          "group": [],
          "groupBy": [
            {
              "params": [
                "$__interval"
              ],
              "type": "time"
            },
            {
              "params": [
                "null"
              ],
              "type": "fill"
            }
          ],
          "metricColumn": "none",
          "orderByTime": "ASC",
          "policy": "default",
          "query": "select \"dbname\", \"index_full_name\", \"table_full_name\", top(\"index_size_b\", 20), \"idx_scans_from_last_reset\" from (select last(\"index_size_b\") as \"index_size_b\", last(\"idx_scan\") as idx_scans_from_last_reset from index_stats where \"dbname\" =~ /^$dbname$/  AND $timeFilter group by \"table_full_name\", \"index_full_name\", \"dbname\")",
          "rawQuery": true,
          "rawSql": "SELECT\n  dbname,\n  tag_data->>'index_full_name' as index_full_name,\n  tag_data->>'table_full_name' as table_full_name,\n  max((data->'index_size_b')::int8) as top,\n  max((data->'idx_scan')::int8) as scans_from_last_reset\nFROM\n  index_stats\nWHERE\n  time in (select max(time) from index_stats where $__timeFilter(time) AND dbname in ($dbname) group by dbname)\n  AND dbname in ($dbname)\nGROUP BY\n  1, 2, 3\nORDER BY\n  4 DESC\nLIMIT\n  20",
          "refId": "A",
          "resultFormat": "table",
          "select": [
            [
              {
                "params": [
                  "value"
                ],
                "type": "field"
              },
              {
                "params": [],
                "type": "mean"
              }
            ]
          ],
          "tags": [],
          "timeColumn": "time",
          "where": [
            {
              "name": "$__timeFilter",
              "params": [],
              "type": "macro"
            }
          ]
        }
      ],
      "timeFrom": "15m",
      "title": "Top 20 biggest indexes",
      "transform": "table",
      "type": "table"
    },
    {
      "columns": [],
      "fontSize": "100%",
      "gridPos": {
        "h": 8,
        "w": 24,
        "x": 0,
        "y": 22
      },
      "id": 9,
      "links": [],
      "scroll": true,
      "showHeader": true,
      "sort": {
        "col": 3,
        "desc": true
      },
      "styles": [
        {
          "$$hashKey": "object:134",
          "alias": "Time",
          "align": "auto",
          "dateFormat": "YYYY-MM-DD HH:mm:ss",
          "pattern": "Time",
          "type": "hidden"
        },
        {
          "$$hashKey": "object:135",
          "alias": "",
          "align": "auto",
          "colors": [
            "rgba(245, 54, 54, 0.9)",
            "rgba(237, 129, 40, 0.89)",
            "rgba(50, 172, 45, 0.97)"
          ],
          "dateFormat": "YYYY-MM-DD HH:mm:ss",
          "decimals": 2,
          "link": true,
          "linkTargetBlank": true,
          "linkTooltip": "Opens 'Table details' dashboard",
          "linkUrl": "/dashboard/db/table-details?var-dbname=${__cell_1}&var-table_full_name=${__cell}",
          "mappingType": 1,
          "pattern": "table_full_name",
          "thresholds": [],
          "type": "string",
          "unit": "short"
        },
        {
          "$$hashKey": "object:136",
          "alias": "index_size",
          "align": "auto",
          "colors": [
            "rgba(245, 54, 54, 0.9)",
            "rgba(237, 129, 40, 0.89)",
            "rgba(50, 172, 45, 0.97)"
          ],
          "dateFormat": "YYYY-MM-DD HH:mm:ss",
          "decimals": 1,
          "mappingType": 1,
          "pattern": "top",
          "thresholds": [],
          "type": "number",
          "unit": "bytes"
        },
        {
          "$$hashKey": "object:137",
          "alias": "",
          "align": "auto",
          "colors": [
            "rgba(245, 54, 54, 0.9)",
            "rgba(237, 129, 40, 0.89)",
            "rgba(50, 172, 45, 0.97)"
          ],
          "dateFormat": "YYYY-MM-DD HH:mm:ss",
          "decimals": 1,
          "mappingType": 1,
          "pattern": "idx_scans_from_last_reset",
          "thresholds": [],
          "type": "number",
          "unit": "short"
        },
        {
          "$$hashKey": "object:138",
          "alias": "",
          "align": "auto",
          "colors": [
            "rgba(245, 54, 54, 0.9)",
            "rgba(237, 129, 40, 0.89)",
            "rgba(50, 172, 45, 0.97)"
          ],
          "decimals": 2,
          "pattern": "/.*/",
          "thresholds": [],
          "type": "number",
          "unit": "short"
        }
      ],
      "targets": [
        {
          "datasource": {
            "type": "postgres",
            "uid": "0"
          },
          "format": "table",
          "group": [],
          "groupBy": [
            {
              "params": [
                "$__interval"
              ],
              "type": "time"
            },
            {
              "params": [
                "null"
              ],
              "type": "fill"
            }
          ],
          "metricColumn": "none",
          "orderByTime": "ASC",
          "policy": "default",
          "query": "select \"dbname\", \"index_full_name\", \"table_full_name\", top(\"index_size_b\", 20), \"idx_scans_from_last_reset\" from (select last(\"index_size_b\") as \"index_size_b\", last(\"idx_scan\") as idx_scans_from_last_reset from index_stats where \"dbname\" =~ /^$dbname$/  AND $timeFilter group by \"table_full_name\", \"index_full_name\", \"dbname\")",
          "rawQuery": true,
          "rawSql": "SELECT\n  dbname,\n  tag_data->>'index_full_name' as index_full_name,\n  tag_data->>'table_full_name' as table_full_name,\n  max((data->'leaf_fragmentation')::numeric) as fragmentation_percent\nFROM\n  index_bloat\nWHERE\n  time in (select max(time) from index_bloat where $__timeFilter(time) AND dbname in ($dbname) group by dbname)\n  AND dbname in ($dbname)\nGROUP BY\n  1, 2, 3\nORDER BY\n  4 DESC\nLIMIT\n  5\n  ",
          "refId": "A",
          "resultFormat": "table",
          "select": [
            [
              {
                "params": [
                  "value"
                ],
                "type": "field"
              },
              {
                "params": [],
                "type": "mean"
              }
            ]
          ],
          "tags": [],
          "timeColumn": "time",
          "where": [
            {
              "name": "$__timeFilter",
              "params": [],
              "type": "macro"
            }
          ]
        }
      ],
      "timeFrom": "15m",
      "title": "Top 5 fragmented indexes",
      "transform": "table",
      "type": "table-old"
    },
    {
      "content": "Brought to you by: <a href=\"https://www.cybertec-postgresql.com/en/\"><img src=\"https://www.cybertec-postgresql.com/wp-content/uploads/2020/11/CYBERTEC_RGB_300x80px.png\" alt=\"Cybertec – The PostgreSQL Database Company\"></a>",
      "editable": true,
      "error": false,
      "gridPos": {
        "h": 4,
        "w": 24,
        "x": 0,
        "y": 22
      },
      "id": 6,
      "links": [],
      "mode": "html",
      "title": "",
      "transparent": true,
      "type": "text"
    }
  ],
  "schemaVersion": 18,
  "style": "dark",
  "tags": [
    "pgwatch2"
  ],
  "templating": {
    "list": [
      {
        "allValue": null,
        "current": {
          "text": "All",
          "value": "$__all"
        },
        "datasource": null,
        "definition": "",
        "hide": 0,
        "includeAll": true,
        "label": null,
        "multi": true,
        "name": "dbname",
        "options": [],
        "query": "SELECT DISTINCT dbname FROM admin.all_distinct_dbname_metrics WHERE metric = 'index_stats' ORDER BY 1;",
        "refresh": 1,
        "regex": "",
        "skipUrlSync": false,
        "sort": 0,
        "tagValuesQuery": null,
        "tags": [],
        "tagsQuery": null,
        "type": "query",
        "useTags": false
      }
    ]
  },
  "time": {
    "from": "now-1h",
    "to": "now"
  },
  "timepicker": {
    "refresh_intervals": [
      "5s",
      "10s",
      "30s",
      "1m",
      "5m",
      "15m",
      "30m",
      "1h",
      "2h",
      "1d"
    ],
    "time_options": [
      "5m",
      "15m",
      "1h",
      "6h",
      "12h",
      "24h",
      "2d",
      "7d",
      "30d"
    ]
  },
  "timezone": "browser",
  "title": "Index overview",
  "uid": "index-overview",
  "version": 1
}
