{
  "annotations": {
    "list": [
      {
        "builtIn": 1,
        "datasource": "-- Grafana --",
        "enable": true,
        "hide": true,
        "iconColor": "rgba(0, 211, 255, 1)",
        "name": "Annotations & Alerts",
        "type": "dashboard"
      }
    ]
  },
  "editable": true,
  "gnetId": null,
  "graphTooltip": 0,
  "id": null,
  "links": [],
  "panels": [
    {
      "cacheTimeout": null,
      "colorBackground": false,
      "colorValue": true,
      "colors": [
        "rgba(245, 54, 54, 0.9)",
        "#614d93",
        "rgba(50, 172, 45, 0.97)"
      ],
      "datasource": null,
      "decimals": 1,
      "description": "Current \"Transaction Per Second\" based on total_xact_count",
      "editable": true,
      "error": false,
      "format": "short",
      "gauge": {
        "maxValue": 100,
        "minValue": 0,
        "show": false,
        "thresholdLabels": false,
        "thresholdMarkers": true
      },
      "gridPos": {
        "h": 3,
        "w": 4,
        "x": 0,
        "y": 0
      },
      "height": "100",
      "hideTimeOverride": true,
      "id": 1,
      "interval": "2m",
      "links": [],
      "mappingType": 1,
      "mappingTypes": [
        {
          "name": "value to text",
          "value": 1
        },
        {
          "name": "range to text",
          "value": 2
        }
      ],
      "maxDataPoints": 100,
      "nullPointMode": "connected",
      "nullText": null,
      "postfix": "",
      "postfixFontSize": "50%",
      "prefix": "",
      "prefixFontSize": "50%",
      "rangeMaps": [
        {
          "from": "null",
          "text": "N/A",
          "to": "null"
        }
      ],
      "sparkline": {
        "fillColor": "rgba(31, 118, 189, 0.18)",
        "full": true,
        "lineColor": "rgb(31, 120, 193)",
        "show": false
      },
      "tableColumn": "",
      "targets": [
        {
          "alias": "TPS",
          "dsType": null,
          "format": "time_series",
          "group": [],
          "groupBy": [
            {
              "params": [
                "$__interval"
              ],
              "type": "time"
            },
            {
              "params": [
                "none"
              ],
              "type": "fill"
            }
          ],
          "measurement": "pgbouncer_stats",
          "metricColumn": "none",
          "orderByTime": "ASC",
          "policy": "default",
          "query": "",
          "rawQuery": true,
          "rawSql": "select\n  $__timeGroup(time, $__interval),\n  avg((c - c_lag) / extract(epoch from time - time_lag)) as tps\nfrom (\n        select \n          (data->>'total_xact_count')::int8 as c, lag((data->>'total_xact_count')::int8) over w as c_lag,\n          time, lag(time) over w as time_lag\n        from pgbouncer_stats\n        where dbname = '$dbname' and $__timeFilter(time)\n        window w as (order by time)        \n) x\nwhere c >= c_lag and time > time_lag\ngroup by 1\norder by 1",
          "refId": "A",
          "resultFormat": "time_series",
          "select": [
            [
              {
                "params": [
                  "total_xact_count"
                ],
                "type": "field"
              },
              {
                "params": [],
                "type": "mean"
              },
              {
                "params": [
                  "1s"
                ],
                "type": "non_negative_derivative"
              }
            ]
          ],
          "tags": [
            {
              "key": "dbname",
              "operator": "=~",
              "value": "/^$dbname$/"
            }
          ],
          "timeColumn": "time",
          "where": [
            {
              "name": "$__timeFilter",
              "params": [],
              "type": "macro"
            }
          ]
        }
      ],
      "thresholds": "",
      "timeFrom": "15m",
      "title": "TPS",
      "type": "singlestat",
      "valueFontSize": "80%",
      "valueMaps": [
        {
          "op": "=",
          "text": "N/A",
          "value": "null"
        }
      ],
      "valueName": "current"
    },
    {
      "cacheTimeout": null,
      "colorBackground": false,
      "colorValue": true,
      "colors": [
        "rgba(245, 54, 54, 0.9)",
        "#629e51",
        "rgba(50, 172, 45, 0.97)"
      ],
      "datasource": null,
      "decimals": 1,
      "description": "Current \"Queries Per Second\" based on total_query_count",
      "editable": true,
      "error": false,
      "format": "short",
      "gauge": {
        "maxValue": 100,
        "minValue": 0,
        "show": false,
        "thresholdLabels": false,
        "thresholdMarkers": true
      },
      "gridPos": {
        "h": 3,
        "w": 4,
        "x": 4,
        "y": 0
      },
      "height": "100",
      "hideTimeOverride": true,
      "id": 2,
      "interval": "2m",
      "links": [],
      "mappingType": 1,
      "mappingTypes": [
        {
          "name": "value to text",
          "value": 1
        },
        {
          "name": "range to text",
          "value": 2
        }
      ],
      "maxDataPoints": 100,
      "nullPointMode": "connected",
      "nullText": null,
      "postfix": "",
      "postfixFontSize": "50%",
      "prefix": "",
      "prefixFontSize": "50%",
      "rangeMaps": [
        {
          "from": "null",
          "text": "N/A",
          "to": "null"
        }
      ],
      "sparkline": {
        "fillColor": "rgba(31, 118, 189, 0.18)",
        "full": true,
        "lineColor": "rgb(31, 120, 193)",
        "show": false
      },
      "tableColumn": "",
      "targets": [
        {
          "alias": "QPS",
          "dsType": null,
          "format": "time_series",
          "group": [],
          "groupBy": [
            {
              "params": [
                "$__interval"
              ],
              "type": "time"
            },
            {
              "params": [
                "none"
              ],
              "type": "fill"
            }
          ],
          "measurement": "pgbouncer_stats",
          "metricColumn": "none",
          "orderByTime": "ASC",
          "policy": "default",
          "query": "",
          "rawQuery": true,
          "rawSql": "select\n  $__timeGroup(time, $__interval),\n  avg((c - c_lag) / extract(epoch from time - time_lag)) as tps\nfrom (\n        select \n          (data->>'total_query_count')::int8 as c, lag((data->>'total_query_count')::int8) over w as c_lag,\n          time, lag(time) over w as time_lag\n        from pgbouncer_stats\n        where dbname = '$dbname' and $__timeFilter(time)\n        window w as (order by time)        \n) x\nwhere c >= c_lag and time > time_lag\ngroup by 1\norder by 1",
          "refId": "A",
          "resultFormat": "time_series",
          "select": [
            [
              {
                "params": [
                  "total_query_count"
                ],
                "type": "field"
              },
              {
                "params": [],
                "type": "mean"
              },
              {
                "params": [
                  "1s"
                ],
                "type": "non_negative_derivative"
              }
            ]
          ],
          "tags": [
            {
              "key": "dbname",
              "operator": "=~",
              "value": "/^$dbname$/"
            }
          ],
          "timeColumn": "time",
          "where": [
            {
              "name": "$__timeFilter",
              "params": [],
              "type": "macro"
            }
          ]
        }
      ],
      "thresholds": "",
      "timeFrom": "15m",
      "title": "QPS",
      "type": "singlestat",
      "valueFontSize": "80%",
      "valueMaps": [
        {
          "op": "=",
          "text": "N/A",
          "value": "null"
        }
      ],
      "valueName": "current"
    },
    {
      "cacheTimeout": null,
      "colorBackground": false,
      "colorValue": true,
      "colors": [
        "rgba(245, 54, 54, 0.9)",
        "rgba(237, 129, 40, 0.89)",
        "rgba(50, 172, 45, 0.97)"
      ],
      "datasource": null,
      "decimals": 1,
      "description": "Current value based on derivative of total_query_time /  total_query_count",
      "editable": true,
      "error": false,
      "format": "µs",
      "gauge": {
        "maxValue": 100,
        "minValue": 0,
        "show": false,
        "thresholdLabels": false,
        "thresholdMarkers": true
      },
      "gridPos": {
        "h": 3,
        "w": 4,
        "x": 8,
        "y": 0
      },
      "height": "100",
      "hideTimeOverride": true,
      "id": 3,
      "interval": "2m",
      "links": [],
      "mappingType": 1,
      "mappingTypes": [
        {
          "name": "value to text",
          "value": 1
        },
        {
          "name": "range to text",
          "value": 2
        }
      ],
      "maxDataPoints": 100,
      "nullPointMode": "connected",
      "nullText": null,
      "postfix": " ",
      "postfixFontSize": "50%",
      "prefix": "",
      "prefixFontSize": "50%",
      "rangeMaps": [
        {
          "from": "null",
          "text": "N/A",
          "to": "null"
        }
      ],
      "sparkline": {
        "fillColor": "rgba(31, 118, 189, 0.18)",
        "full": true,
        "lineColor": "rgb(31, 120, 193)",
        "show": false
      },
      "tableColumn": "",
      "targets": [
        {
          "alias": "avg_query_runtime",
          "dsType": null,
          "format": "time_series",
          "group": [],
          "groupBy": [
            {
              "params": [
                "$interval"
              ],
              "type": "time"
            },
            {
              "params": [
                "null"
              ],
              "type": "fill"
            }
          ],
          "metricColumn": "none",
          "orderByTime": "ASC",
          "policy": "default",
          "query": "SELECT non_negative_derivative(last(\"total_query_time\"), 1h) / non_negative_derivative(last(\"total_query_count\"), 1h) FROM \"pgbouncer_stats\" WHERE \"dbname\" =~ /^$dbname$/ AND $timeFilter GROUP BY time($__interval) fill(none)",
          "rawQuery": true,
          "rawSql": "select\n$__timeGroup(time, $__interval),\navg((tt-tt_lag)::numeric / (c-c_lag))\n\nfrom (\n\n        select \n          (data->>'total_query_time')::float8 as tt, lag((data->>'total_query_time')::float8) over w as tt_lag,\n          (data->>'total_query_count')::int8 as c, lag((data->>'total_query_count')::int8) over w as c_lag,\n          time\n        from pgbouncer_stats\n        where dbname = '$dbname' and $__timeFilter(time)\n        window w as (order by time)\n) x\nwhere c > c_lag and tt >= tt_lag\ngroup by 1\norder by 1",
          "refId": "A",
          "resultFormat": "time_series",
          "select": [
            [
              {
                "params": [
                  "value"
                ],
                "type": "field"
              },
              {
                "params": [],
                "type": "mean"
              }
            ]
          ],
          "tags": [],
          "timeColumn": "time",
          "where": [
            {
              "name": "$__timeFilter",
              "params": [],
              "type": "macro"
            }
          ]
        }
      ],
      "thresholds": "",
      "timeFrom": "15m",
      "timeShift": null,
      "title": "Avg. query runtime",
      "type": "singlestat",
      "valueFontSize": "80%",
      "valueMaps": [
        {
          "op": "=",
          "text": "N/A",
          "value": "null"
        }
      ],
      "valueName": "current"
    },
    {
      "cacheTimeout": null,
      "colorBackground": false,
      "colorValue": true,
      "colors": [
        "rgba(245, 54, 54, 0.9)",
        "#890f02",
        "rgba(50, 172, 45, 0.97)"
      ],
      "datasource": null,
      "decimals": 1,
      "description": "Current avg. wait time to get a connection, per query",
      "editable": true,
      "error": false,
      "format": "µs",
      "gauge": {
        "maxValue": 100,
        "minValue": 0,
        "show": false,
        "thresholdLabels": false,
        "thresholdMarkers": true
      },
      "gridPos": {
        "h": 3,
        "w": 4,
        "x": 12,
        "y": 0
      },
      "height": "100",
      "hideTimeOverride": true,
      "id": 4,
      "interval": "2m",
      "links": [],
      "mappingType": 1,
      "mappingTypes": [
        {
          "name": "value to text",
          "value": 1
        },
        {
          "name": "range to text",
          "value": 2
        }
      ],
      "maxDataPoints": 100,
      "nullPointMode": "connected",
      "nullText": null,
      "postfix": " ",
      "postfixFontSize": "50%",
      "prefix": "",
      "prefixFontSize": "50%",
      "rangeMaps": [
        {
          "from": "null",
          "text": "N/A",
          "to": "null"
        }
      ],
      "sparkline": {
        "fillColor": "rgba(31, 118, 189, 0.18)",
        "full": true,
        "lineColor": "rgb(31, 120, 193)",
        "show": false
      },
      "tableColumn": "",
      "targets": [
        {
          "alias": "db_size_change_last_hour",
          "dsType": null,
          "format": "time_series",
          "group": [],
          "groupBy": [
            {
              "params": [
                "$interval"
              ],
              "type": "time"
            },
            {
              "params": [
                "none"
              ],
              "type": "fill"
            }
          ],
          "measurement": "pgbouncer_stats",
          "metricColumn": "none",
          "orderByTime": "ASC",
          "policy": "default",
          "query": "SELECT non_negative_derivative(last(\"total_wait_time\")) / non_negative_derivative(last(\"total_query_count\")) FROM \"pgbouncer_stats\" WHERE \"dbname\" =~ /^$dbname$/ AND $timeFilter GROUP BY time($__interval) fill(none)",
          "rawQuery": true,
          "rawSql": "select\n$__timeGroup(time, $__interval),\navg((tt-tt_lag)::numeric / (c-c_lag))\n\nfrom (\n\n        select \n          (data->>'total_wait_time')::float8 as tt, lag((data->>'total_wait_time')::float8) over w as tt_lag,\n          (data->>'total_query_count')::int8 as c, lag((data->>'total_query_count')::int8) over w as c_lag,\n          time\n        from pgbouncer_stats\n        where dbname = '$dbname' and $__timeFilter(time)\n        window w as (order by time)\n) x\nwhere c > c_lag and tt >= tt_lag\ngroup by 1\norder by 1",
          "refId": "A",
          "resultFormat": "time_series",
          "select": [
            [
              {
                "params": [
                  "total_wait_time"
                ],
                "type": "field"
              },
              {
                "params": [],
                "type": "last"
              },
              {
                "params": [
                  "1m"
                ],
                "type": "non_negative_derivative"
              }
            ]
          ],
          "tags": [
            {
              "key": "dbname",
              "operator": "=~",
              "value": "/^$dbname$/"
            }
          ],
          "timeColumn": "time",
          "where": [
            {
              "name": "$__timeFilter",
              "params": [],
              "type": "macro"
            }
          ]
        }
      ],
      "thresholds": "",
      "timeFrom": "1h",
      "timeShift": null,
      "title": "Pool wait time",
      "type": "singlestat",
      "valueFontSize": "80%",
      "valueMaps": [
        {
          "op": "=",
          "text": "N/A",
          "value": "null"
        }
      ],
      "valueName": "current"
    },
    {
      "cacheTimeout": null,
      "colorBackground": false,
      "colorValue": true,
      "colors": [
        "#052b51",
        "#64b0c8",
        "rgba(50, 172, 45, 0.97)"
      ],
      "datasource": null,
      "decimals": 1,
      "description": "Current Incoming traffic  based on total_received.",
      "editable": true,
      "error": false,
      "format": "Bps",
      "gauge": {
        "maxValue": 100,
        "minValue": 0,
        "show": false,
        "thresholdLabels": false,
        "thresholdMarkers": true
      },
      "gridPos": {
        "h": 3,
        "w": 4,
        "x": 16,
        "y": 0
      },
      "height": "100",
      "hideTimeOverride": true,
      "id": 5,
      "interval": "2m",
      "links": [],
      "mappingType": 1,
      "mappingTypes": [
        {
          "name": "value to text",
          "value": 1
        },
        {
          "name": "range to text",
          "value": 2
        }
      ],
      "maxDataPoints": 100,
      "nullPointMode": "connected",
      "nullText": null,
      "postfix": " ",
      "postfixFontSize": "50%",
      "prefix": "",
      "prefixFontSize": "50%",
      "rangeMaps": [
        {
          "from": "null",
          "text": "N/A",
          "to": "null"
        }
      ],
      "sparkline": {
        "fillColor": "rgba(31, 118, 189, 0.18)",
        "full": true,
        "lineColor": "rgb(31, 120, 193)",
        "show": false
      },
      "tableColumn": "",
      "targets": [
        {
          "alias": "bytes_received",
          "dsType": null,
          "format": "time_series",
          "group": [],
          "groupBy": [
            {
              "params": [
                "$__interval"
              ],
              "type": "time"
            },
            {
              "params": [
                "none"
              ],
              "type": "fill"
            }
          ],
          "measurement": "pgbouncer_stats",
          "metricColumn": "none",
          "orderByTime": "ASC",
          "policy": "default",
          "rawQuery": true,
          "rawSql": "select\n  $__timeGroup(time, $__interval),\n  avg((c - c_lag) / extract(epoch from time - time_lag)) as tps\nfrom (\n        select \n          (data->>'total_received')::int8 as c, lag((data->>'total_received')::int8) over w as c_lag,\n          time, lag(time) over w as time_lag\n        from pgbouncer_stats\n        where dbname = '$dbname' and $__timeFilter(time)\n        window w as (order by time)        \n) x\nwhere c >= c_lag and time > time_lag\ngroup by 1\norder by 1",
          "refId": "A",
          "resultFormat": "time_series",
          "select": [
            [
              {
                "params": [
                  "total_received"
                ],
                "type": "field"
              },
              {
                "params": [],
                "type": "mean"
              },
              {
                "params": [
                  "1s"
                ],
                "type": "non_negative_derivative"
              }
            ]
          ],
          "tags": [
            {
              "key": "dbname",
              "operator": "=~",
              "value": "/^$dbname$/"
            }
          ],
          "timeColumn": "time",
          "where": [
            {
              "name": "$__timeFilter",
              "params": [],
              "type": "macro"
            }
          ]
        }
      ],
      "thresholds": "",
      "timeFrom": "15m",
      "timeShift": null,
      "title": "Incoming traffic",
      "type": "singlestat",
      "valueFontSize": "80%",
      "valueMaps": [
        {
          "op": "=",
          "text": "N/A",
          "value": "null"
        }
      ],
      "valueName": "current"
    },
    {
      "cacheTimeout": null,
      "colorBackground": false,
      "colorValue": true,
      "colors": [
        "rgba(245, 54, 54, 0.9)",
        "#e24d42",
        "rgba(50, 172, 45, 0.97)"
      ],
      "datasource": null,
      "decimals": 1,
      "description": "Based on total_sent",
      "editable": true,
      "error": false,
      "format": "Bps",
      "gauge": {
        "maxValue": 100,
        "minValue": 0,
        "show": false,
        "thresholdLabels": false,
        "thresholdMarkers": true
      },
      "gridPos": {
        "h": 3,
        "w": 4,
        "x": 20,
        "y": 0
      },
      "height": "100",
      "hideTimeOverride": true,
      "id": 6,
      "interval": "2m",
      "links": [],
      "mappingType": 1,
      "mappingTypes": [
        {
          "name": "value to text",
          "value": 1
        },
        {
          "name": "range to text",
          "value": 2
        }
      ],
      "maxDataPoints": 100,
      "nullPointMode": "connected",
      "nullText": null,
      "postfix": " ",
      "postfixFontSize": "50%",
      "prefix": "",
      "prefixFontSize": "50%",
      "rangeMaps": [
        {
          "from": "null",
          "text": "N/A",
          "to": "null"
        }
      ],
      "sparkline": {
        "fillColor": "rgba(31, 118, 189, 0.18)",
        "full": true,
        "lineColor": "rgb(31, 120, 193)",
        "show": false
      },
      "tableColumn": "",
      "targets": [
        {
          "dsType": null,
          "format": "time_series",
          "group": [],
          "groupBy": [
            {
              "params": [
                "$__interval"
              ],
              "type": "time"
            },
            {
              "params": [
                "none"
              ],
              "type": "fill"
            }
          ],
          "measurement": "pgbouncer_stats",
          "metricColumn": "none",
          "orderByTime": "ASC",
          "policy": "default",
          "rawQuery": true,
          "rawSql": "select\n  $__timeGroup(time, $__interval),\n  avg((c - c_lag) / extract(epoch from time - time_lag)) as tps\nfrom (\n        select \n          (data->>'total_sent')::int8 as c, lag((data->>'total_sent')::int8) over w as c_lag,\n          time, lag(time) over w as time_lag\n        from pgbouncer_stats\n        where dbname = '$dbname' and $__timeFilter(time)\n        window w as (order by time)        \n) x\nwhere c >= c_lag and time > time_lag\ngroup by 1\norder by 1",
          "refId": "A",
          "resultFormat": "time_series",
          "select": [
            [
              {
                "params": [
                  "total_sent"
                ],
                "type": "field"
              },
              {
                "params": [],
                "type": "mean"
              },
              {
                "params": [
                  "1s"
                ],
                "type": "non_negative_derivative"
              }
            ]
          ],
          "tags": [
            {
              "key": "dbname",
              "operator": "=~",
              "value": "/^$dbname$/"
            }
          ],
          "timeColumn": "time",
          "where": [
            {
              "name": "$__timeFilter",
              "params": [],
              "type": "macro"
            }
          ]
        }
      ],
      "thresholds": "",
      "timeFrom": "15m",
      "timeShift": null,
      "title": "Outgoing traffic",
      "type": "singlestat",
      "valueFontSize": "80%",
      "valueMaps": [
        {
          "op": "=",
          "text": "N/A",
          "value": "null"
        }
      ],
      "valueName": "current"
    },
    {
      "aliasColors": {
        "TPS": "#584477"
      },
      "bars": false,
      "dashLength": 10,
      "dashes": false,
      "decimals": null,
      "description": "Based on total_query_count",
      "editable": true,
      "error": false,
      "fill": 1,
      "grid": {},
      "gridPos": {
        "h": 6,
        "w": 12,
        "x": 0,
        "y": 3
      },
      "id": 7,
      "interval": "2m",
      "legend": {
        "alignAsTable": false,
        "avg": true,
        "current": false,
        "max": false,
        "min": false,
        "show": true,
        "total": false,
        "values": true
      },
      "lines": true,
      "linewidth": 2,
      "links": [],
      "nullPointMode": "connected",
      "percentage": false,
      "pointradius": 5,
      "points": false,
      "renderer": "flot",
      "seriesOverrides": [],
      "spaceLength": 10,
      "stack": false,
      "steppedLine": false,
      "targets": [
        {
          "alias": "TPS",
          "dsType": null,
          "format": "time_series",
          "group": [],
          "groupBy": [
            {
              "params": [
                "$__interval"
              ],
              "type": "time"
            },
            {
              "params": [
                "none"
              ],
              "type": "fill"
            }
          ],
          "measurement": "pgbouncer_stats",
          "metricColumn": "none",
          "orderByTime": "ASC",
          "policy": "default",
          "rawQuery": true,
          "rawSql": "select\n  $__timeGroup(time, $__interval),\n  avg((c - c_lag) / extract(epoch from time - time_lag)) as \"TPS\"\nfrom (\n        select \n          (data->>'total_xact_count')::int8 as c, lag((data->>'total_xact_count')::int8) over w as c_lag,\n          time, lag(time) over w as time_lag\n        from pgbouncer_stats\n        where dbname = '$dbname' and $__timeFilter(time)\n        window w as (order by time)        \n) x\nwhere c >= c_lag and time > time_lag\ngroup by 1\norder by 1",
          "refId": "A",
          "resultFormat": "time_series",
          "select": [
            [
              {
                "params": [
                  "total_xact_count"
                ],
                "type": "field"
              },
              {
                "params": [],
                "type": "mean"
              },
              {
                "params": [
                  "1s"
                ],
                "type": "non_negative_derivative"
              }
            ]
          ],
          "tags": [
            {
              "key": "dbname",
              "operator": "=~",
              "value": "/^$dbname$/"
            }
          ],
          "timeColumn": "time",
          "where": [
            {
              "name": "$__timeFilter",
              "params": [],
              "type": "macro"
            }
          ]
        }
      ],
      "thresholds": [],
      "timeFrom": null,
      "timeRegions": [],
      "timeShift": null,
      "title": "TPS",
      "tooltip": {
        "msResolution": false,
        "shared": true,
        "sort": 0,
        "value_type": "cumulative"
      },
      "type": "graph",
      "xaxis": {
        "buckets": null,
        "mode": "time",
        "name": null,
        "show": true,
        "values": []
      },
      "yaxes": [
        {
          "decimals": null,
          "format": "short",
          "label": "",
          "logBase": 1,
          "max": null,
          "min": 0,
          "show": true
        },
        {
          "format": "ms",
          "label": null,
          "logBase": 1,
          "max": null,
          "min": null,
          "show": false
        }
      ],
      "yaxis": {
        "align": false,
        "alignLevel": null
      }
    },
    {
      "aliasColors": {
        "Pool wait time": "#890f02",
        "TX rollback ratio": "#890F02"
      },
      "bars": false,
      "dashLength": 10,
      "dashes": false,
      "decimals": null,
      "editable": true,
      "error": false,
      "fill": 1,
      "grid": {},
      "gridPos": {
        "h": 6,
        "w": 12,
        "x": 12,
        "y": 3
      },
      "id": 8,
      "interval": "2m",
      "legend": {
        "alignAsTable": false,
        "avg": true,
        "current": false,
        "max": false,
        "min": false,
        "show": true,
        "total": false,
        "values": true
      },
      "lines": true,
      "linewidth": 2,
      "links": [],
      "nullPointMode": "connected",
      "percentage": false,
      "pointradius": 5,
      "points": false,
      "renderer": "flot",
      "seriesOverrides": [],
      "spaceLength": 10,
      "stack": false,
      "steppedLine": false,
      "targets": [
        {
          "alias": "Pool wait time",
          "dsType": null,
          "format": "time_series",
          "group": [],
          "groupBy": [
            {
              "params": [
                "$interval"
              ],
              "type": "time"
            },
            {
              "params": [
                "null"
              ],
              "type": "fill"
            }
          ],
          "hide": false,
          "measurement": "db_stats",
          "metricColumn": "none",
          "orderByTime": "ASC",
          "policy": "default",
          "query": "SELECT non_negative_derivative(mean(\"total_wait_time\")) / non_negative_derivative(mean(\"total_query_count\")) FROM \"pgbouncer_stats\" WHERE \"dbname\" =~ /^$dbname$/ AND $timeFilter GROUP BY time($__interval) fill(none)",
          "rawQuery": true,
          "rawSql": "select\n$__timeGroup(time, $__interval),\navg((tt-tt_lag)::numeric / (c-c_lag)) as \"Pool wait time\"\n\nfrom (\n\n        select \n          (data->>'total_wait_time')::float8 as tt, lag((data->>'total_wait_time')::float8) over w as tt_lag,\n          (data->>'total_query_count')::int8 as c, lag((data->>'total_query_count')::int8) over w as c_lag,\n          time\n        from pgbouncer_stats\n        where dbname = '$dbname' and $__timeFilter(time)\n        window w as (order by time)\n) x\nwhere c > c_lag and tt >= tt_lag\ngroup by 1\norder by 1",
          "refId": "A",
          "resultFormat": "time_series",
          "select": [
            [
              {
                "params": [
                  "blks_hit"
                ],
                "type": "field"
              },
              {
                "params": [],
                "type": "mean"
              }
            ]
          ],
          "tags": [],
          "timeColumn": "time",
          "where": [
            {
              "name": "$__timeFilter",
              "params": [],
              "type": "macro"
            }
          ]
        }
      ],
      "thresholds": [],
      "timeFrom": null,
      "timeRegions": [],
      "timeShift": null,
      "title": "Pool wait time per Query",
      "tooltip": {
        "msResolution": false,
        "shared": true,
        "sort": 0,
        "value_type": "cumulative"
      },
      "type": "graph",
      "xaxis": {
        "buckets": null,
        "mode": "time",
        "name": null,
        "show": true,
        "values": []
      },
      "yaxes": [
        {
          "decimals": null,
          "format": "µs",
          "label": null,
          "logBase": 1,
          "max": null,
          "min": "0",
          "show": true
        },
        {
          "format": "short",
          "label": null,
          "logBase": 1,
          "max": null,
          "min": null,
          "show": false
        }
      ],
      "yaxis": {
        "align": false,
        "alignLevel": null
      }
    },
    {
      "aliasColors": {
        "#Backends": "#F9E2D2",
        "Deadlocks (1h rate)": "#BF1B00",
        "QPS": "#508642"
      },
      "bars": false,
      "dashLength": 10,
      "dashes": false,
      "decimals": null,
      "editable": true,
      "error": false,
      "fill": 1,
      "grid": {},
      "gridPos": {
        "h": 6,
        "w": 12,
        "x": 0,
        "y": 9
      },
      "id": 9,
      "interval": "2m",
      "legend": {
        "avg": true,
        "current": false,
        "max": false,
        "min": false,
        "show": true,
        "total": false,
        "values": true
      },
      "lines": true,
      "linewidth": 2,
      "links": [],
      "nullPointMode": "connected",
      "percentage": false,
      "pointradius": 5,
      "points": false,
      "renderer": "flot",
      "seriesOverrides": [
        {
          "alias": "Deadlocks (1h rate)",
          "yaxis": 1
        },
        {
          "alias": "Temp bytes written",
          "yaxis": 2
        }
      ],
      "spaceLength": 10,
      "stack": false,
      "steppedLine": false,
      "targets": [
        {
          "alias": "QPS",
          "dsType": null,
          "format": "time_series",
          "group": [],
          "groupBy": [
            {
              "params": [
                "$__interval"
              ],
              "type": "time"
            },
            {
              "params": [
                "none"
              ],
              "type": "fill"
            }
          ],
          "measurement": "pgbouncer_stats",
          "metricColumn": "none",
          "orderByTime": "ASC",
          "policy": "default",
          "rawQuery": true,
          "rawSql": "select\n  $__timeGroup(time, $__interval),\n  avg((c - c_lag) / extract(epoch from time - time_lag)) as \"QPS\"\nfrom (\n        select \n          (data->>'total_query_count')::int8 as c, lag((data->>'total_query_count')::int8) over w as c_lag,\n          time, lag(time) over w as time_lag\n        from pgbouncer_stats\n        where dbname = '$dbname' and $__timeFilter(time)\n        window w as (order by time)        \n) x\nwhere c >= c_lag and time > time_lag\ngroup by 1\norder by 1",
          "refId": "A",
          "resultFormat": "time_series",
          "select": [
            [
              {
                "params": [
                  "total_query_count"
                ],
                "type": "field"
              },
              {
                "params": [],
                "type": "mean"
              },
              {
                "params": [
                  "1s"
                ],
                "type": "non_negative_derivative"
              }
            ]
          ],
          "tags": [],
          "timeColumn": "time",
          "where": [
            {
              "name": "$__timeFilter",
              "params": [],
              "type": "macro"
            }
          ]
        }
      ],
      "thresholds": [],
      "timeFrom": null,
      "timeRegions": [],
      "timeShift": null,
      "title": "QPS",
      "tooltip": {
        "msResolution": false,
        "shared": true,
        "sort": 0,
        "value_type": "cumulative"
      },
      "type": "graph",
      "xaxis": {
        "buckets": null,
        "mode": "time",
        "name": null,
        "show": true,
        "values": []
      },
      "yaxes": [
        {
          "decimals": null,
          "format": "short",
          "label": null,
          "logBase": 1,
          "max": null,
          "min": null,
          "show": true
        },
        {
          "format": "Bps",
          "label": null,
          "logBase": 1,
          "max": null,
          "min": null,
          "show": false
        }
      ],
      "yaxis": {
        "align": false,
        "alignLevel": null
      }
    },
    {
      "aliasColors": {
        "DB Size": "#2F575E",
        "Incoming byterate": "#65c5db",
        "Incoming rate": "#6ed0e0",
        "WAL rate": "#0A50A1"
      },
      "bars": false,
      "dashLength": 10,
      "dashes": false,
      "decimals": null,
      "editable": true,
      "error": false,
      "fill": 1,
      "grid": {},
      "gridPos": {
        "h": 6,
        "w": 12,
        "x": 12,
        "y": 9
      },
      "height": "",
      "id": 10,
      "interval": "2m",
      "legend": {
        "alignAsTable": false,
        "avg": true,
        "current": false,
        "max": false,
        "min": false,
        "show": true,
        "total": false,
        "values": true
      },
      "lines": true,
      "linewidth": 2,
      "links": [],
      "nullPointMode": "connected",
      "percentage": false,
      "pointradius": 5,
      "points": false,
      "renderer": "flot",
      "seriesOverrides": [],
      "spaceLength": 10,
      "stack": false,
      "steppedLine": false,
      "targets": [
        {
          "alias": "Incoming rate",
          "dsType": null,
          "format": "time_series",
          "group": [],
          "groupBy": [
            {
              "params": [
                "$__interval"
              ],
              "type": "time"
            },
            {
              "params": [
                "none"
              ],
              "type": "fill"
            }
          ],
          "measurement": "pgbouncer_stats",
          "metricColumn": "none",
          "orderByTime": "ASC",
          "policy": "default",
          "rawQuery": true,
          "rawSql": "select\n  $__timeGroup(time, $__interval),\n  avg((c - c_lag) / extract(epoch from time - time_lag)) as \"Incoming rate\"\nfrom (\n        select \n          (data->>'total_received')::int8 as c, lag((data->>'total_received')::int8) over w as c_lag,\n          time, lag(time) over w as time_lag\n        from pgbouncer_stats\n        where dbname = '$dbname' and $__timeFilter(time)\n        window w as (order by time)        \n) x\nwhere c >= c_lag and time > time_lag\ngroup by 1\norder by 1",
          "refId": "A",
          "resultFormat": "time_series",
          "select": [
            [
              {
                "params": [
                  "total_received"
                ],
                "type": "field"
              },
              {
                "params": [],
                "type": "mean"
              },
              {
                "params": [
                  "1s"
                ],
                "type": "non_negative_derivative"
              }
            ]
          ],
          "tags": [],
          "timeColumn": "time",
          "where": [
            {
              "name": "$__timeFilter",
              "params": [],
              "type": "macro"
            }
          ]
        }
      ],
      "thresholds": [],
      "timeFrom": null,
      "timeRegions": [],
      "timeShift": null,
      "title": "Incoming traffic rate",
      "tooltip": {
        "msResolution": false,
        "shared": true,
        "sort": 0,
        "value_type": "cumulative"
      },
      "type": "graph",
      "xaxis": {
        "buckets": null,
        "mode": "time",
        "name": null,
        "show": true,
        "values": []
      },
      "yaxes": [
        {
          "format": "Bps",
          "label": null,
          "logBase": 1,
          "max": null,
          "min": null,
          "show": true
        },
        {
          "format": "bytes",
          "label": null,
          "logBase": 1,
          "max": null,
          "min": null,
          "show": true
        }
      ],
      "yaxis": {
        "align": false,
        "alignLevel": null
      }
    },
    {
      "aliasColors": {
        "Avg. runtime": "#ef843c"
      },
      "bars": false,
      "dashLength": 10,
      "dashes": false,
      "decimals": null,
      "description": "",
      "fill": 1,
      "gridPos": {
        "h": 6,
        "w": 12,
        "x": 0,
        "y": 15
      },
      "id": 11,
      "interval": "2m",
      "legend": {
        "avg": true,
        "current": false,
        "max": false,
        "min": false,
        "show": true,
        "total": false,
        "values": true
      },
      "lines": true,
      "linewidth": 1,
      "links": [],
      "nullPointMode": "null",
      "percentage": false,
      "pointradius": 5,
      "points": false,
      "renderer": "flot",
      "seriesOverrides": [],
      "spaceLength": 10,
      "stack": true,
      "steppedLine": false,
      "targets": [
        {
          "alias": "Avg. runtime",
          "dsType": null,
          "format": "time_series",
          "group": [],
          "groupBy": [
            {
              "params": [
                "$__interval"
              ],
              "type": "time"
            },
            {
              "params": [
                "null"
              ],
              "type": "fill"
            }
          ],
          "metricColumn": "none",
          "orderByTime": "ASC",
          "policy": "default",
          "query": "SELECT non_negative_derivative(mean(\"total_query_time\"), 1h) / non_negative_derivative(mean(\"total_query_count\"), 1h) FROM \"pgbouncer_stats\" WHERE \"dbname\" =~ /^$dbname$/ AND $timeFilter GROUP BY time($__interval) fill(none)",
          "rawQuery": true,
          "rawSql": "select\n$__timeGroup(time, $__interval),\navg((tt-tt_lag)::numeric / (c-c_lag)) as \"Avg. runtime\"\n\nfrom (\n\n        select \n          (data->>'total_query_time')::float8 as tt, lag((data->>'total_query_time')::float8) over w as tt_lag,\n          (data->>'total_query_count')::int8 as c, lag((data->>'total_query_count')::int8) over w as c_lag,\n          time\n        from pgbouncer_stats\n        where dbname = '$dbname' and $__timeFilter(time)\n        window w as (order by time)\n) x\nwhere c > c_lag and tt >= tt_lag\ngroup by 1\norder by 1",
          "refId": "A",
          "resultFormat": "time_series",
          "select": [
            [
              {
                "params": [
                  "value"
                ],
                "type": "field"
              },
              {
                "params": [],
                "type": "mean"
              }
            ]
          ],
          "tags": [],
          "timeColumn": "time",
          "where": [
            {
              "name": "$__timeFilter",
              "params": [],
              "type": "macro"
            }
          ]
        }
      ],
      "thresholds": [],
      "timeFrom": null,
      "timeRegions": [],
      "timeShift": null,
      "title": "Avg. query runtime",
      "tooltip": {
        "shared": true,
        "sort": 0,
        "value_type": "individual"
      },
      "type": "graph",
      "xaxis": {
        "buckets": null,
        "mode": "time",
        "name": null,
        "show": true,
        "values": []
      },
      "yaxes": [
        {
          "decimals": null,
          "format": "µs",
          "label": null,
          "logBase": 1,
          "max": null,
          "min": "0",
          "show": true
        },
        {
          "format": "short",
          "label": null,
          "logBase": 1,
          "max": null,
          "min": null,
          "show": false
        }
      ],
      "yaxis": {
        "align": false,
        "alignLevel": null
      }
    },
    {
      "aliasColors": {
        "Outgoing byterate": "#e24d42",
        "Outgoing rate": "#e24d42",
        "load_5": "#BA43A9"
      },
      "bars": false,
      "dashLength": 10,
      "dashes": false,
      "description": "",
      "fill": 1,
      "gridPos": {
        "h": 6,
        "w": 12,
        "x": 12,
        "y": 15
      },
      "id": 12,
      "interval": "2m",
      "legend": {
        "avg": true,
        "current": false,
        "max": false,
        "min": false,
        "show": true,
        "total": false,
        "values": true
      },
      "lines": true,
      "linewidth": 2,
      "links": [],
      "nullPointMode": "null",
      "percentage": false,
      "pointradius": 5,
      "points": false,
      "renderer": "flot",
      "seriesOverrides": [],
      "spaceLength": 10,
      "stack": false,
      "steppedLine": false,
      "targets": [
        {
          "alias": "Outgoing rate",
          "dsType": null,
          "format": "time_series",
          "group": [],
          "groupBy": [
            {
              "params": [
                "$__interval"
              ],
              "type": "time"
            },
            {
              "params": [
                "none"
              ],
              "type": "fill"
            }
          ],
          "measurement": "pgbouncer_stats",
          "metricColumn": "none",
          "orderByTime": "ASC",
          "policy": "default",
          "rawQuery": true,
          "rawSql": "select\n  $__timeGroup(time, $__interval),\n  avg((c - c_lag) / extract(epoch from time - time_lag)) as \"Outgoing rate\"\nfrom (\n        select \n          (data->>'total_sent')::int8 as c, lag((data->>'total_sent')::int8) over w as c_lag,\n          time, lag(time) over w as time_lag\n        from pgbouncer_stats\n        where dbname = '$dbname' and $__timeFilter(time)\n        window w as (order by time)        \n) x\nwhere c >= c_lag and time > time_lag\ngroup by 1\norder by 1",
          "refId": "A",
          "resultFormat": "time_series",
          "select": [
            [
              {
                "params": [
                  "total_sent"
                ],
                "type": "field"
              },
              {
                "params": [],
                "type": "mean"
              },
              {
                "params": [
                  "1s"
                ],
                "type": "non_negative_derivative"
              }
            ]
          ],
          "tags": [],
          "timeColumn": "time",
          "where": [
            {
              "name": "$__timeFilter",
              "params": [],
              "type": "macro"
            }
          ]
        }
      ],
      "thresholds": [],
      "timeFrom": null,
      "timeRegions": [],
      "timeShift": null,
      "title": "Outgoing traffic rate",
      "tooltip": {
        "shared": true,
        "sort": 0,
        "value_type": "individual"
      },
      "type": "graph",
      "xaxis": {
        "buckets": null,
        "mode": "time",
        "name": null,
        "show": true,
        "values": []
      },
      "yaxes": [
        {
          "format": "Bps",
          "label": null,
          "logBase": 1,
          "max": null,
          "min": "0",
          "show": true
        },
        {
          "format": "ms",
          "label": "",
          "logBase": 1,
          "max": null,
          "min": null,
          "show": false
        }
      ],
      "yaxis": {
        "align": false,
        "alignLevel": null
      }
    },
    {
      "content": "Brought to you by: <a href=\"https://www.cybertec-postgresql.com/en/\"><img src=\"https://www.cybertec-postgresql.com/wp-content/uploads/2020/11/CYBERTEC_RGB_300x80px.png\" alt=\"Cybertec – The PostgreSQL Database Company\"></a>",
      "editable": true,
      "error": false,
      "gridPos": {
        "h": 7,
        "w": 12,
        "x": 0,
        "y": 21
      },
      "id": 14,
      "links": [],
      "mode": "html",
      "title": "",
      "transparent": true,
      "type": "text"
    }
  ],
  "refresh": false,
  "schemaVersion": 18,
  "style": "dark",
  "tags": [
    "pgwatch2"
  ],
  "templating": {
    "list": [
      {
        "allValue": null,
        "current": {
          "text": null,
          "value": null
        },
        "datasource": null,
        "definition": "",
        "hide": 0,
        "includeAll": false,
        "label": null,
        "multi": false,
        "name": "dbname",
        "options": [],
        "query": "SELECT DISTINCT dbname FROM admin.all_distinct_dbname_metrics WHERE metric = 'pgbouncer_stats' ORDER BY 1;",
        "refresh": 1,
        "regex": "",
        "skipUrlSync": false,
        "sort": 0,
        "tagValuesQuery": null,
        "tags": [],
        "tagsQuery": null,
        "type": "query",
        "useTags": false
      }
    ]
  },
  "time": {
    "from": "now-6h",
    "to": "now"
  },
  "timepicker": {
    "refresh_intervals": [
      "5s",
      "10s",
      "30s",
      "1m",
      "5m",
      "15m",
      "30m",
      "1h",
      "2h",
      "1d"
    ],
    "time_options": [
      "5m",
      "15m",
      "1h",
      "6h",
      "12h",
      "24h",
      "2d",
      "7d",
      "30d"
    ]
  },
  "timezone": "browser",
  "title": "PgBouncer stats",
  "uid": "pgbouncer-stats",
  "version": 1
}