{
  "annotations": {
    "list": [
      {
        "$hashKey": null,
        "builtIn": 1,
        "datasource": "-- Grafana --",
        "enable": true,
        "hide": true,
        "iconColor": "rgba(0, 211, 255, 1)",
        "name": "Annotations & Alerts",
        "type": "dashboard"
      }
    ]
  },
  "editable": true,
  "gnetId": null,
  "graphTooltip": 0,
  "id": null,
  "links": [],
  "panels": [
    {
      "columns": [],
      "datasource": null,
      "description": "As per  \"settings\" metric.",
      "fontSize": "130%",
      "gridPos": {
        "h": 14,
        "w": 24,
        "x": 0,
        "y": 0
      },
      "id": 2,
      "links": [],
      "options": {},
      "pageSize": null,
      "scroll": true,
      "showHeader": true,
      "sort": {
        "col": 1,
        "desc": false
      },
      "styles": [
        {
          "alias": "",
          "colorMode": "row",
          "colors": [
            "rgba(245, 54, 54, 0.9)",
            "rgba(237, 129, 40, 0.89)",
            "rgba(50, 172, 45, 0.97)"
          ],
          "dateFormat": "YYYY-MM-DD HH:mm:ss",
          "decimals": 0,
          "mappingType": 1,
          "pattern": "server_version_num",
          "thresholds": [
            "90400",
            "90600"
          ],
          "type": "number",
          "unit": "none"
        }
      ],
      "targets": [
        {
          "$hashKey": null,
          "format": "table",
          "group": [],
          "groupBy": [
            {
              "params": [
                "$__interval"
              ],
              "type": "time"
            },
            {
              "params": [
                "null"
              ],
              "type": "fill"
            }
          ],
          "measurement": "sproc_stats",
          "metricColumn": "none",
          "orderByTime": "ASC",
          "policy": "default",
          "query": "SELECT top(\"spread\", \"function_full_name\", \"oid\", $top) FROM (SELECT spread(\"total_time\") FROM \"sproc_stats\" WHERE $timeFilter AND \"dbname\" = '$dbname' GROUP BY time(3650d), \"function_full_name\", \"oid\" fill(none) ) WHERE spread > 0",
          "rawQuery": true,
          "rawSql": "SELECT\n  split_part(data->>'server_version'::text, ' ',  1) as server_version,\n  (data->'server_version_num')::int8 as server_version_num,\n  string_agg(DISTINCT dbname, ', ') as dbname  \nFROM\n  settings\nWHERE\n  $__timeFilter(time)\n  AND dbname IN ($dbname)\n  AND (data->>'server_version_num')::int8 <= $lower_than_server_version_num\nGROUP BY 1, 2\nORDER BY 1",
          "refId": "A",
          "resultFormat": "table",
          "select": [
            [
              {
                "params": [
                  "total_time"
                ],
                "type": "field"
              },
              {
                "params": [],
                "type": "mean"
              }
            ]
          ],
          "tags": [],
          "timeColumn": "time",
          "where": [
            {
              "name": "$__timeFilter",
              "params": [],
              "type": "macro"
            }
          ]
        }
      ],
      "title": "Monitored DBs by version",
      "transform": "table",
      "type": "table"
    },
    {
      "content": "Brought to you by: <a href=\"https://www.cybertec-postgresql.com/en/\"><img src=\"https://www.cybertec-postgresql.com/wp-content/uploads/2020/11/CYBERTEC_RGB_300x80px.png\" alt=\"Cybertec – The PostgreSQL Database Company\"></a>",
      "datasource": null,
      "gridPos": {
        "h": 8,
        "w": 12,
        "x": 0,
        "y": 14
      },
      "id": 8,
      "links": [],
      "mode": "html",
      "options": {},
      "targets": [
        {
          "format": "time_series",
          "group": [],
          "metricColumn": "none",
          "rawQuery": false,
          "refId": "A",
          "select": [
            [
              {
                "params": [
                  "value"
                ],
                "type": "column"
              }
            ]
          ],
          "timeColumn": "time",
          "where": [
            {
              "name": "$__timeFilter",
              "params": [],
              "type": "macro"
            }
          ]
        }
      ],
      "timeFrom": null,
      "timeShift": null,
      "title": "",
      "transparent": true,
      "type": "text"
    }
  ],
  "schemaVersion": 20,
  "style": "dark",
  "tags": [
    "pgwatch2"
  ],
  "templating": {
    "list": [
      {
        "allValue": null,
        "current": {
          "text": "All",
          "value": [
            "$__all"
          ]
        },
        "datasource": null,
        "definition": "SELECT DISTINCT dbname FROM admin.all_distinct_dbname_metrics WHERE metric = 'settings' ORDER BY 1;",
        "hide": 0,
        "includeAll": true,
        "label": null,
        "multi": true,
        "name": "dbname",
        "options": [],
        "query": "SELECT DISTINCT dbname FROM admin.all_distinct_dbname_metrics WHERE metric = 'settings' ORDER BY 1;",
        "refresh": 1,
        "regex": "",
        "skipUrlSync": false,
        "sort": 0,
        "tagValuesQuery": "",
        "tags": [],
        "tagsQuery": "",
        "type": "query",
        "useTags": false
      },
      {
        "allValue": null,
        "current": {
          "text": null,
          "value": null
        },
        "datasource": null,
        "definition": "SELECT DISTINCT (data->'server_version_num')::int FROM settings WHERE time > now() - '24h'::interval ORDER BY 1 DESC",
        "hide": 0,
        "includeAll": false,
        "label": null,
        "multi": false,
        "name": "lower_than_server_version_num",
        "options": [],
        "query": "SELECT DISTINCT (data->'server_version_num')::int FROM settings WHERE time > now() - '24h'::interval ORDER BY 1 DESC",
        "refresh": 1,
        "regex": "",
        "skipUrlSync": false,
        "sort": 0,
        "tagValuesQuery": "",
        "tags": [],
        "tagsQuery": "",
        "type": "query",
        "useTags": false
      }
    ]
  },
  "time": {
    "from": "now-6h",
    "to": "now"
  },
  "timepicker": {
    "refresh_intervals": [
      "5s",
      "10s",
      "30s",
      "1m",
      "5m",
      "15m",
      "30m",
      "1h",
      "2h",
      "1d"
    ],
    "time_options": [
      "5m",
      "15m",
      "1h",
      "6h",
      "12h",
      "24h",
      "2d",
      "7d",
      "30d"
    ]
  },
  "timezone": "",
  "title": "Postgres Version Overview",
  "uid": "postgres-version-overview",
  "version": 1
}