{
  "annotations": {
    "list": [
      {
        "$hashKey": null,
        "builtIn": 1,
        "datasource": "-- Grafana --",
        "enable": true,
        "hide": true,
        "iconColor": "rgba(0, 211, 255, 1)",
        "name": "Annotations & Alerts",
        "type": "dashboard"
      }
    ]
  },
  "editable": true,
  "gnetId": null,
  "graphTooltip": 0,
  "id": null,
  "links": [],
  "panels": [
    {
      "columns": [],
      "datasource": null,
      "description": "As per  \"sproc_stats\" measurement. Needs track_functions parameter set to 'pl' on monitored DBs.",
      "fontSize": "100%",
      "gridPos": {
        "h": 6,
        "w": 24,
        "x": 0,
        "y": 0
      },
      "id": 2,
      "links": [],
      "options": {},
      "pageSize": null,
      "scroll": true,
      "showHeader": true,
      "sort": {
        "col": 0,
        "desc": true
      },
      "styles": [
        {
          "$hashKey": null,
          "alias": "Time",
          "dateFormat": "YYYY-MM-DD HH:mm:ss",
          "pattern": "Time",
          "type": "hidden"
        },
        {
          "$hashKey": null,
          "alias": "total_runtime",
          "colorMode": null,
          "colors": [
            "rgba(245, 54, 54, 0.9)",
            "rgba(237, 129, 40, 0.89)",
            "rgba(50, 172, 45, 0.97)"
          ],
          "dateFormat": "YYYY-MM-DD HH:mm:ss",
          "decimals": 1,
          "pattern": "top",
          "thresholds": [],
          "type": "number",
          "unit": "ms"
        },
        {
          "$hashKey": null,
          "alias": "",
          "colorMode": null,
          "colors": [
            "rgba(245, 54, 54, 0.9)",
            "rgba(237, 129, 40, 0.89)",
            "rgba(50, 172, 45, 0.97)"
          ],
          "dateFormat": "YYYY-MM-DD HH:mm:ss",
          "decimals": 2,
          "link": true,
          "linkTargetBlank": true,
          "linkTooltip": "Opens  'Sproc details' dashboard for that sproc",
          "linkUrl": "/d/sproc-details?var-dbname=$dbname&var-sproc_name=$__cell&from=$__from&to=$__to",
          "pattern": "function_full_name",
          "thresholds": [],
          "type": "string",
          "unit": "short"
        },
        {
          "alias": "",
          "colorMode": null,
          "colors": [
            "rgba(245, 54, 54, 0.9)",
            "rgba(237, 129, 40, 0.89)",
            "rgba(50, 172, 45, 0.97)"
          ],
          "dateFormat": "YYYY-MM-DD HH:mm:ss",
          "decimals": 1,
          "mappingType": 1,
          "pattern": "calls",
          "thresholds": [],
          "type": "number",
          "unit": "short"
        },
        {
          "alias": "",
          "colorMode": null,
          "colors": [
            "rgba(245, 54, 54, 0.9)",
            "rgba(237, 129, 40, 0.89)",
            "rgba(50, 172, 45, 0.97)"
          ],
          "dateFormat": "YYYY-MM-DD HH:mm:ss",
          "decimals": 2,
          "mappingType": 1,
          "pattern": "oid",
          "thresholds": [],
          "type": "string",
          "unit": "short"
        }
      ],
      "targets": [
        {
          "$hashKey": null,
          "format": "table",
          "group": [],
          "groupBy": [
            {
              "params": [
                "$__interval"
              ],
              "type": "time"
            },
            {
              "params": [
                "null"
              ],
              "type": "fill"
            }
          ],
          "measurement": "sproc_stats",
          "metricColumn": "none",
          "orderByTime": "ASC",
          "policy": "default",
          "query": "SELECT top(\"spread\", \"function_full_name\", \"oid\", $top) FROM (SELECT spread(\"total_time\") FROM \"sproc_stats\" WHERE $timeFilter AND \"dbname\" = '$dbname' GROUP BY time(3650d), \"function_full_name\", \"oid\" fill(none) ) WHERE spread > 0",
          "rawQuery": true,
          "rawSql": "SELECT\n  max((data->'total_time')::float8) - min((data->'total_time')::float8) as top,\n  max((data->'sp_calls')::int8) - min((data->'sp_calls')::int8) as calls,\n  tag_data->>'function_full_name' as function_full_name,\n  tag_data->>'oid' as oid\nFROM\n  sproc_stats\nWHERE\n  $__timeFilter(time)\n  AND dbname = '$dbname'\nGROUP BY 3, 4\nORDER BY 1 DESC NULLS LAST\nLIMIT $top",
          "refId": "A",
          "resultFormat": "table",
          "select": [
            [
              {
                "params": [
                  "total_time"
                ],
                "type": "field"
              },
              {
                "params": [],
                "type": "mean"
              }
            ]
          ],
          "tags": [],
          "timeColumn": "time",
          "where": [
            {
              "name": "$__timeFilter",
              "params": [],
              "type": "macro"
            }
          ]
        }
      ],
      "title": "By Total Runtime",
      "transform": "table",
      "type": "table"
    },
    {
      "columns": [],
      "datasource": null,
      "description": "As per  \"sproc_stats\" measurement. Needs track_functions parameter set to 'pl' on monitored DBs.",
      "fontSize": "100%",
      "gridPos": {
        "h": 6,
        "w": 24,
        "x": 0,
        "y": 6
      },
      "id": 5,
      "links": [],
      "options": {},
      "pageSize": null,
      "scroll": true,
      "showHeader": true,
      "sort": {
        "col": 0,
        "desc": true
      },
      "styles": [
        {
          "$hashKey": null,
          "alias": "Time",
          "dateFormat": "YYYY-MM-DD HH:mm:ss",
          "pattern": "Time",
          "type": "hidden"
        },
        {
          "$hashKey": null,
          "alias": "total_runtime",
          "colorMode": null,
          "colors": [
            "rgba(245, 54, 54, 0.9)",
            "rgba(237, 129, 40, 0.89)",
            "rgba(50, 172, 45, 0.97)"
          ],
          "dateFormat": "YYYY-MM-DD HH:mm:ss",
          "decimals": 1,
          "pattern": "top",
          "thresholds": [],
          "type": "number",
          "unit": "ms"
        },
        {
          "$hashKey": null,
          "alias": "",
          "colorMode": null,
          "colors": [
            "rgba(245, 54, 54, 0.9)",
            "rgba(237, 129, 40, 0.89)",
            "rgba(50, 172, 45, 0.97)"
          ],
          "dateFormat": "YYYY-MM-DD HH:mm:ss",
          "decimals": 2,
          "link": true,
          "linkTargetBlank": true,
          "linkTooltip": "Opens  'Sproc details' dashboard for that sproc",
          "linkUrl": "/d/sproc-details?var-dbname=$dbname&var-sproc_name=$__cell&from=$__from&to=$__to",
          "pattern": "function_full_name",
          "thresholds": [],
          "type": "string",
          "unit": "short"
        },
        {
          "alias": "",
          "colorMode": null,
          "colors": [
            "rgba(245, 54, 54, 0.9)",
            "rgba(237, 129, 40, 0.89)",
            "rgba(50, 172, 45, 0.97)"
          ],
          "dateFormat": "YYYY-MM-DD HH:mm:ss",
          "decimals": 1,
          "mappingType": 1,
          "pattern": "calls",
          "thresholds": [],
          "type": "number",
          "unit": "short"
        },
        {
          "alias": "",
          "colorMode": null,
          "colors": [
            "rgba(245, 54, 54, 0.9)",
            "rgba(237, 129, 40, 0.89)",
            "rgba(50, 172, 45, 0.97)"
          ],
          "dateFormat": "YYYY-MM-DD HH:mm:ss",
          "decimals": 2,
          "mappingType": 1,
          "pattern": "oid",
          "thresholds": [],
          "type": "string",
          "unit": "short"
        }
      ],
      "targets": [
        {
          "$hashKey": null,
          "format": "table",
          "group": [],
          "groupBy": [
            {
              "params": [
                "$__interval"
              ],
              "type": "time"
            },
            {
              "params": [
                "null"
              ],
              "type": "fill"
            }
          ],
          "measurement": "sproc_stats",
          "metricColumn": "none",
          "orderByTime": "ASC",
          "policy": "default",
          "query": "SELECT top(\"spread\", \"function_full_name\", \"oid\", $top) FROM (SELECT spread(\"self_time\") FROM \"sproc_stats\" WHERE $timeFilter AND \"dbname\" = '$dbname' GROUP BY time(3650d), \"function_full_name\", \"oid\" fill(none) ) WHERE spread > 0",
          "rawQuery": true,
          "rawSql": "SELECT\n  max((data->'self_time')::float8) - min((data->'self_time')::float8) as top,\n  max((data->'sp_calls')::int8) - min((data->'sp_calls')::int8) as calls,  \n  tag_data->>'function_full_name' as function_full_name,\n  tag_data->>'oid' as oid\nFROM\n  sproc_stats\nWHERE\n  $__timeFilter(time)\n  AND dbname = '$dbname'\nGROUP BY 3, 4\nORDER BY 1 DESC NULLS LAST\nLIMIT $top",
          "refId": "A",
          "resultFormat": "table",
          "select": [
            [
              {
                "params": [
                  "total_time"
                ],
                "type": "field"
              },
              {
                "params": [],
                "type": "mean"
              }
            ]
          ],
          "tags": [],
          "timeColumn": "time",
          "where": [
            {
              "name": "$__timeFilter",
              "params": [],
              "type": "macro"
            }
          ]
        }
      ],
      "title": "By Total Self Runtime",
      "transform": "table",
      "type": "table"
    },
    {
      "columns": [],
      "datasource": null,
      "description": "As per  \"sproc_stats\" measurement. Needs track_functions parameter set to 'pl' on monitored DBs.",
      "fontSize": "100%",
      "gridPos": {
        "h": 6,
        "w": 24,
        "x": 0,
        "y": 12
      },
      "id": 4,
      "links": [],
      "options": {},
      "pageSize": null,
      "scroll": true,
      "showHeader": true,
      "sort": {
        "col": 0,
        "desc": true
      },
      "styles": [
        {
          "$hashKey": null,
          "alias": "Time",
          "dateFormat": "YYYY-MM-DD HH:mm:ss",
          "pattern": "Time",
          "type": "hidden"
        },
        {
          "$hashKey": null,
          "alias": "calls",
          "colorMode": null,
          "colors": [
            "rgba(245, 54, 54, 0.9)",
            "rgba(237, 129, 40, 0.89)",
            "rgba(50, 172, 45, 0.97)"
          ],
          "dateFormat": "YYYY-MM-DD HH:mm:ss",
          "decimals": 0,
          "pattern": "top",
          "thresholds": [],
          "type": "number",
          "unit": "short"
        },
        {
          "$hashKey": null,
          "alias": "",
          "colorMode": null,
          "colors": [
            "rgba(245, 54, 54, 0.9)",
            "rgba(237, 129, 40, 0.89)",
            "rgba(50, 172, 45, 0.97)"
          ],
          "dateFormat": "YYYY-MM-DD HH:mm:ss",
          "decimals": 2,
          "link": true,
          "linkTargetBlank": true,
          "linkTooltip": "Opens  'Sproc details' dashboard for that sproc",
          "linkUrl": "/d/sproc-details?var-dbname=$dbname&var-sproc_name=$__cell&from=$__from&to=$__to",
          "pattern": "function_full_name",
          "thresholds": [],
          "type": "string",
          "unit": "short"
        },
        {
          "alias": "",
          "colorMode": null,
          "colors": [
            "rgba(245, 54, 54, 0.9)",
            "rgba(237, 129, 40, 0.89)",
            "rgba(50, 172, 45, 0.97)"
          ],
          "dateFormat": "YYYY-MM-DD HH:mm:ss",
          "decimals": 1,
          "mappingType": 1,
          "pattern": "total_time",
          "thresholds": [],
          "type": "number",
          "unit": "ms"
        },
        {
          "alias": "",
          "colorMode": null,
          "colors": [
            "rgba(245, 54, 54, 0.9)",
            "rgba(237, 129, 40, 0.89)",
            "rgba(50, 172, 45, 0.97)"
          ],
          "dateFormat": "YYYY-MM-DD HH:mm:ss",
          "decimals": 2,
          "mappingType": 1,
          "pattern": "oid",
          "thresholds": [],
          "type": "string",
          "unit": "short"
        }
      ],
      "targets": [
        {
          "$hashKey": null,
          "format": "table",
          "group": [],
          "groupBy": [
            {
              "params": [
                "$__interval"
              ],
              "type": "time"
            },
            {
              "params": [
                "null"
              ],
              "type": "fill"
            }
          ],
          "measurement": "sproc_stats",
          "metricColumn": "none",
          "orderByTime": "ASC",
          "policy": "default",
          "query": "SELECT top(\"spread\", \"function_full_name\", \"oid\", $top) FROM (SELECT spread(\"sp_calls\") FROM \"sproc_stats\" WHERE $timeFilter AND \"dbname\" = '$dbname' GROUP BY time(3650d), \"function_full_name\", \"oid\" fill(none) ) WHERE spread > 0",
          "rawQuery": true,
          "rawSql": "SELECT\n  max((data->'sp_calls')::int8) - min((data->'sp_calls')::int8) as top,\n  max((data->'total_time')::float8) - min((data->'total_time')::float8) as total_time,\n  tag_data->>'function_full_name' as function_full_name,\n  tag_data->>'oid' as oid\nFROM\n  sproc_stats\nWHERE\n  $__timeFilter(time)\n  AND dbname = '$dbname'\nGROUP BY 3, 4\nORDER BY 1 DESC NULLS LAST\nLIMIT $top",
          "refId": "A",
          "resultFormat": "table",
          "select": [
            [
              {
                "params": [
                  "total_time"
                ],
                "type": "field"
              },
              {
                "params": [],
                "type": "mean"
              }
            ]
          ],
          "tags": [],
          "timeColumn": "time",
          "where": [
            {
              "name": "$__timeFilter",
              "params": [],
              "type": "macro"
            }
          ]
        }
      ],
      "title": "By Calls",
      "transform": "table",
      "type": "table"
    },
    {
      "columns": [],
      "datasource": null,
      "description": "As per  \"sproc_stats\" measurement. Needs track_functions parameter set to 'pl' on monitored DBs.",
      "fontSize": "100%",
      "gridPos": {
        "h": 6,
        "w": 24,
        "x": 0,
        "y": 18
      },
      "id": 3,
      "links": [],
      "options": {},
      "pageSize": null,
      "scroll": true,
      "showHeader": true,
      "sort": {
        "col": 0,
        "desc": true
      },
      "styles": [
        {
          "$hashKey": null,
          "alias": "Time",
          "dateFormat": "YYYY-MM-DD HH:mm:ss",
          "pattern": "Time",
          "type": "hidden"
        },
        {
          "$hashKey": null,
          "alias": "avg_runtime",
          "colorMode": null,
          "colors": [
            "rgba(245, 54, 54, 0.9)",
            "rgba(237, 129, 40, 0.89)",
            "rgba(50, 172, 45, 0.97)"
          ],
          "dateFormat": "YYYY-MM-DD HH:mm:ss",
          "decimals": 2,
          "pattern": "top",
          "thresholds": [],
          "type": "number",
          "unit": "ms"
        },
        {
          "$hashKey": null,
          "alias": "",
          "colorMode": null,
          "colors": [
            "rgba(245, 54, 54, 0.9)",
            "rgba(237, 129, 40, 0.89)",
            "rgba(50, 172, 45, 0.97)"
          ],
          "dateFormat": "YYYY-MM-DD HH:mm:ss",
          "decimals": 2,
          "link": true,
          "linkTargetBlank": true,
          "linkTooltip": "Opens  'Sproc details' dashboard for that sproc",
          "linkUrl": "/d/sproc-details?var-dbname=$dbname&var-sproc_name=$__cell&from=$__from&to=$__to",
          "pattern": "function_full_name",
          "thresholds": [],
          "type": "string",
          "unit": "short"
        },
        {
          "alias": "",
          "colorMode": null,
          "colors": [
            "rgba(245, 54, 54, 0.9)",
            "rgba(237, 129, 40, 0.89)",
            "rgba(50, 172, 45, 0.97)"
          ],
          "dateFormat": "YYYY-MM-DD HH:mm:ss",
          "decimals": 1,
          "mappingType": 1,
          "pattern": "calls",
          "thresholds": [],
          "type": "number",
          "unit": "short"
        },
        {
          "alias": "",
          "colorMode": null,
          "colors": [
            "rgba(245, 54, 54, 0.9)",
            "rgba(237, 129, 40, 0.89)",
            "rgba(50, 172, 45, 0.97)"
          ],
          "dateFormat": "YYYY-MM-DD HH:mm:ss",
          "decimals": 2,
          "mappingType": 1,
          "pattern": "oid",
          "thresholds": [],
          "type": "string",
          "unit": "short"
        }
      ],
      "targets": [
        {
          "$hashKey": null,
          "format": "table",
          "group": [],
          "groupBy": [
            {
              "params": [
                "$__interval"
              ],
              "type": "time"
            },
            {
              "params": [
                "null"
              ],
              "type": "fill"
            }
          ],
          "measurement": "sproc_stats",
          "metricColumn": "none",
          "orderByTime": "ASC",
          "policy": "default",
          "query": "select top(avg, \"function_full_name\", \"oid\", $top) AS top from (select mean(t) / mean(c) AS avg from (SELECT spread(\"total_time\") AS t, spread(\"sp_calls\") AS c FROM \"sproc_stats\" WHERE $timeFilter AND dbname = '$dbname' GROUP BY time(3650d), \"function_full_name\", \"oid\" fill(none) )  where $timeFilter AND c > 0 group by time(3650d),  \"function_full_name\", \"oid\" )",
          "rawQuery": true,
          "rawSql": "SELECT\n  total_time / calls as top,\n  calls,\n  function_full_name,\n  oid\nFROM (\n  SELECT\n    tag_data->>'function_full_name' as function_full_name,\n    tag_data->>'oid' as oid,\n    max((data->'total_time')::float8) - min((data->'total_time')::float8) as total_time,\n    max((data->'sp_calls')::int8) - min((data->'sp_calls')::int8) as calls\n  FROM\n    sproc_stats\n  WHERE\n    $__timeFilter(time)\n    AND dbname = '$dbname'\n  GROUP BY 1, 2\n) x\nWHERE calls > 0\nORDER BY 1 DESC NULLS LAST\nLIMIT $top",
          "refId": "A",
          "resultFormat": "table",
          "select": [
            [
              {
                "params": [
                  "total_time"
                ],
                "type": "field"
              },
              {
                "params": [],
                "type": "mean"
              }
            ]
          ],
          "tags": [],
          "timeColumn": "time",
          "where": [
            {
              "name": "$__timeFilter",
              "params": [],
              "type": "macro"
            }
          ]
        }
      ],
      "title": "By Avg. Runtime",
      "transform": "table",
      "type": "table"
    },
    {
      "columns": [],
      "datasource": null,
      "description": "As per  \"sproc_stats\" measurement. Needs track_functions parameter set to 'pl' on monitored DBs.",
      "fontSize": "100%",
      "gridPos": {
        "h": 6,
        "w": 24,
        "x": 0,
        "y": 24
      },
      "id": 6,
      "links": [],
      "options": {},
      "pageSize": null,
      "scroll": true,
      "showHeader": true,
      "sort": {
        "col": 0,
        "desc": true
      },
      "styles": [
        {
          "$hashKey": null,
          "alias": "Time",
          "dateFormat": "YYYY-MM-DD HH:mm:ss",
          "pattern": "Time",
          "type": "hidden"
        },
        {
          "$hashKey": null,
          "alias": "avg_runtime",
          "colorMode": null,
          "colors": [
            "rgba(245, 54, 54, 0.9)",
            "rgba(237, 129, 40, 0.89)",
            "rgba(50, 172, 45, 0.97)"
          ],
          "dateFormat": "YYYY-MM-DD HH:mm:ss",
          "decimals": 2,
          "pattern": "top",
          "thresholds": [],
          "type": "number",
          "unit": "ms"
        },
        {
          "$hashKey": null,
          "alias": "",
          "colorMode": null,
          "colors": [
            "rgba(245, 54, 54, 0.9)",
            "rgba(237, 129, 40, 0.89)",
            "rgba(50, 172, 45, 0.97)"
          ],
          "dateFormat": "YYYY-MM-DD HH:mm:ss",
          "decimals": 2,
          "link": true,
          "linkTargetBlank": true,
          "linkTooltip": "Opens  'Sproc details' dashboard for that sproc",
          "linkUrl": "/d/sproc-details?var-dbname=$dbname&var-sproc_name=$__cell&from=$__from&to=$__to",
          "pattern": "function_full_name",
          "thresholds": [],
          "type": "string",
          "unit": "short"
        },
        {
          "alias": "",
          "colorMode": null,
          "colors": [
            "rgba(245, 54, 54, 0.9)",
            "rgba(237, 129, 40, 0.89)",
            "rgba(50, 172, 45, 0.97)"
          ],
          "dateFormat": "YYYY-MM-DD HH:mm:ss",
          "decimals": 1,
          "mappingType": 1,
          "pattern": "calls",
          "thresholds": [],
          "type": "number",
          "unit": "short"
        },
        {
          "alias": "",
          "colorMode": null,
          "colors": [
            "rgba(245, 54, 54, 0.9)",
            "rgba(237, 129, 40, 0.89)",
            "rgba(50, 172, 45, 0.97)"
          ],
          "dateFormat": "YYYY-MM-DD HH:mm:ss",
          "decimals": 2,
          "mappingType": 1,
          "pattern": "oid",
          "thresholds": [],
          "type": "string",
          "unit": "short"
        }
      ],
      "targets": [
        {
          "$hashKey": null,
          "format": "table",
          "group": [],
          "groupBy": [
            {
              "params": [
                "$__interval"
              ],
              "type": "time"
            },
            {
              "params": [
                "null"
              ],
              "type": "fill"
            }
          ],
          "measurement": "sproc_stats",
          "metricColumn": "none",
          "orderByTime": "ASC",
          "policy": "default",
          "query": "select top(avg, \"function_full_name\", \"oid\", $top) AS top from (select mean(t) / mean(c) AS avg from (SELECT spread(\"self_time\") AS t, spread(\"sp_calls\") AS c FROM \"sproc_stats\" WHERE $timeFilter AND dbname = '$dbname' GROUP BY time(3650d), \"function_full_name\", \"oid\" fill(none) )  where $timeFilter AND c > 0 group by time(3650d),  \"function_full_name\", \"oid\" )",
          "rawQuery": true,
          "rawSql": "SELECT\n  total_time / calls as top,\n  calls,\n  function_full_name,\n  oid\nFROM (\n  SELECT\n    tag_data->>'function_full_name' as function_full_name,\n    tag_data->>'oid' as oid,\n    max((data->'self_time')::float8) - min((data->'self_time')::float8) as total_time,\n    max((data->'sp_calls')::int8) - min((data->'sp_calls')::int8) as calls\n  FROM\n    sproc_stats\n  WHERE\n    $__timeFilter(time)\n    AND dbname = '$dbname'\n  GROUP BY 1, 2\n) x\nWHERE calls > 0\nORDER BY 1 DESC NULLS LAST\nLIMIT $top",
          "refId": "A",
          "resultFormat": "table",
          "select": [
            [
              {
                "params": [
                  "total_time"
                ],
                "type": "field"
              },
              {
                "params": [],
                "type": "mean"
              }
            ]
          ],
          "tags": [],
          "timeColumn": "time",
          "where": [
            {
              "name": "$__timeFilter",
              "params": [],
              "type": "macro"
            }
          ]
        }
      ],
      "title": "By Avg. Self Runtime",
      "transform": "table",
      "type": "table"
    },
    {
      "content": "Brought to you by: <a href=\"https://www.cybertec-postgresql.com/en/\"><img src=\"https://www.cybertec-postgresql.com/wp-content/uploads/2020/11/CYBERTEC_RGB_300x80px.png\" alt=\"Cybertec – The PostgreSQL Database Company\"></a>",
      "gridPos": {
        "h": 8,
        "w": 12,
        "x": 0,
        "y": 30
      },
      "id": 8,
      "links": [],
      "mode": "html",
      "options": {},
      "targets": [
        {
          "format": "time_series",
          "group": [],
          "metricColumn": "none",
          "rawQuery": false,
          "refId": "A",
          "select": [
            [
              {
                "params": [
                  "value"
                ],
                "type": "column"
              }
            ]
          ],
          "timeColumn": "time",
          "where": [
            {
              "name": "$__timeFilter",
              "params": [],
              "type": "macro"
            }
          ]
        }
      ],
      "timeFrom": null,
      "timeShift": null,
      "title": "",
      "transparent": true,
      "type": "text"
    }
  ],
  "schemaVersion": 18,
  "style": "dark",
  "tags": [
    "pgwatch2"
  ],
  "templating": {
    "list": [
      {
        "allValue": null,
        "current": {
          "text": null,
          "text": null
        },
        "datasource": null,
        "definition": "",
        "hide": 0,
        "includeAll": false,
        "label": null,
        "multi": false,
        "name": "dbname",
        "options": [],
        "query": "SELECT DISTINCT dbname FROM admin.all_distinct_dbname_metrics WHERE metric = 'sproc_stats' ORDER BY 1;",
        "refresh": 1,
        "regex": "",
        "skipUrlSync": false,
        "sort": 0,
        "tagValuesQuery": "",
        "tags": [],
        "tagsQuery": "",
        "type": "query",
        "useTags": false
      },
      {
        "allValue": null,
        "current": {
          "tags": [],
          "text": "5",
          "value": "5"
        },
        "hide": 0,
        "includeAll": false,
        "label": null,
        "multi": false,
        "name": "top",
        "options": [
          {
            "$hashKey": null,
            "selected": false,
            "text": "1",
            "value": "1"
          },
          {
            "hashKey": null,
            "selected": false,
            "text": "3",
            "value": "3"
          },
          {
            "$hashKey": null,
            "selected": true,
            "text": "5",
            "value": "5"
          },
          {
            "$hashKey": null,
            "selected": false,
            "text": "10",
            "value": "10"
          },
          {
            "$hashKey": null,
            "selected": false,
            "text": "15",
            "value": "15"
          },
          {
            "$hashKey": null,
            "selected": false,
            "text": "20",
            "value": "20"
          },
          {
            "$hashKey": null,
            "selected": false,
            "text": "30",
            "value": "30"
          },
          {
            "$hashKey": null,
            "selected": false,
            "text": "40",
            "value": "40"
          },
          {
            "$hashKey": null,
            "selected": false,
            "text": "50",
            "value": "50"
          }
        ],
        "query": "1,3,5,10,15,20,30,40,50",
        "skipUrlSync": false,
        "type": "custom"
      }
    ]
  },
  "time": {
    "from": "now-3h",
    "to": "now"
  },
  "timepicker": {
    "refresh_intervals": [
      "5s",
      "10s",
      "30s",
      "1m",
      "5m",
      "15m",
      "30m",
      "1h",
      "2h",
      "1d"
    ],
    "time_options": [
      "5m",
      "15m",
      "1h",
      "6h",
      "12h",
      "24h",
      "2d",
      "7d",
      "30d"
    ]
  },
  "timezone": "",
  "title": "Top Sprocs",
  "uid": "sprocs-top",
  "version": 1
}