{
  "annotations": {
    "list": [
      {
        "builtIn": 1,
        "datasource": "-- Grafana --",
        "enable": true,
        "hide": true,
        "iconColor": "rgba(0, 211, 255, 1)",
        "name": "Annotations & Alerts",
        "type": "dashboard"
      }
    ]
  },
  "editable": true,
  "gnetId": null,
  "graphTooltip": 0,
  "id": null,
  "links": [],
  "panels": [
    {
      "aliasColors": {},
      "bars": false,
      "dashLength": 10,
      "dashes": false,
      "datasource": null,
      "fill": 1,
      "gridPos": {
        "h": 7,
        "w": 24,
        "x": 0,
        "y": 0
      },
      "id": 1,
      "interval": "2m",
      "legend": {
        "avg": true,
        "current": false,
        "max": false,
        "min": false,
        "show": true,
        "total": false,
        "values": true
      },
      "lines": true,
      "linewidth": 1,
      "links": [],
      "nullPointMode": "null",
      "percentage": false,
      "pointradius": 5,
      "points": false,
      "renderer": "flot",
      "seriesOverrides": [],
      "spaceLength": 10,
      "stack": false,
      "steppedLine": false,
      "targets": [
        {
          "alias": "calls",
          "dsType": null,
          "format": "time_series",
          "group": [],
          "groupBy": [
            {
              "params": [
                "$__interval"
              ],
              "type": "time"
            },
            {
              "params": [
                "none"
              ],
              "type": "fill"
            }
          ],
          "measurement": "sproc_stats",
          "metricColumn": "none",
          "orderByTime": "ASC",
          "policy": "default",
          "rawQuery": true,
          "rawSql": "SELECT\n  time,\n  sum(calls - calls_lag) as calls\nFROM (\nSELECT\n  $__timeGroup(time, $agg_interval),\n  (data->'sp_calls')::int8 as calls,\n  lag((data->'sp_calls')::int8) OVER(order by time) as calls_lag\nFROM\n  sproc_stats\nWHERE\n  $__timeFilter(time)\n  AND dbname = '$dbname'\n  AND tag_data @> '{\"function_full_name\": \"$sproc_name\"}'\n) x\nWHERE calls >= calls_lag\nGROUP BY 1\nORDER BY 1",
          "refId": "A",
          "resultFormat": "time_series",
          "select": [
            [
              {
                "params": [
                  "sp_calls"
                ],
                "type": "field"
              },
              {
                "params": [],
                "type": "mean"
              },
              {
                "params": [
                  "1h"
                ],
                "type": "non_negative_derivative"
              }
            ]
          ],
          "tags": [
            {
              "key": "dbname",
              "operator": "=~",
              "value": "/^$dbname$/"
            },
            {
              "condition": "AND",
              "key": "function_full_name",
              "operator": "=~",
              "value": "/^$sproc_name$/"
            }
          ],
          "timeColumn": "time",
          "where": [
            {
              "name": "$__timeFilter",
              "params": [],
              "type": "macro"
            }
          ]
        }
      ],
      "thresholds": [],
      "timeFrom": null,
      "timeRegions": [],
      "timeShift": null,
      "title": "Calls ($agg_interval aggregate)",
      "tooltip": {
        "shared": true,
        "sort": 0,
        "value_type": "individual"
      },
      "type": "graph",
      "xaxis": {
        "buckets": null,
        "mode": "time",
        "name": null,
        "show": true,
        "values": []
      },
      "yaxes": [
        {
          "format": "short",
          "label": null,
          "logBase": 1,
          "max": null,
          "min": "0",
          "show": true
        },
        {
          "format": "short",
          "label": null,
          "logBase": 1,
          "max": null,
          "min": null,
          "show": false
        }
      ],
      "yaxis": {
        "align": false,
        "alignLevel": null
      }
    },
    {
      "aliasColors": {},
      "bars": false,
      "dashLength": 10,
      "dashes": false,
      "datasource": null,
      "decimals": 3,
      "fill": 1,
      "gridPos": {
        "h": 7,
        "w": 24,
        "x": 0,
        "y": 7
      },
      "id": 2,
      "interval": "2m",
      "legend": {
        "avg": true,
        "current": false,
        "max": false,
        "min": false,
        "show": true,
        "total": false,
        "values": true
      },
      "lines": true,
      "linewidth": 1,
      "links": [],
      "nullPointMode": "null as zero",
      "options": {
        "dataLinks": []
      },
      "percentage": false,
      "pointradius": 5,
      "points": false,
      "renderer": "flot",
      "seriesOverrides": [],
      "spaceLength": 10,
      "stack": false,
      "steppedLine": false,
      "targets": [
        {
          "alias": "total_time",
          "dsType": null,
          "format": "time_series",
          "group": [],
          "groupBy": [
            {
              "params": [
                "auto"
              ],
              "type": "time"
            },
            {
              "params": [
                "none"
              ],
              "type": "fill"
            }
          ],
          "measurement": "sproc_stats",
          "metricColumn": "none",
          "orderByTime": "ASC",
          "policy": "default",
          "rawQuery": true,
          "rawSql": "SELECT\n  $__timeGroup(time, $agg_interval),\n  avg( case when calls = calls_lag then null else (total_time - total_time_lag) / (calls - calls_lag) end) as total_time,\n  avg( case when calls = calls_lag then null else (self_time - self_time_lag) / (calls - calls_lag) end) as self_time\nFROM (\n  SELECT\n    (data->'sp_calls')::int8 as calls, lag((data->'sp_calls')::int8) over w as calls_lag,\n    (data->'self_time')::float as self_time, lag((data->'self_time')::float) over w as self_time_lag,\n    (data->'total_time')::float as total_time, lag((data->'total_time')::float) over w as total_time_lag,\n    time, lag(time) over w as time_lag\n  FROM\n    sproc_stats\n  WHERE\n    $__timeFilter(time)\n    AND dbname = '$dbname'\n    AND tag_data @> jsonb_build_object('function_full_name', '$sproc_name')\n    WINDOW w AS (order by time)\n) x\nWHERE time > time_lag AND calls >= calls_lag\nGROUP BY 1\nORDER BY 1",
          "refId": "A",
          "resultFormat": "time_series",
          "select": [
            [
              {
                "params": [
                  "total_time"
                ],
                "type": "field"
              },
              {
                "params": [],
                "type": "mean"
              },
              {
                "params": [
                  "1h"
                ],
                "type": "non_negative_derivative"
              }
            ]
          ],
          "tags": [
            {
              "key": "dbname",
              "operator": "=~",
              "value": "/^$dbname$/"
            },
            {
              "condition": "AND",
              "key": "function_full_name",
              "operator": "=~",
              "value": "/^$sproc_name$/"
            }
          ],
          "timeColumn": "time",
          "where": [
            {
              "name": "$__timeFilter",
              "params": [],
              "type": "macro"
            }
          ]
        }
      ],
      "thresholds": [],
      "timeFrom": null,
      "timeRegions": [],
      "timeShift": null,
      "title": "Avg. runtime ($agg_interval avg.)",
      "tooltip": {
        "shared": true,
        "sort": 0,
        "value_type": "individual"
      },
      "type": "graph",
      "xaxis": {
        "buckets": null,
        "mode": "time",
        "name": null,
        "show": true,
        "values": []
      },
      "yaxes": [
        {
          "decimals": 3,
          "format": "ms",
          "label": null,
          "logBase": 1,
          "max": null,
          "min": null,
          "show": true
        },
        {
          "decimals": null,
          "format": "short",
          "label": null,
          "logBase": 1,
          "max": null,
          "min": null,
          "show": false
        }
      ],
      "yaxis": {
        "align": false,
        "alignLevel": null
      }
    }
  ],
  "schemaVersion": 19,
  "style": "dark",
  "tags": [
    "pgwatch2"
  ],
  "templating": {
    "list": [
      {
        "allValue": null,
        "current": {
          "text": null,
          "value": null
        },
        "datasource": null,
        "definition": "",
        "hide": 0,
        "includeAll": false,
        "label": null,
        "multi": false,
        "name": "dbname",
        "options": [],
        "query": "SELECT DISTINCT dbname FROM admin.all_distinct_dbname_metrics WHERE metric = 'sproc_stats' ORDER BY 1;",
        "refresh": 1,
        "regex": "",
        "skipUrlSync": false,
        "sort": 0,
        "tagValuesQuery": "",
        "tags": [],
        "tagsQuery": "",
        "type": "query",
        "useTags": false
      },
      {
        "allValue": null,
        "current": {
          "text": null,
          "value": null
        },
        "datasource": null,
        "definition": "select distinct tag_data->>'function_full_name' from sproc_stats where time > current_date-7 and dbname = '$dbname' and tag_data ? 'function_full_name' order by 1;",
        "hide": 0,
        "includeAll": false,
        "label": null,
        "multi": false,
        "name": "sproc_name",
        "options": [],
        "query": "select distinct tag_data->>'function_full_name' from sproc_stats where time > current_date-7 and dbname = '$dbname' and tag_data ? 'function_full_name' order by 1;",
        "refresh": 1,
        "regex": "",
        "skipUrlSync": false,
        "sort": 0,
        "tagValuesQuery": "",
        "tags": [],
        "tagsQuery": "",
        "type": "query",
        "useTags": false
      },
      {
        "auto": false,
        "auto_count": 30,
        "auto_min": "10s",
        "current": {
          "tags": [],
          "text": "10m",
          "value": "10m"
        },
        "hide": 0,
        "label": null,
        "name": "agg_interval",
        "options": [
          {
            "selected": false,
            "text": "1m",
            "value": "1m"
          },
          {
            "selected": false,
            "text": "5m",
            "value": "5m"
          },
          {
            "selected": true,
            "text": "10m",
            "value": "10m"
          },
          {
            "selected": false,
            "text": "15m",
            "value": "15m"
          },
          {
            "selected": false,
            "text": "30m",
            "value": "30m"
          },
          {
            "selected": false,
            "text": "1h",
            "value": "1h"
          },
          {
            "selected": false,
            "text": "6h",
            "value": "6h"
          },
          {
            "selected": false,
            "text": "12h",
            "value": "12h"
          },
          {
            "selected": false,
            "text": "1d",
            "value": "1d"
          }
        ],
        "query": "1m,5m,10m,15m,30m,1h,6h,12h,1d",
        "refresh": 2,
        "skipUrlSync": false,
        "type": "interval"
      }
    ]
  },
  "time": {
    "from": "now-3h",
    "to": "now"
  },
  "timepicker": {
    "refresh_intervals": [
      "5s",
      "10s",
      "30s",
      "1m",
      "5m",
      "15m",
      "30m",
      "1h",
      "2h",
      "1d"
    ],
    "time_options": [
      "5m",
      "15m",
      "1h",
      "6h",
      "12h",
      "24h",
      "2d",
      "7d",
      "30d"
    ]
  },
  "timezone": "browser",
  "title": "Sproc details",
  "uid": "sproc-details",
  "version": 1
}