{
  "annotations": {
    "list": [
      {
        "builtIn": 1,
        "datasource": "-- Grafana --",
        "enable": true,
        "hide": true,
        "iconColor": "rgba(0, 211, 255, 1)",
        "name": "Annotations & Alerts",
        "type": "dashboard"
      }
    ]
  },
  "editable": true,
  "gnetId": null,
  "graphTooltip": 0,
  "id": null,
  "links": [],
  "panels": [
    {
      "columns": [],
      "datasource": null,
      "description": "Top 25 longest running queries from pg_stat_activity. NB! Query texts are compacted",
      "fontSize": "100%",
      "gridPos": {
        "h": 24,
        "w": 24,
        "x": 0,
        "y": 0
      },
      "id": 2,
      "options": {},
      "pageSize": null,
      "showHeader": true,
      "sort": {
        "col": null,
        "desc": false
      },
      "styles": [
        {
          "alias": "",
          "colorMode": null,
          "colors": [
            "rgba(245, 54, 54, 0.9)",
            "rgba(237, 129, 40, 0.89)",
            "rgba(50, 172, 45, 0.97)"
          ],
          "decimals": 2,
          "pattern": "pid",
          "thresholds": [],
          "type": "string",
          "unit": "short"
        },
        {
          "alias": "",
          "colorMode": "value",
          "colors": [
            "rgba(50, 172, 45, 0.97)",
            "rgba(237, 129, 40, 0.89)",
            "rgba(245, 54, 54, 0.9)"
          ],
          "dateFormat": "YYYY-MM-DD HH:mm:ss",
          "decimals": 1,
          "mappingType": 1,
          "pattern": "duration",
          "thresholds": [
            "60",
            "300"
          ],
          "type": "number",
          "unit": "s"
        },
        {
          "alias": "",
          "colorMode": "value",
          "colors": [
            "rgba(50, 172, 45, 0.97)",
            "#C4162A",
            "rgba(245, 54, 54, 0.9)"
          ],
          "dateFormat": "YYYY-MM-DD HH:mm:ss",
          "decimals": 2,
          "mappingType": 1,
          "pattern": "waiting",
          "thresholds": [
            "1",
            "2"
          ],
          "type": "string",
          "unit": "short",
          "valueMaps": [
            {
              "text": "no",
              "value": "0"
            },
            {
              "text": "yes",
              "value": "1"
            }
          ]
        },
        {
          "alias": "",
          "colorMode": null,
          "colors": [
            "rgba(245, 54, 54, 0.9)",
            "rgba(237, 129, 40, 0.89)",
            "rgba(50, 172, 45, 0.97)"
          ],
          "dateFormat": "YYYY-MM-DD HH:mm:ss",
          "decimals": 2,
          "mappingType": 1,
          "pattern": "blocking_pids",
          "thresholds": [],
          "type": "string",
          "unit": "short",
          "valueMaps": []
        }
      ],
      "targets": [
        {
          "format": "table",
          "group": [],
          "metricColumn": "none",
          "rawQuery": true,
          "rawSql": "SELECT\n  tag_data->>'pid' AS pid,\n  data->>'user' AS user,\n  data->>'appname' AS appname,\n  data->>'ip' AS ip,\n  (data->'duration_s')::int AS duration,\n  data->>'waiting' AS waiting,\n  coalesce(data->>'blocking_pids', '') AS blocking_pids,\n  data->>'query' AS query\nFROM\n  stat_activity_realtime\nWHERE\n  dbname = '$dbname'\n  AND time = (SELECT max(time) FROM stat_activity_realtime WHERE dbname = '$dbname' AND $__timeFilter(time))\n  AND (data->'duration_s')::int > $min_duration_s\nORDER BY\n  duration DESC\nLIMIT 25\n\n\n\n\n\n\n\n\n\n\n\n\n",
          "refId": "A",
          "select": [
            [
              {
                "params": [
                  "value"
                ],
                "type": "column"
              }
            ]
          ],
          "timeColumn": "time",
          "where": [
            {
              "name": "$__timeFilter",
              "params": [],
              "type": "macro"
            }
          ]
        }
      ],
      "timeFrom": null,
      "timeShift": null,
      "title": "Stat Activity",
      "transform": "table",
      "type": "table"
    }
  ],
  "refresh": "5s",
  "schemaVersion": 21,
  "style": "dark",
  "tags": [
    "pgwatch2"
  ],
  "templating": {
    "list": [
      {
        "allValue": null,
        "datasource": null,
        "definition": "SELECT DISTINCT dbname FROM admin.all_distinct_dbname_metrics WHERE metric = 'stat_activity_realtime' ORDER BY 1;",
        "hide": 0,
        "includeAll": false,
        "label": null,
        "multi": false,
        "name": "dbname",
        "options": [],
        "query": "SELECT DISTINCT dbname FROM admin.all_distinct_dbname_metrics WHERE metric = 'stat_activity_realtime' ORDER BY 1;",
        "refresh": 1,
        "regex": "",
        "skipUrlSync": false,
        "sort": 0,
        "tagValuesQuery": "",
        "tags": [],
        "tagsQuery": "",
        "type": "query",
        "useTags": false
      },
      {
        "current": {
          "text": "1",
          "value": "1"
        },
        "hide": 0,
        "label": null,
        "name": "min_duration_s",
        "options": [
          {
            "text": "1",
            "value": "1"
          }
        ],
        "query": "1",
        "skipUrlSync": false,
        "type": "textbox"
      }
    ]
  },
  "time": {
    "from": "now-5m",
    "to": "now"
  },
  "timepicker": {
    "hidden": false,
    "refresh_intervals": [
      "1s",
      "2s",
      "3s",
      "4s",
      "5s",
      "10s",
      "30s",
      "1m",
      "5m",
      "15m"
    ]
  },
  "timezone": "",
  "title": "Stat Activity Realtime",
  "uid": "stat-activity-realtime",
  "version": 1
}