{
  "annotations": {
    "list": [
      {
        "builtIn": 1,
        "datasource": "-- Grafana --",
        "enable": true,
        "hide": true,
        "iconColor": "rgba(0, 211, 255, 1)",
        "name": "Annotations & Alerts",
        "type": "dashboard"
      }
    ]
  },
  "description": "Needs according psutil_* helper stored procedures installed on monitored Postgres DBs",
  "editable": true,
  "gnetId": null,
  "graphTooltip": 0,
  "id": null,
  "links": [],
  "panels": [
    {
      "aliasColors": {
        "load (1min) normalized to #CPU": "#890f02",
        "load 1min norm.": "#bf1b00",
        "load_1min_norm": "#bf1b00",
        "normalized to #CPU": "#890f02",
        "utilization": "#bf1b00"
      },
      "bars": false,
      "dashLength": 10,
      "dashes": false,
      "datasource": null,
      "decimals": 1,
      "description": "a.k.a. CPU run  queue length or Load Average, reported e.g. by the \"uptime\" command",
      "fill": 1,
      "gridPos": {
        "h": 6,
        "w": 24,
        "x": 0,
        "y": 0
      },
      "id": 4,
      "interval": "2m",
      "legend": {
        "alignAsTable": false,
        "avg": true,
        "current": false,
        "max": false,
        "min": false,
        "show": true,
        "total": false,
        "values": true
      },
      "lines": true,
      "linewidth": 1,
      "links": [],
      "nullPointMode": "null",
      "percentage": false,
      "pointradius": 5,
      "points": false,
      "renderer": "flot",
      "seriesOverrides": [
        {
          "alias": "/normalized/",
          "linewidth": 4
        }
      ],
      "spaceLength": 10,
      "stack": false,
      "steppedLine": false,
      "targets": [
        {
          "alias": "normalized to #CPU",
          "format": "time_series",
          "group": [],
          "groupBy": [
            {
              "params": [
                "$__interval"
              ],
              "type": "time"
            },
            {
              "params": [
                "none"
              ],
              "type": "fill"
            }
          ],
          "measurement": "psutil_cpu",
          "metricColumn": "none",
          "orderByTime": "ASC",
          "policy": "default",
          "rawQuery": true,
          "rawSql": "SELECT\n  $__timeGroup(time, $agg_interval),\n  avg((data->'load_1m_norm')::float8) \"normalized to #CPU\",\n  avg((data->'load_1m')::float8) \"as reported by /proc/loadavg\"\nFROM\n  psutil_cpu\nWHERE\n  $__timeFilter(time)\n  AND dbname = '$dbname'\nGROUP BY 1\nORDER BY 1\n",
          "refId": "B",
          "resultFormat": "time_series",
          "select": [
            [
              {
                "params": [
                  "load_1m_norm"
                ],
                "type": "field"
              },
              {
                "params": [],
                "type": "mean"
              }
            ]
          ],
          "tags": [
            {
              "key": "dbname",
              "operator": "=~",
              "value": "/^$dbname$/"
            }
          ],
          "timeColumn": "time",
          "where": [
            {
              "name": "$__timeFilter",
              "params": [],
              "type": "macro"
            }
          ]
        }
      ],
      "thresholds": [],
      "timeFrom": null,
      "timeRegions": [],
      "timeShift": null,
      "title": "System load ($agg_interval avg.)",
      "tooltip": {
        "shared": true,
        "sort": 2,
        "value_type": "individual"
      },
      "type": "graph",
      "xaxis": {
        "buckets": null,
        "mode": "time",
        "name": null,
        "show": true,
        "values": []
      },
      "yaxes": [
        {
          "decimals": 1,
          "format": "none",
          "label": "",
          "logBase": 1,
          "max": null,
          "min": null,
          "show": true
        },
        {
          "decimals": null,
          "format": "none",
          "label": "As reported by /proc/loadavg ",
          "logBase": 10,
          "max": null,
          "min": null,
          "show": false
        }
      ],
      "yaxis": {
        "align": false,
        "alignLevel": null
      }
    },
    {
      "aliasColors": {
        "load_1min_norm": "#bf1b00",
        "utilization": "#bf1b00"
      },
      "bars": false,
      "dashLength": 10,
      "dashes": false,
      "datasource": null,
      "decimals": 1,
      "description": "System-wide CPU utilization as reported by psutil.cpu_percent()",
      "fill": 1,
      "gridPos": {
        "h": 6,
        "w": 24,
        "x": 0,
        "y": 6
      },
      "id": 3,
      "interval": "2m",
      "legend": {
        "alignAsTable": false,
        "avg": true,
        "current": false,
        "max": false,
        "min": false,
        "rightSide": false,
        "show": true,
        "total": false,
        "values": true
      },
      "lines": true,
      "linewidth": 1,
      "links": [],
      "nullPointMode": "null",
      "percentage": false,
      "pointradius": 5,
      "points": false,
      "renderer": "flot",
      "seriesOverrides": [
        {
          "alias": "utilization",
          "yaxis": 1
        },
        {
          "alias": "load_1min_norm",
          "yaxis": 2
        },
        {
          "alias": "load 1min norm.",
          "yaxis": 2
        }
      ],
      "spaceLength": 10,
      "stack": false,
      "steppedLine": false,
      "targets": [
        {
          "alias": "utilization",
          "format": "time_series",
          "group": [],
          "groupBy": [
            {
              "params": [
                "$__interval"
              ],
              "type": "time"
            },
            {
              "params": [
                "none"
              ],
              "type": "fill"
            }
          ],
          "measurement": "psutil_cpu",
          "metricColumn": "none",
          "orderByTime": "ASC",
          "policy": "default",
          "rawQuery": true,
          "rawSql": "SELECT\n  $__timeGroup(time, $agg_interval),\n  avg((data->'cpu_utilization')::float8) \"utilization\"\nFROM\n  psutil_cpu\nWHERE\n  $__timeFilter(time)\n  AND dbname = '$dbname'\nGROUP BY 1\nORDER BY 1\n",
          "refId": "A",
          "resultFormat": "time_series",
          "select": [
            [
              {
                "params": [
                  "cpu_utilization"
                ],
                "type": "field"
              },
              {
                "params": [],
                "type": "mean"
              }
            ]
          ],
          "tags": [
            {
              "key": "dbname",
              "operator": "=~",
              "value": "/^$dbname$/"
            }
          ],
          "timeColumn": "time",
          "where": [
            {
              "name": "$__timeFilter",
              "params": [],
              "type": "macro"
            }
          ]
        }
      ],
      "thresholds": [],
      "timeFrom": null,
      "timeRegions": [],
      "timeShift": null,
      "title": "CPU utilization % ($agg_interval avg.)",
      "tooltip": {
        "shared": true,
        "sort": 2,
        "value_type": "individual"
      },
      "type": "graph",
      "xaxis": {
        "buckets": null,
        "mode": "time",
        "name": null,
        "show": true,
        "values": []
      },
      "yaxes": [
        {
          "format": "percent",
          "label": null,
          "logBase": 1,
          "max": null,
          "min": "0",
          "show": true
        },
        {
          "format": "short",
          "label": null,
          "logBase": 1,
          "max": null,
          "min": "0",
          "show": false
        }
      ],
      "yaxis": {
        "align": false,
        "alignLevel": null
      }
    },
    {
      "aliasColors": {},
      "bars": false,
      "dashLength": 10,
      "dashes": false,
      "datasource": null,
      "decimals": 1,
      "fill": 1,
      "gridPos": {
        "h": 6,
        "w": 24,
        "x": 0,
        "y": 12
      },
      "id": 2,
      "interval": "2m",
      "legend": {
        "alignAsTable": false,
        "avg": true,
        "current": false,
        "max": false,
        "min": false,
        "show": true,
        "total": false,
        "values": true
      },
      "lines": true,
      "linewidth": 1,
      "links": [],
      "nullPointMode": "null",
      "percentage": false,
      "pointradius": 5,
      "points": false,
      "renderer": "flot",
      "seriesOverrides": [],
      "spaceLength": 10,
      "stack": false,
      "steppedLine": false,
      "targets": [
        {
          "alias": "idle",
          "format": "time_series",
          "group": [],
          "groupBy": [
            {
              "params": [
                "$__interval"
              ],
              "type": "time"
            },
            {
              "params": [
                "none"
              ],
              "type": "fill"
            }
          ],
          "hide": false,
          "measurement": "psutil_cpu",
          "metricColumn": "none",
          "orderByTime": "ASC",
          "policy": "default",
          "query": "",
          "rawQuery": true,
          "rawSql": "SELECT\n  $__timeGroup(time, $agg_interval),\n  avg((data->'idle')::float8) as \"idle\",\n  avg((data->'user')::float8) as \"user\",\n  avg((data->'system')::float8) as \"system\",\n  avg((data->'iowait')::float8) as \"iowait\",\n  avg((data->'other')::float8) as \"other\",\n  avg((data->'irqs')::float8) as \"irqs\"\nFROM\n  psutil_cpu\nWHERE\n  $__timeFilter(time)\n  AND dbname = '$dbname'\nGROUP BY 1\nORDER BY 1\n",
          "refId": "A",
          "resultFormat": "time_series",
          "select": [
            [
              {
                "params": [
                  "idle"
                ],
                "type": "field"
              },
              {
                "params": [],
                "type": "mean"
              }
            ]
          ],
          "tags": [
            {
              "key": "dbname",
              "operator": "=~",
              "value": "/^$dbname$/"
            }
          ],
          "timeColumn": "time",
          "where": [
            {
              "name": "$__timeFilter",
              "params": [],
              "type": "macro"
            }
          ]
        }
      ],
      "thresholds": [],
      "timeFrom": null,
      "timeRegions": [],
      "timeShift": null,
      "title": "CPU usage distribution ($agg_interval avg.)",
      "tooltip": {
        "shared": true,
        "sort": 2,
        "value_type": "individual"
      },
      "type": "graph",
      "xaxis": {
        "buckets": null,
        "mode": "time",
        "name": null,
        "show": true,
        "values": []
      },
      "yaxes": [
        {
          "format": "percent",
          "label": null,
          "logBase": 1,
          "max": null,
          "min": null,
          "show": true
        },
        {
          "format": "short",
          "label": null,
          "logBase": 1,
          "max": null,
          "min": null,
          "show": true
        }
      ],
      "yaxis": {
        "align": false,
        "alignLevel": null
      }
    },
    {
      "aliasColors": {},
      "bars": false,
      "dashLength": 10,
      "dashes": false,
      "datasource": null,
      "decimals": 1,
      "description": "NB! Doesn't have to necessarily equal 100%  to values reported by the \"free\" command - see [here](https://psutil.readthedocs.io/en/latest/#psutil.virtual_memory) for more",
      "fill": 1,
      "gridPos": {
        "h": 6,
        "w": 24,
        "x": 0,
        "y": 18
      },
      "id": 5,
      "interval": "2m",
      "legend": {
        "alignAsTable": false,
        "avg": true,
        "current": false,
        "max": false,
        "min": false,
        "show": true,
        "total": false,
        "values": true
      },
      "lines": true,
      "linewidth": 1,
      "links": [],
      "nullPointMode": "null",
      "percentage": false,
      "pointradius": 5,
      "points": false,
      "renderer": "flot",
      "seriesOverrides": [],
      "spaceLength": 10,
      "stack": false,
      "steppedLine": false,
      "targets": [
        {
          "alias": "used",
          "format": "time_series",
          "group": [],
          "groupBy": [
            {
              "params": [
                "$__interval"
              ],
              "type": "time"
            },
            {
              "params": [
                "none"
              ],
              "type": "fill"
            }
          ],
          "measurement": "psutil_mem",
          "metricColumn": "none",
          "orderByTime": "ASC",
          "policy": "default",
          "rawQuery": true,
          "rawSql": "SELECT\n  $__timeGroup(time, $agg_interval),\n  avg((data->'used')::float8) as \"used\",\n  avg((data->'total')::float8) as \"total\",\n  avg((data->'available')::float8) as \"available\",\n  avg((data->'free')::float8) as \"free\",\n  avg((data->'buff_cache')::float8) as \"buff_cache\"\nFROM\n  psutil_mem\nWHERE\n  $__timeFilter(time)\n  AND dbname = '$dbname'\nGROUP BY 1\nORDER BY 1\n",
          "refId": "E",
          "resultFormat": "time_series",
          "select": [
            [
              {
                "params": [
                  "used"
                ],
                "type": "field"
              },
              {
                "params": [],
                "type": "mean"
              }
            ]
          ],
          "tags": [
            {
              "key": "dbname",
              "operator": "=~",
              "value": "/^$dbname$/"
            }
          ],
          "timeColumn": "time",
          "where": [
            {
              "name": "$__timeFilter",
              "params": [],
              "type": "macro"
            }
          ]
        }
      ],
      "thresholds": [],
      "timeFrom": null,
      "timeRegions": [],
      "timeShift": null,
      "title": "Memory usage ($agg_interval avg.)",
      "tooltip": {
        "shared": true,
        "sort": 2,
        "value_type": "individual"
      },
      "type": "graph",
      "xaxis": {
        "buckets": null,
        "mode": "time",
        "name": null,
        "show": true,
        "values": []
      },
      "yaxes": [
        {
          "decimals": 1,
          "format": "decbytes",
          "label": null,
          "logBase": 1,
          "max": null,
          "min": null,
          "show": true
        },
        {
          "format": "short",
          "label": null,
          "logBase": 1,
          "max": null,
          "min": null,
          "show": false
        }
      ],
      "yaxis": {
        "align": false,
        "alignLevel": null
      }
    },
    {
      "aliasColors": {},
      "bars": false,
      "dashLength": 10,
      "dashes": false,
      "datasource": null,
      "decimals": 1,
      "description": "NB! Doesn't have to necessarily equal 100%  to values reported by the \"free\" command - see [here](https://psutil.readthedocs.io/en/latest/#psutil.virtual_memory) for more",
      "fill": 1,
      "gridPos": {
        "h": 6,
        "w": 24,
        "x": 0,
        "y": 24
      },
      "id": 6,
      "interval": "2m",
      "legend": {
        "alignAsTable": false,
        "avg": true,
        "current": false,
        "max": false,
        "min": false,
        "show": true,
        "total": false,
        "values": true
      },
      "lines": true,
      "linewidth": 1,
      "links": [],
      "nullPointMode": "null",
      "percentage": false,
      "pointradius": 5,
      "points": false,
      "renderer": "flot",
      "seriesOverrides": [],
      "spaceLength": 10,
      "stack": false,
      "steppedLine": false,
      "targets": [
        {
          "alias": "swap_used",
          "format": "time_series",
          "group": [],
          "groupBy": [
            {
              "params": [
                "$__interval"
              ],
              "type": "time"
            },
            {
              "params": [
                "none"
              ],
              "type": "fill"
            }
          ],
          "measurement": "psutil_mem",
          "metricColumn": "none",
          "orderByTime": "ASC",
          "policy": "default",
          "rawQuery": true,
          "rawSql": "SELECT\n  $__timeGroup(time, $agg_interval),\n  avg((data->'swap_used')::float8) as \"swap_used\",\n  avg((data->'swap_total')::float8) as \"swap_total\"\nFROM\n  psutil_mem\nWHERE\n  $__timeFilter(time)\n  AND dbname = '$dbname'\nGROUP BY 1\nORDER BY 1\n",
          "refId": "A",
          "resultFormat": "time_series",
          "select": [
            [
              {
                "params": [
                  "swap_used"
                ],
                "type": "field"
              },
              {
                "params": [],
                "type": "mean"
              }
            ]
          ],
          "tags": [
            {
              "key": "dbname",
              "operator": "=~",
              "value": "/^$dbname$/"
            }
          ],
          "timeColumn": "time",
          "where": [
            {
              "name": "$__timeFilter",
              "params": [],
              "type": "macro"
            }
          ]
        }
      ],
      "thresholds": [],
      "timeFrom": null,
      "timeRegions": [],
      "timeShift": null,
      "title": "Swap usage ($agg_interval avg.)",
      "tooltip": {
        "shared": true,
        "sort": 2,
        "value_type": "individual"
      },
      "type": "graph",
      "xaxis": {
        "buckets": null,
        "mode": "time",
        "name": null,
        "show": true,
        "values": []
      },
      "yaxes": [
        {
          "decimals": 1,
          "format": "decbytes",
          "label": null,
          "logBase": 1,
          "max": null,
          "min": null,
          "show": true
        },
        {
          "format": "short",
          "label": null,
          "logBase": 1,
          "max": null,
          "min": null,
          "show": false
        }
      ],
      "yaxis": {
        "align": false,
        "alignLevel": null
      }
    },
    {
      "aliasColors": {},
      "bars": false,
      "dashLength": 10,
      "dashes": false,
      "datasource": null,
      "decimals": 1,
      "description": "NB! For all disks on the host, not only Postgres related",
      "fill": 1,
      "gridPos": {
        "h": 6,
        "w": 24,
        "x": 0,
        "y": 30
      },
      "id": 11,
      "interval": "2m",
      "legend": {
        "alignAsTable": false,
        "avg": true,
        "current": false,
        "max": false,
        "min": false,
        "show": true,
        "total": false,
        "values": true
      },
      "lines": true,
      "linewidth": 1,
      "links": [],
      "nullPointMode": "null",
      "percentage": false,
      "pointradius": 5,
      "points": false,
      "renderer": "flot",
      "seriesOverrides": [],
      "spaceLength": 10,
      "stack": false,
      "steppedLine": false,
      "targets": [
        {
          "alias": "read_bytes",
          "format": "time_series",
          "group": [],
          "groupBy": [
            {
              "params": [
                "$__interval"
              ],
              "type": "time"
            },
            {
              "params": [
                "none"
              ],
              "type": "fill"
            }
          ],
          "measurement": "psutil_disk_io_total",
          "metricColumn": "none",
          "orderByTime": "ASC",
          "policy": "default",
          "rawQuery": true,
          "rawSql": "SELECT * FROM (\nSELECT\n  $__timeGroup(time, $agg_interval),\n  max((data->'read_bytes')::int8) - min((data->'read_bytes')::int8) as \"read_bytes\",\n  max((data->'write_bytes')::int8) - min((data->'write_bytes')::int8)  as \"write_bytes\"\nFROM\n  psutil_disk_io_total\nWHERE\n  $__timeFilter(time)\n  AND dbname = '$dbname'\nGROUP BY 1\n) x WHERE read_bytes >= 0 and write_bytes >= 0\nORDER BY 1",
          "refId": "A",
          "resultFormat": "time_series",
          "select": [
            [
              {
                "params": [
                  "read_bytes"
                ],
                "type": "field"
              },
              {
                "params": [],
                "type": "max"
              },
              {
                "params": [
                  "1s"
                ],
                "type": "non_negative_derivative"
              }
            ]
          ],
          "tags": [
            {
              "key": "dbname",
              "operator": "=~",
              "value": "/^$dbname$/"
            }
          ],
          "timeColumn": "time",
          "where": [
            {
              "name": "$__timeFilter",
              "params": [],
              "type": "macro"
            }
          ]
        }
      ],
      "thresholds": [],
      "timeFrom": null,
      "timeRegions": [],
      "timeShift": null,
      "title": "Host disk IO Totals ($agg_interval aggregate)",
      "tooltip": {
        "shared": true,
        "sort": 2,
        "value_type": "individual"
      },
      "type": "graph",
      "xaxis": {
        "buckets": null,
        "mode": "time",
        "name": null,
        "show": true,
        "values": []
      },
      "yaxes": [
        {
          "decimals": 1,
          "format": "bytes",
          "label": null,
          "logBase": 1,
          "max": null,
          "min": null,
          "show": true
        },
        {
          "format": "short",
          "label": null,
          "logBase": 1,
          "max": null,
          "min": null,
          "show": false
        }
      ],
      "yaxis": {
        "align": false,
        "alignLevel": null
      }
    },
    {
      "aliasColors": {},
      "bars": false,
      "dashLength": 10,
      "dashes": false,
      "datasource": null,
      "decimals": 1,
      "description": "For Postgres data / WAL / log folder partitions and user defined tablespace partitions",
      "fill": 1,
      "gridPos": {
        "h": 6,
        "w": 24,
        "x": 0,
        "y": 36
      },
      "id": 7,
      "interval": "2m",
      "legend": {
        "alignAsTable": false,
        "avg": true,
        "current": false,
        "max": false,
        "min": false,
        "show": true,
        "total": false,
        "values": true
      },
      "lines": true,
      "linewidth": 1,
      "links": [],
      "nullPointMode": "null",
      "percentage": false,
      "pointradius": 5,
      "points": false,
      "renderer": "flot",
      "seriesOverrides": [],
      "spaceLength": 10,
      "stack": false,
      "steppedLine": false,
      "targets": [
        {
          "alias": "[[tag_dir_or_tablespace]] ([[tag_path]])",
          "format": "time_series",
          "group": [],
          "groupBy": [
            {
              "params": [
                "$__interval"
              ],
              "type": "time"
            },
            {
              "params": [
                "dir_or_tablespace"
              ],
              "type": "tag"
            },
            {
              "params": [
                "path"
              ],
              "type": "tag"
            },
            {
              "params": [
                "none"
              ],
              "type": "fill"
            }
          ],
          "measurement": "psutil_disk",
          "metricColumn": "none",
          "orderByTime": "ASC",
          "policy": "default",
          "rawQuery": true,
          "rawSql": "SELECT\n  $__timeGroup(time, $agg_interval),\n  (tag_data->>'dir_or_tablespace') || ' (' || (tag_data->>'path') || ')',\n  avg((data->'percent')::float8) as \"percent\"\nFROM\n  psutil_disk\nWHERE\n  $__timeFilter(time)\n  AND dbname = '$dbname'\nGROUP BY 1, 2\nORDER BY 1, 2",
          "refId": "A",
          "resultFormat": "time_series",
          "select": [
            [
              {
                "params": [
                  "percent"
                ],
                "type": "field"
              },
              {
                "params": [],
                "type": "mean"
              }
            ]
          ],
          "tags": [
            {
              "key": "dbname",
              "operator": "=~",
              "value": "/^$dbname$/"
            }
          ],
          "timeColumn": "time",
          "where": [
            {
              "name": "$__timeFilter",
              "params": [],
              "type": "macro"
            }
          ]
        }
      ],
      "thresholds": [],
      "timeFrom": null,
      "timeRegions": [],
      "timeShift": null,
      "title": "Disk usage %",
      "tooltip": {
        "shared": true,
        "sort": 2,
        "value_type": "individual"
      },
      "type": "graph",
      "xaxis": {
        "buckets": null,
        "mode": "time",
        "name": null,
        "show": true,
        "values": []
      },
      "yaxes": [
        {
          "decimals": 1,
          "format": "percent",
          "label": null,
          "logBase": 1,
          "max": null,
          "min": null,
          "show": true
        },
        {
          "decimals": 1,
          "format": "decbytes",
          "label": null,
          "logBase": 1,
          "max": null,
          "min": null,
          "show": false
        }
      ],
      "yaxis": {
        "align": false,
        "alignLevel": null
      }
    },
    {
      "aliasColors": {},
      "bars": false,
      "dashLength": 10,
      "dashes": false,
      "datasource": null,
      "decimals": 1,
      "description": "For Postgres data / WAL / log folder partitions and user defined tablespace partitions",
      "fill": 1,
      "gridPos": {
        "h": 6,
        "w": 24,
        "x": 0,
        "y": 42
      },
      "id": 8,
      "interval": "2m",
      "legend": {
        "alignAsTable": false,
        "avg": true,
        "current": false,
        "max": false,
        "min": false,
        "show": true,
        "total": false,
        "values": true
      },
      "lines": true,
      "linewidth": 1,
      "links": [],
      "nullPointMode": "null",
      "percentage": false,
      "pointradius": 5,
      "points": false,
      "renderer": "flot",
      "seriesOverrides": [],
      "spaceLength": 10,
      "stack": false,
      "steppedLine": false,
      "targets": [
        {
          "alias": "[[tag_dir_or_tablespace]] ([[tag_path]])",
          "format": "time_series",
          "group": [],
          "groupBy": [
            {
              "params": [
                "$__interval"
              ],
              "type": "time"
            },
            {
              "params": [
                "dir_or_tablespace"
              ],
              "type": "tag"
            },
            {
              "params": [
                "path"
              ],
              "type": "tag"
            },
            {
              "params": [
                "none"
              ],
              "type": "fill"
            }
          ],
          "measurement": "psutil_disk",
          "metricColumn": "none",
          "orderByTime": "ASC",
          "policy": "default",
          "rawQuery": true,
          "rawSql": "SELECT\n  $__timeGroup(time, $agg_interval),\n  (tag_data->>'dir_or_tablespace') || ' (' || (tag_data->>'path') || ')',\n  avg((data->'free')::float8) as \"free\"\nFROM\n  psutil_disk\nWHERE\n  $__timeFilter(time)\n  AND dbname = '$dbname'\nGROUP BY 1, 2\nORDER BY 1, 2",
          "refId": "B",
          "resultFormat": "time_series",
          "select": [
            [
              {
                "params": [
                  "free"
                ],
                "type": "field"
              },
              {
                "params": [],
                "type": "mean"
              }
            ]
          ],
          "tags": [
            {
              "key": "dbname",
              "operator": "=~",
              "value": "/^$dbname$/"
            }
          ],
          "timeColumn": "time",
          "where": [
            {
              "name": "$__timeFilter",
              "params": [],
              "type": "macro"
            }
          ]
        }
      ],
      "thresholds": [],
      "timeFrom": null,
      "timeRegions": [],
      "timeShift": null,
      "title": "Disk space available",
      "tooltip": {
        "shared": true,
        "sort": 2,
        "value_type": "individual"
      },
      "type": "graph",
      "xaxis": {
        "buckets": null,
        "mode": "time",
        "name": null,
        "show": true,
        "values": []
      },
      "yaxes": [
        {
          "decimals": 1,
          "format": "bytes",
          "label": null,
          "logBase": 1,
          "max": null,
          "min": null,
          "show": true
        },
        {
          "decimals": 1,
          "format": "decbytes",
          "label": null,
          "logBase": 1,
          "max": null,
          "min": null,
          "show": false
        }
      ],
      "yaxis": {
        "align": false,
        "alignLevel": null
      }
    },
    {
      "content": "Brought to you by: <a href=\"https://www.cybertec-postgresql.com/en/\"><img src=\"https://www.cybertec-postgresql.com/wp-content/uploads/2020/11/CYBERTEC_RGB_300x80px.png\" alt=\"Cybertec – The PostgreSQL Database Company\"></a>",
      "editable": true,
      "error": false,
      "gridPos": {
        "h": 4,
        "w": 24,
        "x": 0,
        "y": 48
      },
      "id": 10,
      "links": [],
      "mode": "html",
      "title": "",
      "transparent": true,
      "type": "text"
    }
  ],
  "schemaVersion": 18,
  "style": "dark",
  "tags": [
    "pgwatch2"
  ],
  "templating": {
    "list": [
      {
        "allValue": null,
        "current": {
          "text": null,
          "text": null
        },
        "datasource": null,
        "definition": "",
        "hide": 0,
        "includeAll": false,
        "label": null,
        "multi": false,
        "name": "dbname",
        "options": [],
        "query": "SELECT DISTINCT dbname FROM admin.all_distinct_dbname_metrics WHERE metric LIKE 'psutil%' ORDER BY 1;",
        "refresh": 1,
        "regex": "",
        "skipUrlSync": false,
        "sort": 1,
        "tagValuesQuery": "",
        "tags": [],
        "tagsQuery": "",
        "type": "query",
        "useTags": false
      },
      {
        "auto": false,
        "auto_count": 30,
        "auto_min": "10s",
        "current": {
          "text": "10m",
          "value": "10m"
        },
        "hide": 0,
        "label": null,
        "name": "agg_interval",
        "options": [
          {
            "selected": false,
            "text": "1m",
            "value": "1m"
          },
          {
            "selected": false,
            "text": "5m",
            "value": "5m"
          },
          {
            "selected": true,
            "text": "10m",
            "value": "10m"
          },
          {
            "selected": false,
            "text": "15m",
            "value": "15m"
          },
          {
            "selected": false,
            "text": "30m",
            "value": "30m"
          },
          {
            "selected": false,
            "text": "1h",
            "value": "1h"
          },
          {
            "selected": false,
            "text": "6h",
            "value": "6h"
          },
          {
            "selected": false,
            "text": "12h",
            "value": "12h"
          },
          {
            "selected": false,
            "text": "1d",
            "value": "1d"
          }
        ],
        "query": "1m,5m,10m,15m,30m,1h,6h,12h,1d",
        "refresh": 2,
        "skipUrlSync": false,
        "type": "interval"
      }
    ]
  },
  "time": {
    "from": "now-3h",
    "to": "now"
  },
  "timepicker": {
    "refresh_intervals": [
      "5s",
      "10s",
      "30s",
      "1m",
      "5m",
      "15m",
      "30m",
      "1h",
      "2h",
      "1d"
    ],
    "time_options": [
      "5m",
      "15m",
      "1h",
      "6h",
      "12h",
      "24h",
      "2d",
      "7d",
      "30d"
    ]
  },
  "timezone": "",
  "title": "System Stats",
  "uid": "system-stats",
  "version": 1
}