{
  "annotations": {
    "list": [
      {
        "builtIn": 1,
        "datasource": "-- Grafana --",
        "enable": true,
        "hide": true,
        "iconColor": "rgba(0, 211, 255, 1)",
        "name": "Annotations & Alerts",
        "type": "dashboard"
      }
    ]
  },
  "editable": true,
  "gnetId": null,
  "graphTooltip": 0,
  "id": null,
  "links": [],
  "panels": [
    {
      "columns": [],
      "datasource": null,
      "description": "NB! Most views here assume that there was no stats reset in the selected time range!",
      "fontSize": "100%",
      "gridPos": {
        "h": 7,
        "w": 24,
        "x": 0,
        "y": 0
      },
      "id": 12,
      "links": [],
      "pageSize": null,
      "scroll": true,
      "showHeader": true,
      "sort": {
        "col": 2,
        "desc": true
      },
      "styles": [
        {
          "alias": "Time",
          "align": "auto",
          "dateFormat": "YYYY-MM-DD HH:mm:ss",
          "pattern": "Time",
          "type": "hidden"
        },
        {
          "alias": "",
          "align": "auto",
          "colorMode": null,
          "colors": [
            "rgba(245, 54, 54, 0.9)",
            "rgba(237, 129, 40, 0.89)",
            "rgba(50, 172, 45, 0.97)"
          ],
          "dateFormat": "YYYY-MM-DD HH:mm:ss",
          "decimals": 1,
          "mappingType": 1,
          "pattern": "total_relation_size",
          "thresholds": [],
          "type": "number",
          "unit": "bytes"
        },
        {
          "alias": "",
          "align": "auto",
          "colorMode": null,
          "colors": [
            "rgba(245, 54, 54, 0.9)",
            "rgba(237, 129, 40, 0.89)",
            "rgba(50, 172, 45, 0.97)"
          ],
          "dateFormat": "YYYY-MM-DD HH:mm:ss",
          "decimals": 1,
          "mappingType": 1,
          "pattern": "data_size",
          "thresholds": [],
          "type": "number",
          "unit": "bytes"
        },
        {
          "alias": "",
          "align": "auto",
          "colorMode": null,
          "colors": [
            "rgba(245, 54, 54, 0.9)",
            "rgba(237, 129, 40, 0.89)",
            "rgba(50, 172, 45, 0.97)"
          ],
          "dateFormat": "YYYY-MM-DD HH:mm:ss",
          "decimals": 2,
          "link": true,
          "linkTargetBlank": true,
          "linkTooltip": "Opens 'Table details' dashboard for that table",
          "linkUrl": "/d/table-details?var-dbname=${__cell_0}&var-table_full_name=${__cell}&from=$__from&to=$__to",
          "mappingType": 1,
          "pattern": "table_full_name",
          "thresholds": [],
          "type": "string",
          "unit": "short"
        },
        {
          "alias": "",
          "align": "auto",
          "colorMode": null,
          "colors": [
            "rgba(245, 54, 54, 0.9)",
            "rgba(237, 129, 40, 0.89)",
            "rgba(50, 172, 45, 0.97)"
          ],
          "dateFormat": "YYYY-MM-DD HH:mm:ss",
          "decimals": null,
          "mappingType": 1,
          "pattern": "/^last_/",
          "thresholds": [],
          "type": "number",
          "unit": "dtdurations"
        },
        {
          "alias": "",
          "align": "auto",
          "colorMode": null,
          "colors": [
            "rgba(245, 54, 54, 0.9)",
            "rgba(237, 129, 40, 0.89)",
            "rgba(50, 172, 45, 0.97)"
          ],
          "decimals": 2,
          "pattern": "/.*/",
          "thresholds": [],
          "type": "number",
          "unit": "short"
        }
      ],
      "targets": [
        {
          "format": "table",
          "group": [],
          "groupBy": [
            {
              "params": [
                "$__interval"
              ],
              "type": "time"
            },
            {
              "params": [
                "none"
              ],
              "type": "fill"
            }
          ],
          "measurement": "table_stats",
          "metricColumn": "none",
          "orderByTime": "ASC",
          "policy": "default",
          "query": null,
          "rawQuery": true,
          "rawSql": "select\n  x.*,\n  (data->'seconds_since_last_vacuum')::int8 as last_vacuum,\n  (data->'seconds_since_last_analyze')::int8 as last_analyze\nfrom (\nSELECT\n  dbname,\n  tag_data->>'table_full_name' as table_full_name,\n  max((data->'total_relation_size_b')::int8) as total_relation_size,\n  max((data->'table_size_b')::int8) as data_size\nFROM\n  table_stats\nWHERE\n  $__timeFilter(time)\n  AND dbname = '$dbname'\nGROUP BY 1, 2\nORDER BY 3 DESC NULLS LAST\nLIMIT $top\n) x\njoin lateral (select data from table_stats where dbname = x.dbname and tag_data->>'table_full_name' = x.table_full_name and $__timeFilter(time) order by time desc limit 1) y on true\n/*idea: show only primaries? */",
          "refId": "A",
          "resultFormat": "table",
          "select": [
            [
              {
                "params": [
                  "total_relation_size_b"
                ],
                "type": "field"
              },
              {
                "params": [],
                "type": "mean"
              }
            ]
          ],
          "tags": [],
          "timeColumn": "time",
          "where": [
            {
              "name": "$__timeFilter",
              "params": [],
              "type": "macro"
            }
          ]
        }
      ],
      "title": "Biggest (total)",
      "transform": "table",
      "type": "table"
    },
    {
      "columns": [],
      "datasource": null,
      "fontSize": "100%",
      "gridPos": {
        "h": 7,
        "w": 24,
        "x": 0,
        "y": 7
      },
      "id": 13,
      "links": [],
      "pageSize": null,
      "scroll": true,
      "showHeader": true,
      "sort": {
        "col": 3,
        "desc": true
      },
      "styles": [
        {
          "alias": "Time",
          "align": "auto",
          "dateFormat": "YYYY-MM-DD HH:mm:ss",
          "pattern": "Time",
          "type": "hidden"
        },
        {
          "alias": "",
          "align": "auto",
          "colorMode": null,
          "colors": [
            "rgba(245, 54, 54, 0.9)",
            "rgba(237, 129, 40, 0.89)",
            "rgba(50, 172, 45, 0.97)"
          ],
          "dateFormat": "YYYY-MM-DD HH:mm:ss",
          "decimals": 1,
          "mappingType": 1,
          "pattern": "total_relation_size",
          "thresholds": [],
          "type": "number",
          "unit": "bytes"
        },
        {
          "alias": "",
          "align": "auto",
          "colorMode": null,
          "colors": [
            "rgba(245, 54, 54, 0.9)",
            "rgba(237, 129, 40, 0.89)",
            "rgba(50, 172, 45, 0.97)"
          ],
          "dateFormat": "YYYY-MM-DD HH:mm:ss",
          "decimals": 1,
          "mappingType": 1,
          "pattern": "data_size",
          "thresholds": [],
          "type": "number",
          "unit": "bytes"
        },
        {
          "alias": "",
          "align": "auto",
          "colorMode": null,
          "colors": [
            "rgba(245, 54, 54, 0.9)",
            "rgba(237, 129, 40, 0.89)",
            "rgba(50, 172, 45, 0.97)"
          ],
          "dateFormat": "YYYY-MM-DD HH:mm:ss",
          "decimals": 2,
          "link": true,
          "linkTargetBlank": true,
          "linkTooltip": "Opens 'Table details' dashboard for that table",
          "linkUrl": "/d/table-details?var-dbname=${__cell_0}&var-table_full_name=${__cell}&from=$__from&to=$__to",
          "mappingType": 1,
          "pattern": "table_full_name",
          "thresholds": [],
          "type": "string",
          "unit": "short"
        },
        {
          "alias": "",
          "align": "auto",
          "colorMode": null,
          "colors": [
            "rgba(245, 54, 54, 0.9)",
            "rgba(237, 129, 40, 0.89)",
            "rgba(50, 172, 45, 0.97)"
          ],
          "dateFormat": "YYYY-MM-DD HH:mm:ss",
          "decimals": null,
          "mappingType": 1,
          "pattern": "/^last_/",
          "thresholds": [],
          "type": "number",
          "unit": "dtdurations"
        },
        {
          "alias": "",
          "align": "auto",
          "colorMode": null,
          "colors": [
            "rgba(245, 54, 54, 0.9)",
            "rgba(237, 129, 40, 0.89)",
            "rgba(50, 172, 45, 0.97)"
          ],
          "decimals": 2,
          "pattern": "/.*/",
          "thresholds": [],
          "type": "number",
          "unit": "short"
        }
      ],
      "targets": [
        {
          "format": "table",
          "group": [],
          "groupBy": [
            {
              "params": [
                "$__interval"
              ],
              "type": "time"
            },
            {
              "params": [
                "none"
              ],
              "type": "fill"
            }
          ],
          "measurement": "table_stats",
          "metricColumn": "none",
          "orderByTime": "ASC",
          "policy": "default",
          "query": null,
          "rawQuery": true,
          "rawSql": "SELECT\n  x.*,\n  (data->'seconds_since_last_vacuum')::int8 as last_vacuum,\n  (data->'seconds_since_last_analyze')::int8 as last_analyze\nFROM (\nSELECT\n  dbname,\n  tag_data->>'table_full_name' as table_full_name,\n  max((data->'total_relation_size_b')::int8) as total_relation_size,\n  max((data->'table_size_b')::int8) as data_size\nFROM\n  table_stats\nWHERE\n  $__timeFilter(time)\n  AND dbname = '$dbname'\nGROUP BY 1, 2\nORDER BY 4 DESC NULLS LAST\nLIMIT $top\n) x\njoin lateral (select data from table_stats where dbname = x.dbname and tag_data->>'table_full_name' = x.table_full_name and $__timeFilter(time) order by time desc limit 1) y on true\n",
          "refId": "A",
          "resultFormat": "table",
          "select": [
            [
              {
                "params": [
                  "total_relation_size_b"
                ],
                "type": "field"
              },
              {
                "params": [],
                "type": "mean"
              }
            ]
          ],
          "tags": [],
          "timeColumn": "time",
          "where": [
            {
              "name": "$__timeFilter",
              "params": [],
              "type": "macro"
            }
          ]
        }
      ],
      "title": "Biggest (data)",
      "transform": "table",
      "type": "table"
    },
    {
      "columns": [],
      "datasource": null,
      "fontSize": "100%",
      "gridPos": {
        "h": 7,
        "w": 24,
        "x": 0,
        "y": 14
      },
      "id": 5,
      "links": [],
      "pageSize": null,
      "scroll": true,
      "showHeader": true,
      "sort": {
        "col": 2,
        "desc": true
      },
      "styles": [
        {
          "alias": "Time",
          "align": "auto",
          "dateFormat": "YYYY-MM-DD HH:mm:ss",
          "pattern": "Time",
          "type": "hidden"
        },
        {
          "alias": "",
          "align": "auto",
          "colorMode": null,
          "colors": [
            "rgba(245, 54, 54, 0.9)",
            "rgba(237, 129, 40, 0.89)",
            "rgba(50, 172, 45, 0.97)"
          ],
          "dateFormat": "YYYY-MM-DD HH:mm:ss",
          "decimals": 2,
          "link": true,
          "linkTargetBlank": true,
          "linkTooltip": "Opens 'Table details' dashboard for that table",
          "linkUrl": "/d/table-details?var-dbname=${__cell_0}&var-table_full_name=${__cell}&from=$__from&to=$__to",
          "mappingType": 1,
          "pattern": "table_full_name",
          "thresholds": [],
          "type": "string",
          "unit": "short"
        },
        {
          "alias": "",
          "align": "auto",
          "colorMode": null,
          "colors": [
            "rgba(245, 54, 54, 0.9)",
            "rgba(237, 129, 40, 0.89)",
            "rgba(50, 172, 45, 0.97)"
          ],
          "dateFormat": "YYYY-MM-DD HH:mm:ss",
          "decimals": 1,
          "mappingType": 1,
          "pattern": "growth",
          "thresholds": [],
          "type": "number",
          "unit": "bytes"
        },
        {
          "alias": "",
          "align": "auto",
          "colorMode": null,
          "colors": [
            "rgba(245, 54, 54, 0.9)",
            "rgba(237, 129, 40, 0.89)",
            "rgba(50, 172, 45, 0.97)"
          ],
          "dateFormat": "YYYY-MM-DD HH:mm:ss",
          "decimals": 1,
          "mappingType": 1,
          "pattern": "total_relation_size",
          "thresholds": [],
          "type": "number",
          "unit": "bytes"
        },
        {
          "alias": "",
          "align": "auto",
          "colorMode": null,
          "colors": [
            "rgba(245, 54, 54, 0.9)",
            "rgba(237, 129, 40, 0.89)",
            "rgba(50, 172, 45, 0.97)"
          ],
          "dateFormat": "YYYY-MM-DD HH:mm:ss",
          "decimals": null,
          "mappingType": 1,
          "pattern": "/^last_/",
          "thresholds": [],
          "type": "number",
          "unit": "dtdurations"
        },
        {
          "alias": "",
          "align": "auto",
          "colorMode": null,
          "colors": [
            "rgba(245, 54, 54, 0.9)",
            "rgba(237, 129, 40, 0.89)",
            "rgba(50, 172, 45, 0.97)"
          ],
          "decimals": 2,
          "pattern": "/.*/",
          "thresholds": [],
          "type": "number",
          "unit": "short"
        }
      ],
      "targets": [
        {
          "format": "table",
          "group": [],
          "groupBy": [
            {
              "params": [
                "$__interval"
              ],
              "type": "time"
            },
            {
              "params": [
                "none"
              ],
              "type": "fill"
            }
          ],
          "measurement": "table_stats",
          "metricColumn": "none",
          "orderByTime": "ASC",
          "policy": "default",
          "query": "select dbname, table_full_name,  top(growth, $top)  as growth from (SELECT spread(\"total_relation_size_b\") as growth FROM \"table_stats\" WHERE \"dbname\" =~ /^$dbname$/ AND $timeFilter GROUP BY dbname, table_full_name fill(none))",
          "rawQuery": true,
          "rawSql": "SELECT\n  x.*,\n  (data->'seconds_since_last_vacuum')::int8 as last_vacuum,\n  (data->'seconds_since_last_analyze')::int8 as last_analyze\nFROM (\n  SELECT\n    dbname,\n    tag_data->>'table_full_name' as table_full_name,\n    max((data->'total_relation_size_b')::int8) - min((data->'total_relation_size_b')::int8) as growth,\n    max((data->'total_relation_size_b')::int8) as total_relation_size\n  FROM\n    table_stats\n  WHERE\n    $__timeFilter(time)\n    AND dbname = '$dbname'\n  GROUP BY 1, 2\n  ORDER BY growth DESC NULLS LAST\n  LIMIT $top\n) x\njoin lateral (select data from table_stats where dbname = x.dbname and tag_data->>'table_full_name' = x.table_full_name and $__timeFilter(time) order by time desc limit 1) y on true\n\n/*\n-- for fully correct but slow version:\nSELECT\n  dbname,\n  table_full_name,\n  max(last_value) - max(first_value) as growth,\n  max(last_value) as total_relation_size,\n  max(last_vacuum) as last_vacuum,\n  max(last_analyze) as last_analyze\nFROM (\n  SELECT\n    dbname,\n    tag_data->>'table_full_name' as table_full_name,\n    first_value((data->'total_relation_size_b')::int8) over w,\n    last_value((data->'total_relation_size_b')::int8) over w,\n    last_value((data->'seconds_since_last_vacuum')::int8) over w as last_vacuum,\n    last_value((data->'seconds_since_last_analyze')::int8) over w as last_analyze\n  FROM\n    table_stats\n  WHERE\n    $__timeFilter(time)\n    AND dbname IN ($dbname)\n    WINDOW w AS (partition by dbname, tag_data->>'table_full_name' order by time rows BETWEEN UNBOUNDED PRECEDING AND UNBOUNDED FOLLOWING)\n) x\nGROUP BY 1, 2\nORDER BY 3 DESC NULLS LAST\nLIMIT $top\n*/",
          "refId": "A",
          "resultFormat": "table",
          "select": [
            [
              {
                "params": [
                  "total_relation_size_b"
                ],
                "type": "field"
              },
              {
                "params": [],
                "type": "mean"
              }
            ]
          ],
          "tags": [],
          "timeColumn": "time",
          "where": [
            {
              "name": "$__timeFilter",
              "params": [],
              "type": "macro"
            }
          ]
        }
      ],
      "title": "Biggest growth (total relation size)",
      "transform": "table",
      "type": "table"
    },
    {
      "columns": [],
      "datasource": null,
      "description": "",
      "fontSize": "100%",
      "gridPos": {
        "h": 7,
        "w": 24,
        "x": 0,
        "y": 21
      },
      "id": 4,
      "links": [],
      "pageSize": null,
      "scroll": true,
      "showHeader": true,
      "sort": {
        "col": 2,
        "desc": true
      },
      "styles": [
        {
          "alias": "Time",
          "align": "auto",
          "dateFormat": "YYYY-MM-DD HH:mm:ss",
          "pattern": "Time",
          "type": "hidden"
        },
        {
          "alias": "",
          "align": "auto",
          "colorMode": null,
          "colors": [
            "rgba(245, 54, 54, 0.9)",
            "rgba(237, 129, 40, 0.89)",
            "rgba(50, 172, 45, 0.97)"
          ],
          "dateFormat": "YYYY-MM-DD HH:mm:ss",
          "decimals": null,
          "mappingType": 1,
          "pattern": "seq_scan",
          "thresholds": [],
          "type": "number",
          "unit": "short"
        },
        {
          "alias": "",
          "align": "auto",
          "colorMode": null,
          "colors": [
            "rgba(245, 54, 54, 0.9)",
            "rgba(237, 129, 40, 0.89)",
            "rgba(50, 172, 45, 0.97)"
          ],
          "dateFormat": "YYYY-MM-DD HH:mm:ss",
          "decimals": 1,
          "mappingType": 1,
          "pattern": "table_size",
          "thresholds": [],
          "type": "number",
          "unit": "bytes"
        },
        {
          "alias": "",
          "align": "auto",
          "colorMode": null,
          "colors": [
            "rgba(245, 54, 54, 0.9)",
            "rgba(237, 129, 40, 0.89)",
            "rgba(50, 172, 45, 0.97)"
          ],
          "dateFormat": "YYYY-MM-DD HH:mm:ss",
          "decimals": 2,
          "link": true,
          "linkTargetBlank": true,
          "linkTooltip": "Opens 'Table details dashboard for that table",
          "linkUrl": "/d/table-details?var-dbname=${__cell_0}&var-table_full_name=${__cell}&from=$__from&to=$__to",
          "mappingType": 1,
          "pattern": "table_full_name",
          "thresholds": [],
          "type": "string",
          "unit": "short"
        },
        {
          "alias": "",
          "align": "auto",
          "colorMode": null,
          "colors": [
            "rgba(245, 54, 54, 0.9)",
            "rgba(237, 129, 40, 0.89)",
            "rgba(50, 172, 45, 0.97)"
          ],
          "dateFormat": "YYYY-MM-DD HH:mm:ss",
          "decimals": null,
          "mappingType": 1,
          "pattern": "/^last_/",
          "thresholds": [],
          "type": "number",
          "unit": "dtdurations"
        },
        {
          "alias": "",
          "align": "auto",
          "colorMode": null,
          "colors": [
            "rgba(245, 54, 54, 0.9)",
            "rgba(237, 129, 40, 0.89)",
            "rgba(50, 172, 45, 0.97)"
          ],
          "decimals": 2,
          "pattern": "/.*/",
          "thresholds": [],
          "type": "number",
          "unit": "short"
        }
      ],
      "targets": [
        {
          "format": "table",
          "group": [],
          "groupBy": [
            {
              "params": [
                "$__interval"
              ],
              "type": "time"
            },
            {
              "params": [
                "none"
              ],
              "type": "fill"
            }
          ],
          "measurement": "table_stats",
          "metricColumn": "none",
          "orderByTime": "ASC",
          "policy": "default",
          "query": null,
          "rawQuery": true,
          "rawSql": "SELECT\n  x.*,\n  (data->'table_size_b')::int8 as table_size,\n  (data->'seconds_since_last_vacuum')::int8 as last_vacuum,\n  (data->'seconds_since_last_analyze')::int8 as last_analyze\nFROM (\n\nSELECT\n  dbname,\n  table_full_name,\n  sum(seq_scan - seq_scan_lag) as seq_scan\nFROM (\n    SELECT\n      dbname,\n      tag_data->>'table_full_name' as table_full_name,\n      (data->'seq_scan')::int8 as seq_scan,\n      lag((data->'seq_scan')::int8) over(partition by tag_data->>'table_full_name' order by time) as seq_scan_lag\n    FROM\n      table_stats\n    WHERE\n       $__timeFilter(time) \n      AND (data->'is_part_root')::int8 = 0\n      AND dbname = '$dbname'\n      AND (data->'table_size_b')::int8 > 100000000\n    ORDER BY time\n) w\nWHERE seq_scan >= seq_scan_lag\nGROUP BY\n  1, 2\nORDER BY\n  3 DESC\nLIMIT\n  $top\n) x\n/* grab latest row for each tbl to show latest vacuum / analyze stats */\njoin lateral (select data from table_stats where dbname = x.dbname and tag_data->>'table_full_name' = x.table_full_name and  $__timeFilter(time)  order by time desc limit 1) y on true\nwhere seq_scan > 0\n;",
          "refId": "A",
          "resultFormat": "table",
          "select": [
            [
              {
                "params": [
                  "total_relation_size_b"
                ],
                "type": "field"
              },
              {
                "params": [],
                "type": "mean"
              }
            ]
          ],
          "tags": [],
          "timeColumn": "time",
          "where": [
            {
              "name": "$__timeFilter",
              "params": [],
              "type": "macro"
            }
          ]
        }
      ],
      "title": "Most \"seq. scans\"  (tables > 100MB )",
      "transform": "table",
      "type": "table"
    },
    {
      "columns": [],
      "datasource": null,
      "description": "",
      "fontSize": "100%",
      "gridPos": {
        "h": 7,
        "w": 24,
        "x": 0,
        "y": 28
      },
      "id": 6,
      "links": [],
      "pageSize": null,
      "scroll": true,
      "showHeader": true,
      "sort": {
        "col": 2,
        "desc": true
      },
      "styles": [
        {
          "alias": "Time",
          "align": "auto",
          "dateFormat": "YYYY-MM-DD HH:mm:ss",
          "pattern": "Time",
          "type": "hidden"
        },
        {
          "alias": "",
          "align": "auto",
          "colorMode": null,
          "colors": [
            "rgba(245, 54, 54, 0.9)",
            "rgba(237, 129, 40, 0.89)",
            "rgba(50, 172, 45, 0.97)"
          ],
          "dateFormat": "YYYY-MM-DD HH:mm:ss",
          "decimals": 2,
          "link": true,
          "linkTargetBlank": true,
          "linkTooltip": "Opens 'Table details' dashboard for that table",
          "linkUrl": "/d/table-details?var-dbname=${__cell_0}&var-table_full_name=${__cell}&from=$__from&to=$__to",
          "mappingType": 1,
          "pattern": "table_full_name",
          "thresholds": [],
          "type": "string",
          "unit": "short"
        },
        {
          "alias": "",
          "align": "auto",
          "colorMode": null,
          "colors": [
            "rgba(245, 54, 54, 0.9)",
            "rgba(237, 129, 40, 0.89)",
            "rgba(50, 172, 45, 0.97)"
          ],
          "dateFormat": "YYYY-MM-DD HH:mm:ss",
          "decimals": 1,
          "mappingType": 1,
          "pattern": "total_relation_size",
          "thresholds": [],
          "type": "number",
          "unit": "bytes"
        },
        {
          "alias": "",
          "align": "auto",
          "colorMode": null,
          "colors": [
            "rgba(245, 54, 54, 0.9)",
            "rgba(237, 129, 40, 0.89)",
            "rgba(50, 172, 45, 0.97)"
          ],
          "dateFormat": "YYYY-MM-DD HH:mm:ss",
          "decimals": 1,
          "mappingType": 1,
          "pattern": "ins",
          "thresholds": [],
          "type": "number",
          "unit": "short"
        },
        {
          "alias": "",
          "align": "auto",
          "colorMode": null,
          "colors": [
            "rgba(245, 54, 54, 0.9)",
            "rgba(237, 129, 40, 0.89)",
            "rgba(50, 172, 45, 0.97)"
          ],
          "dateFormat": "YYYY-MM-DD HH:mm:ss",
          "decimals": null,
          "mappingType": 1,
          "pattern": "/^last_/",
          "thresholds": [],
          "type": "number",
          "unit": "dtdurations"
        },
        {
          "alias": "",
          "align": "auto",
          "colorMode": null,
          "colors": [
            "rgba(245, 54, 54, 0.9)",
            "rgba(237, 129, 40, 0.89)",
            "rgba(50, 172, 45, 0.97)"
          ],
          "decimals": 2,
          "pattern": "/.*/",
          "thresholds": [],
          "type": "number",
          "unit": "short"
        }
      ],
      "targets": [
        {
          "format": "table",
          "group": [],
          "groupBy": [
            {
              "params": [
                "$__interval"
              ],
              "type": "time"
            },
            {
              "params": [
                "none"
              ],
              "type": "fill"
            }
          ],
          "measurement": "table_stats",
          "metricColumn": "none",
          "orderByTime": "ASC",
          "policy": "default",
          "query": "select dbname, table_full_name, top(ins, $top) as \"ins\" from (select mean(ins) as \"ins\" from (SELECT non_negative_derivative(last(\"n_tup_ins\"), 1h) as \"ins\" FROM \"table_stats\" WHERE \"dbname\" =~ /^$dbname$/ AND $timeFilter GROUP BY time(1h), dbname, table_full_name fill(0)) GROUP BY dbname, table_full_name)",
          "rawQuery": true,
          "rawSql": "SELECT\n  x.*,\n  (data->'total_relation_size_b')::int8 as total_relation_size,\n  (data->'seconds_since_last_vacuum')::int8 as last_vacuum,\n  (data->'seconds_since_last_analyze')::int8 as last_analyze\nFROM (\nSELECT\n  dbname,\n  tag_data->>'table_full_name' as table_full_name,\n  max((data->'n_tup_ins')::int8) - min((data->'n_tup_ins')::int8) as ins\nFROM\n  table_stats\nWHERE\n  $__timeFilter(time)\n  AND dbname = '$dbname'\nGROUP BY\n  1, 2\nHAVING\n  max((data->'n_tup_ins')::int8) > min((data->'n_tup_ins')::int8)\nORDER BY\n  3 DESC NULLS LAST\nLIMIT\n  $top\n) x\njoin lateral (select data from table_stats where dbname = x.dbname and tag_data->>'table_full_name' = x.table_full_name and $__timeFilter(time) order by time desc limit 1) y on true",
          "refId": "A",
          "resultFormat": "table",
          "select": [
            [
              {
                "params": [
                  "total_relation_size_b"
                ],
                "type": "field"
              },
              {
                "params": [],
                "type": "mean"
              }
            ]
          ],
          "tags": [],
          "timeColumn": "time",
          "where": [
            {
              "name": "$__timeFilter",
              "params": [],
              "type": "macro"
            }
          ]
        }
      ],
      "title": "Most INSERT-s (aggregate over selected time period)",
      "transform": "table",
      "type": "table"
    },
    {
      "columns": [],
      "datasource": null,
      "description": "",
      "fontSize": "100%",
      "gridPos": {
        "h": 7,
        "w": 24,
        "x": 0,
        "y": 35
      },
      "id": 7,
      "links": [],
      "pageSize": null,
      "scroll": true,
      "showHeader": true,
      "sort": {
        "col": 2,
        "desc": true
      },
      "styles": [
        {
          "alias": "Time",
          "align": "auto",
          "dateFormat": "YYYY-MM-DD HH:mm:ss",
          "pattern": "Time",
          "type": "hidden"
        },
        {
          "alias": "",
          "align": "auto",
          "colorMode": null,
          "colors": [
            "rgba(245, 54, 54, 0.9)",
            "rgba(237, 129, 40, 0.89)",
            "rgba(50, 172, 45, 0.97)"
          ],
          "dateFormat": "YYYY-MM-DD HH:mm:ss",
          "decimals": 2,
          "link": true,
          "linkTargetBlank": true,
          "linkTooltip": "Opens 'Table details' dashboard for that table",
          "linkUrl": "/d/table-details?var-dbname=${__cell_0}&var-table_full_name=${__cell}&from=$__from&to=$__to",
          "mappingType": 1,
          "pattern": "table_full_name",
          "thresholds": [],
          "type": "string",
          "unit": "short"
        },
        {
          "alias": "",
          "align": "auto",
          "colorMode": null,
          "colors": [
            "rgba(245, 54, 54, 0.9)",
            "rgba(237, 129, 40, 0.89)",
            "rgba(50, 172, 45, 0.97)"
          ],
          "dateFormat": "YYYY-MM-DD HH:mm:ss",
          "decimals": 1,
          "mappingType": 1,
          "pattern": "total_relation_size",
          "thresholds": [],
          "type": "number",
          "unit": "bytes"
        },
        {
          "alias": "",
          "align": "auto",
          "colorMode": null,
          "colors": [
            "rgba(245, 54, 54, 0.9)",
            "rgba(237, 129, 40, 0.89)",
            "rgba(50, 172, 45, 0.97)"
          ],
          "dateFormat": "YYYY-MM-DD HH:mm:ss",
          "decimals": 1,
          "mappingType": 1,
          "pattern": "upd",
          "thresholds": [],
          "type": "number",
          "unit": "short"
        },
        {
          "alias": "",
          "align": "auto",
          "colorMode": null,
          "colors": [
            "rgba(245, 54, 54, 0.9)",
            "rgba(237, 129, 40, 0.89)",
            "rgba(50, 172, 45, 0.97)"
          ],
          "dateFormat": "YYYY-MM-DD HH:mm:ss",
          "decimals": null,
          "mappingType": 1,
          "pattern": "/^last_/",
          "thresholds": [],
          "type": "number",
          "unit": "dtdurations"
        },
        {
          "alias": "",
          "align": "auto",
          "colorMode": null,
          "colors": [
            "rgba(245, 54, 54, 0.9)",
            "rgba(237, 129, 40, 0.89)",
            "rgba(50, 172, 45, 0.97)"
          ],
          "decimals": 2,
          "pattern": "/.*/",
          "thresholds": [],
          "type": "number",
          "unit": "short"
        }
      ],
      "targets": [
        {
          "format": "table",
          "group": [],
          "groupBy": [
            {
              "params": [
                "$__interval"
              ],
              "type": "time"
            },
            {
              "params": [
                "none"
              ],
              "type": "fill"
            }
          ],
          "measurement": "table_stats",
          "metricColumn": "none",
          "orderByTime": "ASC",
          "policy": "default",
          "query": "select dbname, table_full_name, top(ins, $top) as \"upd\" from (select mean(ins) as \"ins\" from (SELECT non_negative_derivative(last(\"n_tup_upd\"), 1h) as \"ins\" FROM \"table_stats\" WHERE \"dbname\" =~ /^$dbname$/ AND $timeFilter GROUP BY time(1h), dbname, table_full_name fill(0)) GROUP BY dbname, table_full_name)",
          "rawQuery": true,
          "rawSql": "SELECT\n  x.*,\n  (data->'total_relation_size_b')::int8 as total_relation_size,  \n  (data->'seconds_since_last_vacuum')::int8  as last_vacuum,\n  (data->'seconds_since_last_analyze')::int8 as last_analyze\nFROM (\nSELECT\n  dbname,\n  tag_data->>'table_full_name' as table_full_name,\n  max((data->'n_tup_upd')::int8) - min((data->'n_tup_upd')::int8) as upd -- assumes no reset\nFROM\n  table_stats\nWHERE\n  $__timeFilter(time)\n  AND dbname = '$dbname'\nGROUP BY\n  1, 2\nHAVING\n  max((data->'n_tup_upd')::int8) > min((data->'n_tup_upd')::int8)\nORDER BY\n  3 DESC NULLS LAST\nLIMIT\n  $top\n) x\njoin lateral (select data from table_stats where dbname = x.dbname and tag_data->>'table_full_name' = x.table_full_name and $__timeFilter(time) order by time desc limit 1) y on true",
          "refId": "A",
          "resultFormat": "table",
          "select": [
            [
              {
                "params": [
                  "total_relation_size_b"
                ],
                "type": "field"
              },
              {
                "params": [],
                "type": "mean"
              }
            ]
          ],
          "tags": [],
          "timeColumn": "time",
          "where": [
            {
              "name": "$__timeFilter",
              "params": [],
              "type": "macro"
            }
          ]
        }
      ],
      "title": "Most UPDATE-s (aggregate over selected time period)",
      "transform": "table",
      "type": "table"
    },
    {
      "columns": [],
      "datasource": null,
      "description": "",
      "fontSize": "100%",
      "gridPos": {
        "h": 7,
        "w": 24,
        "x": 0,
        "y": 42
      },
      "id": 8,
      "links": [],
      "pageSize": null,
      "scroll": true,
      "showHeader": true,
      "sort": {
        "col": 2,
        "desc": true
      },
      "styles": [
        {
          "alias": "Time",
          "align": "auto",
          "dateFormat": "YYYY-MM-DD HH:mm:ss",
          "pattern": "Time",
          "type": "hidden"
        },
        {
          "alias": "",
          "align": "auto",
          "colorMode": null,
          "colors": [
            "rgba(245, 54, 54, 0.9)",
            "rgba(237, 129, 40, 0.89)",
            "rgba(50, 172, 45, 0.97)"
          ],
          "dateFormat": "YYYY-MM-DD HH:mm:ss",
          "decimals": 2,
          "link": true,
          "linkTargetBlank": true,
          "linkTooltip": "Opens 'Table details' dashboard for that table",
          "linkUrl": "/d/table-details?var-dbname=${__cell_0}&var-table_full_name=${__cell}&from=$__from&to=$__to",
          "mappingType": 1,
          "pattern": "table_full_name",
          "thresholds": [],
          "type": "string",
          "unit": "short"
        },
        {
          "alias": "",
          "align": "auto",
          "colorMode": null,
          "colors": [
            "rgba(245, 54, 54, 0.9)",
            "rgba(237, 129, 40, 0.89)",
            "rgba(50, 172, 45, 0.97)"
          ],
          "dateFormat": "YYYY-MM-DD HH:mm:ss",
          "decimals": 1,
          "mappingType": 1,
          "pattern": "total_relation_size",
          "thresholds": [],
          "type": "number",
          "unit": "bytes"
        },
        {
          "alias": "",
          "align": "auto",
          "colorMode": null,
          "colors": [
            "rgba(245, 54, 54, 0.9)",
            "rgba(237, 129, 40, 0.89)",
            "rgba(50, 172, 45, 0.97)"
          ],
          "dateFormat": "YYYY-MM-DD HH:mm:ss",
          "decimals": 1,
          "mappingType": 1,
          "pattern": "del",
          "thresholds": [],
          "type": "number",
          "unit": "short"
        },
        {
          "alias": "",
          "align": "auto",
          "colorMode": null,
          "colors": [
            "rgba(245, 54, 54, 0.9)",
            "rgba(237, 129, 40, 0.89)",
            "rgba(50, 172, 45, 0.97)"
          ],
          "dateFormat": "YYYY-MM-DD HH:mm:ss",
          "decimals": null,
          "mappingType": 1,
          "pattern": "/^last_/",
          "thresholds": [],
          "type": "number",
          "unit": "dtdurations"
        },
        {
          "alias": "",
          "align": "auto",
          "colorMode": null,
          "colors": [
            "rgba(245, 54, 54, 0.9)",
            "rgba(237, 129, 40, 0.89)",
            "rgba(50, 172, 45, 0.97)"
          ],
          "decimals": 2,
          "pattern": "/.*/",
          "thresholds": [],
          "type": "number",
          "unit": "short"
        }
      ],
      "targets": [
        {
          "format": "table",
          "group": [],
          "groupBy": [
            {
              "params": [
                "$__interval"
              ],
              "type": "time"
            },
            {
              "params": [
                "none"
              ],
              "type": "fill"
            }
          ],
          "measurement": "table_stats",
          "metricColumn": "none",
          "orderByTime": "ASC",
          "policy": "default",
          "query": "select dbname, table_full_name, top(ins, $top) as \"del\" from (select mean(ins) as \"ins\"  from (SELECT non_negative_derivative(last(\"n_tup_del\"), 1h) as \"ins\"  FROM \"table_stats\" WHERE \"dbname\" =~ /^$dbname$/ AND $timeFilter GROUP BY time(1h), dbname, table_full_name fill(0)) GROUP BY dbname, table_full_name)",
          "rawQuery": true,
          "rawSql": "SELECT\n  x.*,\n  (data->'total_relation_size_b')::int8 as total_relation_size,  \n  (data->'seconds_since_last_vacuum')::int8  as last_vacuum,\n  (data->'seconds_since_last_analyze')::int8 as last_analyze\nFROM (\nSELECT\n  dbname,\n  tag_data->>'table_full_name' as table_full_name,\n  max((data->'n_tup_del')::int8) - min((data->'n_tup_del')::int8) as del\nFROM\n  table_stats\nWHERE\n  $__timeFilter(time)\n  AND dbname = '$dbname'\nGROUP BY\n  1, 2\nHAVING\n  max((data->'n_tup_del')::int8) > min((data->'n_tup_del')::int8)\nORDER BY\n  3 DESC NULLS LAST\nLIMIT\n  $top\n) x\njoin lateral (select data from table_stats where dbname = x.dbname and tag_data->>'table_full_name' = x.table_full_name and $__timeFilter(time) order by time desc limit 1) y on true",
          "refId": "A",
          "resultFormat": "table",
          "select": [
            [
              {
                "params": [
                  "total_relation_size_b"
                ],
                "type": "field"
              },
              {
                "params": [],
                "type": "mean"
              }
            ]
          ],
          "tags": [],
          "timeColumn": "time",
          "where": [
            {
              "name": "$__timeFilter",
              "params": [],
              "type": "macro"
            }
          ]
        }
      ],
      "title": "Most DELETE-s (aggregate over selected time period)",
      "transform": "table",
      "type": "table"
    },
    {
      "columns": [],
      "datasource": null,
      "description": "Based on pg_statio_user_tables. NB! Assumes  8KB page size (change the query if not so). Also note that due to OS file system cache only some reads will hit the disk",
      "fontSize": "100%",
      "gridPos": {
        "h": 7,
        "w": 24,
        "x": 0,
        "y": 49
      },
      "id": 11,
      "links": [],
      "pageSize": null,
      "scroll": true,
      "showHeader": true,
      "sort": {
        "col": 2,
        "desc": true
      },
      "styles": [
        {
          "alias": "Time",
          "align": "auto",
          "dateFormat": "YYYY-MM-DD HH:mm:ss",
          "pattern": "Time",
          "type": "hidden"
        },
        {
          "alias": "",
          "align": "auto",
          "colorMode": null,
          "colors": [
            "rgba(245, 54, 54, 0.9)",
            "rgba(237, 129, 40, 0.89)",
            "rgba(50, 172, 45, 0.97)"
          ],
          "dateFormat": "YYYY-MM-DD HH:mm:ss",
          "decimals": 2,
          "link": true,
          "linkTargetBlank": true,
          "linkTooltip": "Opens 'Table details' dashboard for that table",
          "linkUrl": "/d/table-details?var-dbname=${__cell_0}&var-table_full_name=${__cell}&from=$__from&to=$__to",
          "mappingType": 1,
          "pattern": "table_full_name",
          "thresholds": [],
          "type": "string",
          "unit": "short"
        },
        {
          "alias": "",
          "align": "auto",
          "colorMode": null,
          "colors": [
            "rgba(245, 54, 54, 0.9)",
            "rgba(237, 129, 40, 0.89)",
            "rgba(50, 172, 45, 0.97)"
          ],
          "dateFormat": "YYYY-MM-DD HH:mm:ss",
          "decimals": 1,
          "mappingType": 1,
          "pattern": "total_relation_size",
          "thresholds": [],
          "type": "number",
          "unit": "bytes"
        },
        {
          "alias": "",
          "align": "auto",
          "colorMode": null,
          "colors": [
            "rgba(245, 54, 54, 0.9)",
            "rgba(237, 129, 40, 0.89)",
            "rgba(50, 172, 45, 0.97)"
          ],
          "dateFormat": "YYYY-MM-DD HH:mm:ss",
          "decimals": null,
          "mappingType": 1,
          "pattern": "/^last_/",
          "thresholds": [],
          "type": "number",
          "unit": "dtdurations"
        },
        {
          "alias": "",
          "align": "auto",
          "colorMode": null,
          "colors": [
            "rgba(245, 54, 54, 0.9)",
            "rgba(237, 129, 40, 0.89)",
            "rgba(50, 172, 45, 0.97)"
          ],
          "decimals": 1,
          "pattern": "blks_read",
          "thresholds": [],
          "type": "number",
          "unit": "bytes"
        },
        {
          "alias": "",
          "align": "auto",
          "colorMode": null,
          "colors": [
            "rgba(245, 54, 54, 0.9)",
            "rgba(237, 129, 40, 0.89)",
            "rgba(50, 172, 45, 0.97)"
          ],
          "dateFormat": "YYYY-MM-DD HH:mm:ss",
          "decimals": 1,
          "mappingType": 1,
          "pattern": "data_size",
          "thresholds": [],
          "type": "number",
          "unit": "bytes"
        },
        {
          "alias": "",
          "align": "auto",
          "colorMode": null,
          "colors": [
            "rgba(245, 54, 54, 0.9)",
            "rgba(237, 129, 40, 0.89)",
            "rgba(50, 172, 45, 0.97)"
          ],
          "dateFormat": "YYYY-MM-DD HH:mm:ss",
          "decimals": null,
          "mappingType": 1,
          "pattern": "seq_scan",
          "thresholds": [],
          "type": "number",
          "unit": "short"
        }
      ],
      "targets": [
        {
          "format": "table",
          "group": [],
          "groupBy": [
            {
              "params": [
                "$__interval"
              ],
              "type": "time"
            },
            {
              "params": [
                "none"
              ],
              "type": "fill"
            }
          ],
          "measurement": "table_stats",
          "metricColumn": "none",
          "orderByTime": "ASC",
          "policy": "default",
          "query": "select dbname, table_full_name, top(ins, $top) as \"del\" from (select mean(ins) as \"ins\"  from (SELECT non_negative_derivative(last(\"n_tup_del\"), 1h) as \"ins\"  FROM \"table_stats\" WHERE \"dbname\" =~ /^$dbname$/ AND $timeFilter GROUP BY time(1h), dbname, table_full_name fill(0)) GROUP BY dbname, table_full_name)",
          "rawQuery": true,
          "rawSql": "SELECT\n  x.*,\n  (data->'table_size_b')::int8 as data_size,\n  (data->'seq_scan')::int8 - (select (data->'seq_scan')::int8 from table_stats where dbname = x.dbname and tag_data->>'table_full_name' = x.table_full_name and $__timeFilter(time) order by time limit 1) as seq_scan,\n  (data->'seconds_since_last_vacuum')::int8  as last_vacuum,\n  (data->'seconds_since_last_analyze')::int8 as last_analyze\nFROM (\nSELECT\n  dbname,\n  tag_data->>'table_full_name' as table_full_name,\n  8192 * (coalesce(max((data->'heap_blks_read')::int8) - min((data->'heap_blks_read')::int8), 0) + coalesce(max((data->'toast_blks_read')::int8) - min((data->'toast_blks_read')::int8), 0) + coalesce(max((data->'tidx_blks_read')::int8) - min((data->'tidx_blks_read')::int8), 0)) as blks_read\nFROM\n  table_io_stats\nWHERE\n  $__timeFilter(time)\n  AND dbname = '$dbname'\nGROUP BY\n  1, 2\nHAVING\n  max((data->'heap_blks_read')::int8) > min((data->'heap_blks_read')::int8)\nORDER BY\n  3 DESC NULLS LAST\nLIMIT\n  $top\n) x\njoin lateral (select data from table_stats where dbname = x.dbname and tag_data->>'table_full_name' = x.table_full_name and $__timeFilter(time) order by time desc limit 1) y on true\n",
          "refId": "A",
          "resultFormat": "table",
          "select": [
            [
              {
                "params": [
                  "total_relation_size_b"
                ],
                "type": "field"
              },
              {
                "params": [],
                "type": "mean"
              }
            ]
          ],
          "tags": [],
          "timeColumn": "time",
          "where": [
            {
              "name": "$__timeFilter",
              "params": [],
              "type": "macro"
            }
          ]
        }
      ],
      "title": "Most block IO reads",
      "transform": "table",
      "type": "table"
    },
    {
      "columns": [],
      "fontSize": "100%",
      "gridPos": {
        "h": 7,
        "w": 24,
        "x": 0,
        "y": 49
      },
      "id": 13,
      "links": [],
      "scroll": true,
      "showHeader": true,
      "sort": {
        "col": 2,
        "desc": true
      },
      "styles": [
        {
          "$$hashKey": "object:149",
          "alias": "Time",
          "align": "auto",
          "dateFormat": "YYYY-MM-DD HH:mm:ss",
          "pattern": "Time",
          "type": "hidden"
        },
        {
          "$$hashKey": "object:152",
          "alias": "",
          "align": "auto",
          "colors": [
            "rgba(245, 54, 54, 0.9)",
            "rgba(237, 129, 40, 0.89)",
            "rgba(50, 172, 45, 0.97)"
          ],
          "dateFormat": "YYYY-MM-DD HH:mm:ss",
          "decimals": 2,
          "link": true,
          "linkTargetBlank": true,
          "linkTooltip": "Opens 'Table details' dashboard for that table",
          "linkUrl": "/dashboard/db/table-details?var-dbname=${__cell_0}&var-table_full_name=${__cell}&from=$__from&to=$__to",
          "mappingType": 1,
          "pattern": "table_full_name",
          "thresholds": [],
          "type": "string",
          "unit": "short"
        },
        {
          "$$hashKey": "object:153",
          "alias": "",
          "align": "auto",
          "colors": [
            "rgba(245, 54, 54, 0.9)",
            "rgba(237, 129, 40, 0.89)",
            "rgba(50, 172, 45, 0.97)"
          ],
          "dateFormat": "YYYY-MM-DD HH:mm:ss",
          "mappingType": 1,
          "pattern": "/^last_/",
          "thresholds": [],
          "type": "number",
          "unit": "dtdurations"
        },
        {
          "$$hashKey": "object:154",
          "alias": "",
          "align": "auto",
          "colors": [
            "rgba(245, 54, 54, 0.9)",
            "rgba(237, 129, 40, 0.89)",
            "rgba(50, 172, 45, 0.97)"
          ],
          "decimals": 2,
          "pattern": "/.*/",
          "thresholds": [],
          "type": "number",
          "unit": "short"
        }
      ],
      "targets": [
        {
          "datasource": {
            "type": "postgres",
            "uid": "0"
          },
          "format": "table",
          "group": [],
          "groupBy": [
            {
              "params": [
                "$__interval"
              ],
              "type": "time"
            },
            {
              "params": [
                "none"
              ],
              "type": "fill"
            }
          ],
          "hide": false,
          "measurement": "table_stats",
          "metricColumn": "none",
          "orderByTime": "ASC",
          "policy": "default",
          "rawQuery": true,
          "rawSql": "select\n  x.*,\n  (data->'seconds_since_last_vacuum')::int8 as last_vacuum,\n  (data->'seconds_since_last_analyze')::int8 as last_analyze\nfrom (\nSELECT\n  dbname,\n  tag_data->>'full_table_name' as table_full_name,\n  max((data->'dead_tuple_percent')::numeric) as dead_tuple_percent\nFROM\n  table_bloat_approx_stattuple\nWHERE\n  $__timeFilter(time)\n  AND dbname = '$dbname'\nGROUP BY 1, 2\nORDER BY 3 DESC NULLS LAST\nLIMIT $top\n) x\njoin lateral (select data from table_stats where dbname = x.dbname and tag_data->>'table_full_name' = x.table_full_name and $__timeFilter(time) order by time desc limit 1) y on true",
          "refId": "A",
          "resultFormat": "table",
          "select": [
            [
              {
                "params": [
                  "total_relation_size_b"
                ],
                "type": "field"
              },
              {
                "params": [],
                "type": "mean"
              }
            ]
          ],
          "tags": [],
          "timeColumn": "time",
          "where": [
            {
              "name": "$__timeFilter",
              "params": [],
              "type": "macro"
            }
          ]
        }
      ],
      "title": "Most \"Dead tuples\" %",
      "transform": "table",
      "type": "table-old"
    },
    {
      "content": "Brought to you by: <a href=\"https://www.cybertec-postgresql.com/en/\"><img src=\"https://www.cybertec-postgresql.com/wp-content/uploads/2020/11/CYBERTEC_RGB_300x80px.png\" alt=\"Cybertec – The PostgreSQL Database Company\"></a>",
      "datasource": null,
      "gridPos": {
        "h": 4,
        "w": 12,
        "x": 0,
        "y": 56
      },
      "id": 10,
      "links": [],
      "mode": "html",
      "targets": [
        {
          "format": "time_series",
          "group": [],
          "metricColumn": "none",
          "rawQuery": false,
          "rawSql": "SELECT\n  $__time(time_column),\n  value1\nFROM\n  metric_table\nWHERE\n  $__timeFilter(time_column)\n",
          "refId": "A",
          "select": [
            [
              {
                "params": [
                  "value"
                ],
                "type": "column"
              }
            ]
          ],
          "timeColumn": "time",
          "where": [
            {
              "name": "$__timeFilter",
              "params": [],
              "type": "macro"
            }
          ]
        }
      ],
      "title": "",
      "transparent": true,
      "type": "text"
    },
    {
      "cacheTimeout": null,
      "colorBackground": false,
      "colorValue": true,
      "colors": [
        "#56A64B",
        "rgba(237, 129, 40, 0.89)",
        "#d44a3a"
      ],
      "datasource": null,
      "format": "none",
      "gauge": {
        "maxValue": 100,
        "minValue": 0,
        "show": false,
        "thresholdLabels": false,
        "thresholdMarkers": true
      },
      "gridPos": {
        "h": 4,
        "w": 12,
        "x": 12,
        "y": 56
      },
      "id": 14,
      "interval": null,
      "links": [],
      "mappingType": 1,
      "mappingTypes": [
        {
          "name": "value to text",
          "value": 1
        },
        {
          "name": "range to text",
          "value": 2
        }
      ],
      "maxDataPoints": 100,
      "nullPointMode": "connected",
      "nullText": null,
      "pluginVersion": "6.7.4",
      "postfix": "",
      "postfixFontSize": "50%",
      "prefix": "",
      "prefixFontSize": "50%",
      "rangeMaps": [
        {
          "from": "null",
          "text": "N/A",
          "to": "null"
        }
      ],
      "sparkline": {
        "fillColor": "rgba(31, 118, 189, 0.18)",
        "full": false,
        "lineColor": "rgb(31, 120, 193)",
        "show": false,
        "ymax": null,
        "ymin": null
      },
      "tableColumn": "",
      "targets": [
        {
          "format": "time_series",
          "group": [],
          "metricColumn": "none",
          "rawQuery": true,
          "rawSql": "select\n0 as time,\ncoalesce ((\n\nselect 1 from (\nselect\n  tag_data->>'table_full_name' as table_name,\n  (data->'seq_scan')::int8 as seq_scan,\n  lag((data->'seq_scan')::int8) over (partition by tag_data->>'table_full_name' order by time) as seq_scan_lag\nfrom\n  table_stats\nwhere\n  $__timeFilter(time)\n  and not tag_data->>'schema' ~* 'temp'\n  and tag_data->>'table_full_name' in (select tag_data->>'table_full_name' from table_stats where $__timeFilter(time) and dbname = '$dbname' limit 500)\n  AND dbname = '$dbname'\n) x\nwhere seq_scan_lag > seq_scan\nlimit 1\n\n), 0) as was_reset",
          "refId": "A",
          "select": [
            [
              {
                "params": [
                  "value"
                ],
                "type": "column"
              }
            ]
          ],
          "timeColumn": "time",
          "where": [
            {
              "name": "$__timeFilter",
              "params": [],
              "type": "macro"
            }
          ]
        }
      ],
      "thresholds": "1,1",
      "title": "",
      "transparent": true,
      "type": "singlestat",
      "valueFontSize": "80%",
      "valueMaps": [
        {
          "op": "=",
          "text": "",
          "value": "0"
        },
        {
          "op": "=",
          "text": "WARNING - stats reset detected for selected time range, results are unreliable",
          "value": "1"
        },
        {
          "op": "=",
          "text": "N/A",
          "value": "null"
        }
      ],
      "valueName": "first"
    }
  ],
  "schemaVersion": 22,
  "style": "dark",
  "tags": [
    "pgwatch2"
  ],
  "templating": {
    "list": [
      {
        "allValue": null,
        "current": {
          "selected": false,
          "text": "",
          "value": ""
        },
        "datasource": null,
        "definition": "",
        "hide": 0,
        "includeAll": false,
        "index": -1,
        "label": null,
        "multi": false,
        "name": "dbname",
        "options": [],
        "query": "SELECT DISTINCT dbname FROM admin.all_distinct_dbname_metrics WHERE metric = 'table_stats' ORDER BY 1;",
        "refresh": 1,
        "regex": "",
        "skipUrlSync": false,
        "sort": 0,
        "tagValuesQuery": "",
        "tags": [],
        "tagsQuery": "",
        "type": "query",
        "useTags": false
      },
      {
        "allValue": null,
        "current": {
          "tags": [],
          "text": "5",
          "value": "5"
        },
        "hide": 0,
        "includeAll": false,
        "label": null,
        "multi": false,
        "name": "top",
        "options": [
          {
            "selected": false,
            "text": "1",
            "value": "1"
          },
          {
            "selected": false,
            "text": "3",
            "value": "3"
          },
          {
            "selected": true,
            "text": "5",
            "value": "5"
          },
          {
            "selected": false,
            "text": "10",
            "value": "10"
          },
          {
            "selected": false,
            "text": "20",
            "value": "20"
          },
          {
            "selected": false,
            "text": "50",
            "value": "50"
          }
        ],
        "query": "1,3,5,10,20,50",
        "skipUrlSync": false,
        "type": "custom"
      }
    ]
  },
  "time": {
    "from": "now-6h",
    "to": "now"
  },
  "timepicker": {
    "refresh_intervals": [
      "5s",
      "10s",
      "30s",
      "1m",
      "5m",
      "15m",
      "30m",
      "1h",
      "2h",
      "1d"
    ],
    "time_options": [
      "5m",
      "15m",
      "1h",
      "6h",
      "12h",
      "24h",
      "2d",
      "7d",
      "30d"
    ]
  },
  "timezone": "",
  "title": "Tables Top",
  "uid": "tables-top",
  "version": 1
}