{
  "annotations": {
    "list": [
      {
        "builtIn": 1,
        "datasource": "-- Grafana --",
        "enable": true,
        "hide": true,
        "iconColor": "rgba(0, 211, 255, 1)",
        "name": "Annotations & Alerts",
        "type": "dashboard"
      }
    ]
  },
  "editable": true,
  "gnetId": null,
  "graphTooltip": 0,
  "id": null,
  "links": [],
  "panels": [
    {
      "datasource": null,
      "fieldConfig": {
        "defaults": {
          "color": {
            "mode": "thresholds"
          },
          "mappings": [],
          "thresholds": {
            "mode": "absolute",
            "steps": [
              {
                "color": "green",
                "value": null
              },
              {
                "color": "red",
                "value": 80
              }
            ]
          }
        },
        "overrides": [
          {
            "matcher": {
              "id": "byFrameRefID",
              "options": "A"
            },
            "properties": [
              {
                "id": "mappings",
                "value": [
                  {
                    "from": "",
                    "id": 1,
                    "text": "PRIMARY",
                    "to": "",
                    "type": 1,
                    "value": "0"
                  },
                  {
                    "from": "",
                    "id": 2,
                    "text": "STANDBY",
                    "to": "",
                    "type": 1,
                    "value": "1"
                  }
                ]
              }
            ]
          }
        ]
      },
      "gridPos": {
        "h": 4,
        "w": 6,
        "x": 0,
        "y": 0
      },
      "id": 2,
      "maxDataPoints": null,
      "options": {
        "colorMode": "value",
        "graphMode": "area",
        "justifyMode": "auto",
        "orientation": "auto",
        "reduceOptions": {
          "calcs": [
            "lastNotNull"
          ],
          "fields": "",
          "values": false
        },
        "text": {},
        "textMode": "auto"
      },
      "pluginVersion": "7.5.9",
      "targets": [
        {
          "exemplar": true,
          "expr": "max(last_over_time(pgwatch2_db_stats_in_recovery_int{dbname='$dbname'}))",
          "instant": true,
          "interval": "",
          "legendFormat": "",
          "refId": "A"
        }
      ],
      "title": "Instance state",
      "type": "stat"
    },
    {
      "datasource": null,
      "fieldConfig": {
        "defaults": {
          "color": {
            "mode": "thresholds"
          },
          "mappings": [],
          "thresholds": {
            "mode": "absolute",
            "steps": [
              {
                "color": "dark-red",
                "value": null
              },
              {
                "color": "dark-yellow",
                "value": 3600
              },
              {
                "color": "dark-green",
                "value": 86400
              }
            ]
          },
          "unit": "s"
        },
        "overrides": []
      },
      "gridPos": {
        "h": 4,
        "w": 6,
        "x": 6,
        "y": 0
      },
      "id": 3,
      "options": {
        "colorMode": "value",
        "graphMode": "none",
        "justifyMode": "auto",
        "orientation": "auto",
        "reduceOptions": {
          "calcs": [
            "lastNotNull"
          ],
          "fields": "",
          "values": false
        },
        "text": {},
        "textMode": "auto"
      },
      "pluginVersion": "7.5.9",
      "targets": [
        {
          "exemplar": true,
          "expr": "max(abs(pgwatch2_db_stats_postmaster_uptime_s{dbname='$dbname'}))",
          "instant": true,
          "interval": "",
          "legendFormat": "",
          "refId": "A"
        }
      ],
      "title": "Uptime",
      "type": "stat"
    },
    {
      "datasource": null,
      "fieldConfig": {
        "defaults": {
          "color": {
            "mode": "thresholds"
          },
          "mappings": [],
          "thresholds": {
            "mode": "absolute",
            "steps": [
              {
                "color": "dark-yellow",
                "value": null
              },
              {
                "color": "dark-green",
                "value": 120000
              }
            ]
          },
          "unit": "none"
        },
        "overrides": []
      },
      "gridPos": {
        "h": 4,
        "w": 6,
        "x": 12,
        "y": 0
      },
      "id": 4,
      "options": {
        "colorMode": "value",
        "graphMode": "none",
        "justifyMode": "auto",
        "orientation": "auto",
        "reduceOptions": {
          "calcs": [
            "lastNotNull"
          ],
          "fields": "",
          "values": false
        },
        "text": {},
        "textMode": "auto"
      },
      "pluginVersion": "7.5.9",
      "targets": [
        {
          "exemplar": true,
          "expr": "max(pgwatch2_settings_server_version_num{dbname='$dbname'})",
          "instant": true,
          "interval": "",
          "legendFormat": "",
          "refId": "A"
        }
      ],
      "title": "Server version num.",
      "type": "stat"
    },
    {
      "datasource": null,
      "description": "Over the selected time range",
      "fieldConfig": {
        "defaults": {
          "color": {
            "mode": "thresholds"
          },
          "mappings": [],
          "thresholds": {
            "mode": "absolute",
            "steps": [
              {
                "color": "dark-green",
                "value": null
              },
              {
                "color": "dark-yellow",
                "value": 300
              }
            ]
          },
          "unit": "s"
        },
        "overrides": []
      },
      "gridPos": {
        "h": 4,
        "w": 6,
        "x": 18,
        "y": 0
      },
      "id": 5,
      "options": {
        "colorMode": "value",
        "graphMode": "none",
        "justifyMode": "auto",
        "orientation": "auto",
        "reduceOptions": {
          "calcs": [
            "lastNotNull"
          ],
          "fields": "",
          "values": false
        },
        "text": {},
        "textMode": "auto"
      },
      "pluginVersion": "7.5.9",
      "targets": [
        {
          "exemplar": true,
          "expr": "max(max_over_time(pgwatch2_backends_longest_query_seconds{dbname='$dbname'}[$__interval]))",
          "interval": "10m",
          "legendFormat": "",
          "refId": "A"
        }
      ],
      "title": "Longest query duration",
      "type": "stat"
    },
    {
      "datasource": null,
      "fieldConfig": {
        "defaults": {
          "color": {
            "mode": "thresholds"
          },
          "mappings": [],
          "thresholds": {
            "mode": "absolute",
            "steps": [
              {
                "color": "dark-green",
                "value": null
              },
              {
                "color": "dark-yellow",
                "value": 300
              }
            ]
          },
          "unit": "short"
        },
        "overrides": []
      },
      "gridPos": {
        "h": 4,
        "w": 6,
        "x": 0,
        "y": 4
      },
      "id": 6,
      "maxDataPoints": 1,
      "options": {
        "colorMode": "value",
        "graphMode": "none",
        "justifyMode": "auto",
        "orientation": "auto",
        "reduceOptions": {
          "calcs": [
            "lastNotNull"
          ],
          "fields": "",
          "values": false
        },
        "text": {},
        "textMode": "auto"
      },
      "pluginVersion": "7.5.9",
      "targets": [
        {
          "exemplar": true,
          "expr": "max(max_over_time(pgwatch2_backends_active{dbname='$dbname'}[$__range]))",
          "interval": "",
          "legendFormat": "",
          "refId": "A"
        }
      ],
      "title": "Active connections (max.)",
      "type": "stat"
    },
    {
      "datasource": null,
      "description": "PostgreSQL configurations setting. Changing requires restart. Numbers above 500+ are not recommended",
      "fieldConfig": {
        "defaults": {
          "color": {
            "mode": "thresholds"
          },
          "mappings": [],
          "thresholds": {
            "mode": "absolute",
            "steps": [
              {
                "color": "dark-green",
                "value": null
              },
              {
                "color": "dark-yellow",
                "value": 500
              },
              {
                "color": "dark-red",
                "value": 1000
              }
            ]
          },
          "unit": "short"
        },
        "overrides": []
      },
      "gridPos": {
        "h": 4,
        "w": 6,
        "x": 6,
        "y": 4
      },
      "id": 7,
      "options": {
        "colorMode": "value",
        "graphMode": "none",
        "justifyMode": "auto",
        "orientation": "auto",
        "reduceOptions": {
          "calcs": [
            "lastNotNull"
          ],
          "fields": "",
          "values": false
        },
        "text": {},
        "textMode": "auto"
      },
      "pluginVersion": "7.5.9",
      "targets": [
        {
          "exemplar": true,
          "expr": "max(pgwatch2_settings_max_connections{dbname='$dbname'})",
          "instant": true,
          "interval": "",
          "legendFormat": "",
          "refId": "A"
        }
      ],
      "title": "Max. connections",
      "type": "stat"
    },
    {
      "datasource": null,
      "description": "",
      "fieldConfig": {
        "defaults": {
          "color": {
            "mode": "thresholds"
          },
          "mappings": [],
          "thresholds": {
            "mode": "absolute",
            "steps": [
              {
                "color": "dark-green",
                "value": null
              },
              {
                "color": "dark-yellow",
                "value": 500
              },
              {
                "color": "dark-red",
                "value": 1000
              }
            ]
          },
          "unit": "short"
        },
        "overrides": []
      },
      "gridPos": {
        "h": 4,
        "w": 6,
        "x": 12,
        "y": 4
      },
      "id": 8,
      "maxDataPoints": 1,
      "options": {
        "colorMode": "value",
        "graphMode": "none",
        "justifyMode": "auto",
        "orientation": "auto",
        "reduceOptions": {
          "calcs": [
            "lastNotNull"
          ],
          "fields": "",
          "values": false
        },
        "text": {},
        "textMode": "auto"
      },
      "pluginVersion": "7.5.9",
      "targets": [
        {
          "exemplar": true,
          "expr": "max(max_over_time(pgwatch2_backends_waiting{dbname='$dbname'}[$__range]))",
          "interval": "",
          "legendFormat": "",
          "refId": "A"
        }
      ],
      "title": "Blocked sessions (max.)",
      "type": "stat"
    },
    {
      "datasource": null,
      "description": "Shared Buffers is the Postgres -managed file cache and 90%+ is what you normally want to see for best performance.",
      "fieldConfig": {
        "defaults": {
          "color": {
            "mode": "thresholds"
          },
          "decimals": 1,
          "mappings": [],
          "thresholds": {
            "mode": "absolute",
            "steps": [
              {
                "color": "dark-red",
                "value": null
              },
              {
                "color": "dark-yellow",
                "value": 80
              },
              {
                "color": "dark-green",
                "value": 90
              }
            ]
          },
          "unit": "percent"
        },
        "overrides": []
      },
      "gridPos": {
        "h": 4,
        "w": 6,
        "x": 18,
        "y": 4
      },
      "id": 9,
      "maxDataPoints": 1,
      "options": {
        "colorMode": "value",
        "graphMode": "none",
        "justifyMode": "auto",
        "orientation": "auto",
        "reduceOptions": {
          "calcs": [
            "lastNotNull"
          ],
          "fields": "",
          "values": false
        },
        "text": {},
        "textMode": "auto"
      },
      "pluginVersion": "7.5.9",
      "targets": [
        {
          "exemplar": true,
          "expr": "100 * avg(increase(pgwatch2_db_stats_blks_hit{dbname='$dbname'}[$__range])) / (avg(increase(pgwatch2_db_stats_blks_read{dbname='$dbname'}[$__range])) + avg(increase(pgwatch2_db_stats_blks_hit{dbname='$dbname'}[$__range])))",
          "instant": false,
          "interval": "",
          "legendFormat": "",
          "refId": "A"
        }
      ],
      "title": "Shared Buffers hit pct. (avg.)",
      "type": "stat"
    },
    {
      "datasource": null,
      "description": "",
      "fieldConfig": {
        "defaults": {
          "color": {
            "mode": "thresholds"
          },
          "decimals": 1,
          "mappings": [],
          "thresholds": {
            "mode": "absolute",
            "steps": [
              {
                "color": "dark-green",
                "value": null
              },
              {
                "color": "dark-yellow",
                "value": 5
              }
            ]
          },
          "unit": "percent"
        },
        "overrides": []
      },
      "gridPos": {
        "h": 4,
        "w": 6,
        "x": 0,
        "y": 8
      },
      "id": 10,
      "maxDataPoints": 1,
      "options": {
        "colorMode": "value",
        "graphMode": "none",
        "justifyMode": "auto",
        "orientation": "auto",
        "reduceOptions": {
          "calcs": [
            "lastNotNull"
          ],
          "fields": "",
          "values": false
        },
        "text": {},
        "textMode": "auto"
      },
      "pluginVersion": "7.5.9",
      "targets": [
        {
          "exemplar": true,
          "expr": "100 * avg(increase(pgwatch2_db_stats_xact_rollback{dbname='$dbname'}[$__range])) / (avg(increase(pgwatch2_db_stats_xact_rollback{dbname='$dbname'}[$__range])) + avg(increase(pgwatch2_db_stats_xact_commit{dbname='$dbname'}[$__range])))",
          "interval": "",
          "legendFormat": "",
          "refId": "A"
        }
      ],
      "title": "TX rollback pct. (avg.)",
      "type": "stat"
    },
    {
      "datasource": null,
      "description": "Transactions per Second.",
      "fieldConfig": {
        "defaults": {
          "color": {
            "mode": "thresholds"
          },
          "decimals": 1,
          "mappings": [],
          "thresholds": {
            "mode": "absolute",
            "steps": [
              {
                "color": "dark-green",
                "value": null
              }
            ]
          },
          "unit": "short"
        },
        "overrides": []
      },
      "gridPos": {
        "h": 4,
        "w": 6,
        "x": 6,
        "y": 8
      },
      "id": 11,
      "maxDataPoints": 1,
      "options": {
        "colorMode": "value",
        "graphMode": "none",
        "justifyMode": "auto",
        "orientation": "auto",
        "reduceOptions": {
          "calcs": [
            "lastNotNull"
          ],
          "fields": "",
          "values": false
        },
        "text": {},
        "textMode": "auto"
      },
      "pluginVersion": "7.5.9",
      "targets": [
        {
          "exemplar": true,
          "expr": "avg(rate(pgwatch2_db_stats_xact_rollback{dbname='$dbname'}[$__range])) + avg(rate(pgwatch2_db_stats_xact_commit{dbname='$dbname'}[$__range]))",
          "instant": false,
          "interval": "",
          "legendFormat": "",
          "refId": "A"
        }
      ],
      "title": "TPS (avg.)",
      "type": "stat"
    },
    {
      "datasource": null,
      "description": "Transactions per Second.",
      "fieldConfig": {
        "defaults": {
          "color": {
            "mode": "thresholds"
          },
          "decimals": 1,
          "mappings": [],
          "thresholds": {
            "mode": "absolute",
            "steps": [
              {
                "color": "dark-green",
                "value": null
              }
            ]
          },
          "unit": "short"
        },
        "overrides": []
      },
      "gridPos": {
        "h": 4,
        "w": 6,
        "x": 12,
        "y": 8
      },
      "id": 12,
      "interval": null,
      "maxDataPoints": 1,
      "options": {
        "colorMode": "value",
        "graphMode": "none",
        "justifyMode": "auto",
        "orientation": "auto",
        "reduceOptions": {
          "calcs": [
            "lastNotNull"
          ],
          "fields": "",
          "values": false
        },
        "text": {},
        "textMode": "auto"
      },
      "pluginVersion": "7.5.9",
      "targets": [
        {
          "exemplar": false,
          "expr": "avg(rate(pgwatch2_stat_statements_calls_calls{dbname='$dbname'}[$__range]))",
          "instant": false,
          "interval": "",
          "legendFormat": "",
          "refId": "A"
        }
      ],
      "title": "QPS (avg.)",
      "type": "stat"
    },
    {
      "datasource": null,
      "description": "Open transactions where no queries are being executed. Bad for the database health generally.",
      "fieldConfig": {
        "defaults": {
          "color": {
            "mode": "thresholds"
          },
          "mappings": [],
          "thresholds": {
            "mode": "absolute",
            "steps": [
              {
                "color": "dark-green",
                "value": null
              },
              {
                "color": "#EAB839",
                "value": 1
              }
            ]
          },
          "unit": "short"
        },
        "overrides": []
      },
      "gridPos": {
        "h": 4,
        "w": 6,
        "x": 18,
        "y": 8
      },
      "id": 13,
      "maxDataPoints": 1,
      "options": {
        "colorMode": "value",
        "graphMode": "none",
        "justifyMode": "auto",
        "orientation": "auto",
        "reduceOptions": {
          "calcs": [
            "lastNotNull"
          ],
          "fields": "",
          "values": false
        },
        "text": {},
        "textMode": "auto"
      },
      "pluginVersion": "7.5.9",
      "targets": [
        {
          "exemplar": true,
          "expr": "max(max_over_time(pgwatch2_backends_idleintransaction{dbname='$dbname'}[$__range]))",
          "interval": "",
          "legendFormat": "",
          "refId": "A"
        }
      ],
      "title": "\"Idle in TX\" (max.)",
      "type": "stat"
    },
    {
      "datasource": null,
      "description": "On non-temporary  tables",
      "fieldConfig": {
        "defaults": {
          "color": {
            "mode": "thresholds"
          },
          "decimals": 1,
          "mappings": [],
          "thresholds": {
            "mode": "absolute",
            "steps": [
              {
                "color": "dark-green",
                "value": null
              }
            ]
          },
          "unit": "short"
        },
        "overrides": []
      },
      "gridPos": {
        "h": 4,
        "w": 6,
        "x": 0,
        "y": 12
      },
      "id": 26,
      "maxDataPoints": 1,
      "options": {
        "colorMode": "value",
        "graphMode": "none",
        "justifyMode": "auto",
        "orientation": "auto",
        "reduceOptions": {
          "calcs": [
            "lastNotNull"
          ],
          "fields": "",
          "values": false
        },
        "text": {},
        "textMode": "auto"
      },
      "pluginVersion": "7.5.9",
      "targets": [
        {
          "exemplar": true,
          "expr": "60 * avg(rate(pgwatch2_db_stats_tup_inserted{dbname='$dbname'}[$__range]))",
          "interval": "",
          "legendFormat": "",
          "refId": "A"
        }
      ],
      "title": "INSERT-s per minute (avg.)",
      "type": "stat"
    },
    {
      "datasource": null,
      "description": "On non-temporary  tables",
      "fieldConfig": {
        "defaults": {
          "color": {
            "mode": "thresholds"
          },
          "decimals": 1,
          "mappings": [],
          "thresholds": {
            "mode": "absolute",
            "steps": [
              {
                "color": "dark-green",
                "value": null
              }
            ]
          },
          "unit": "short"
        },
        "overrides": []
      },
      "gridPos": {
        "h": 4,
        "w": 6,
        "x": 6,
        "y": 12
      },
      "id": 27,
      "maxDataPoints": 1,
      "options": {
        "colorMode": "value",
        "graphMode": "none",
        "justifyMode": "auto",
        "orientation": "auto",
        "reduceOptions": {
          "calcs": [
            "lastNotNull"
          ],
          "fields": "",
          "values": false
        },
        "text": {},
        "textMode": "auto"
      },
      "pluginVersion": "7.5.9",
      "targets": [
        {
          "exemplar": true,
          "expr": "60 * avg(rate(pgwatch2_db_stats_tup_updated{dbname='$dbname'}[$__range]))",
          "interval": "",
          "legendFormat": "",
          "refId": "A"
        }
      ],
      "title": "UPDATE-s per minute (avg.)",
      "type": "stat"
    },
    {
      "datasource": null,
      "description": "On non-temporary  tables",
      "fieldConfig": {
        "defaults": {
          "color": {
            "mode": "thresholds"
          },
          "decimals": 1,
          "mappings": [],
          "thresholds": {
            "mode": "absolute",
            "steps": [
              {
                "color": "dark-green",
                "value": null
              }
            ]
          },
          "unit": "short"
        },
        "overrides": []
      },
      "gridPos": {
        "h": 4,
        "w": 6,
        "x": 12,
        "y": 12
      },
      "id": 28,
      "maxDataPoints": 1,
      "options": {
        "colorMode": "value",
        "graphMode": "none",
        "justifyMode": "auto",
        "orientation": "auto",
        "reduceOptions": {
          "calcs": [
            "lastNotNull"
          ],
          "fields": "",
          "values": false
        },
        "text": {},
        "textMode": "auto"
      },
      "pluginVersion": "7.5.9",
      "targets": [
        {
          "exemplar": true,
          "expr": "60 * avg(rate(pgwatch2_db_stats_tup_deleted{dbname='$dbname'}[$__range]))",
          "interval": "",
          "legendFormat": "",
          "refId": "A"
        }
      ],
      "title": "DELETE-s per minute (avg.)",
      "type": "stat"
    },
    {
      "datasource": null,
      "description": "Percentage of rows touched by queries that are actually returned to the client. Low numbers (< 10%) for an OLTP workload can hint at missing indexes",
      "fieldConfig": {
        "defaults": {
          "color": {
            "mode": "thresholds"
          },
          "decimals": 1,
          "mappings": [],
          "noValue": "0",
          "thresholds": {
            "mode": "absolute",
            "steps": [
              {
                "color": "dark-green",
                "value": null
              },
              {
                "color": "#EAB839",
                "value": 100000000
              }
            ]
          },
          "unit": "percent"
        },
        "overrides": []
      },
      "gridPos": {
        "h": 4,
        "w": 6,
        "x": 18,
        "y": 12
      },
      "id": 21,
      "maxDataPoints": 1,
      "options": {
        "colorMode": "value",
        "graphMode": "none",
        "justifyMode": "auto",
        "orientation": "auto",
        "reduceOptions": {
          "calcs": [
            "lastNotNull"
          ],
          "fields": "",
          "values": false
        },
        "text": {},
        "textMode": "auto"
      },
      "pluginVersion": "7.5.9",
      "targets": [
        {
          "exemplar": true,
          "expr": "100 * avg(increase(pgwatch2_db_stats_tup_fetched{dbname='$dbname'}[$__range])) / avg(increase(pgwatch2_db_stats_tup_returned{dbname='$dbname'}[$__range]))",
          "interval": "",
          "legendFormat": "",
          "refId": "A"
        }
      ],
      "title": "Tuples fetched vs returned",
      "type": "stat"
    },
    {
      "datasource": null,
      "description": "",
      "fieldConfig": {
        "defaults": {
          "color": {
            "mode": "thresholds"
          },
          "mappings": [],
          "thresholds": {
            "mode": "absolute",
            "steps": [
              {
                "color": "dark-green",
                "value": null
              },
              {
                "color": "#EAB839",
                "value": 1099511627776
              }
            ]
          },
          "unit": "bytes"
        },
        "overrides": []
      },
      "gridPos": {
        "h": 4,
        "w": 6,
        "x": 0,
        "y": 16
      },
      "id": 14,
      "maxDataPoints": null,
      "options": {
        "colorMode": "value",
        "graphMode": "none",
        "justifyMode": "auto",
        "orientation": "auto",
        "reduceOptions": {
          "calcs": [
            "lastNotNull"
          ],
          "fields": "",
          "values": false
        },
        "text": {},
        "textMode": "auto"
      },
      "pluginVersion": "7.5.9",
      "targets": [
        {
          "exemplar": true,
          "expr": "max(pgwatch2_db_size_size_b{dbname='$dbname'})",
          "instant": true,
          "interval": "",
          "legendFormat": "",
          "refId": "A"
        }
      ],
      "title": "DB size",
      "type": "stat"
    },
    {
      "datasource": null,
      "description": "",
      "fieldConfig": {
        "defaults": {
          "color": {
            "mode": "thresholds"
          },
          "mappings": [],
          "thresholds": {
            "mode": "absolute",
            "steps": [
              {
                "color": "dark-green",
                "value": null
              },
              {
                "color": "#EAB839",
                "value": 1099511627776
              }
            ]
          },
          "unit": "bytes"
        },
        "overrides": []
      },
      "gridPos": {
        "h": 4,
        "w": 6,
        "x": 6,
        "y": 16
      },
      "id": 17,
      "interval": "1d",
      "options": {
        "colorMode": "value",
        "graphMode": "none",
        "justifyMode": "auto",
        "orientation": "auto",
        "reduceOptions": {
          "calcs": [
            "lastNotNull"
          ],
          "fields": "",
          "values": false
        },
        "text": {},
        "textMode": "auto"
      },
      "pluginVersion": "7.5.9",
      "targets": [
        {
          "exemplar": true,
          "expr": "avg(delta(pgwatch2_db_size_size_b{dbname='$dbname'}[1d]))",
          "instant": false,
          "interval": "",
          "legendFormat": "",
          "refId": "A"
        }
      ],
      "title": "DB size change (1d)",
      "type": "stat"
    },
    {
      "datasource": null,
      "description": "Checkpoints should normally be performed by the background \"Checkpointer\" process. If seeing high numbers then adjusting server configuration is recommended.",
      "fieldConfig": {
        "defaults": {
          "color": {
            "mode": "thresholds"
          },
          "mappings": [],
          "thresholds": {
            "mode": "absolute",
            "steps": [
              {
                "color": "dark-green",
                "value": null
              },
              {
                "color": "#EAB839",
                "value": 1
              }
            ]
          },
          "unit": "short"
        },
        "overrides": []
      },
      "gridPos": {
        "h": 4,
        "w": 6,
        "x": 12,
        "y": 16
      },
      "id": 15,
      "maxDataPoints": 1,
      "options": {
        "colorMode": "value",
        "graphMode": "none",
        "justifyMode": "auto",
        "orientation": "auto",
        "reduceOptions": {
          "calcs": [
            "lastNotNull"
          ],
          "fields": "",
          "values": false
        },
        "text": {},
        "textMode": "auto"
      },
      "pluginVersion": "7.5.9",
      "targets": [
        {
          "exemplar": true,
          "expr": "max(increase(pgwatch2_bgwriter_checkpoints_req{dbname='$dbname'}[$__range]))",
          "interval": "",
          "legendFormat": "",
          "refId": "A"
        }
      ],
      "title": "Checkpoints requested",
      "type": "stat"
    },
    {
      "datasource": null,
      "description": "Transaction logs generation velocity.",
      "fieldConfig": {
        "defaults": {
          "color": {
            "mode": "thresholds"
          },
          "mappings": [],
          "thresholds": {
            "mode": "absolute",
            "steps": [
              {
                "color": "dark-green",
                "value": null
              },
              {
                "color": "#EAB839",
                "value": 10000000
              }
            ]
          },
          "unit": "binBps"
        },
        "overrides": []
      },
      "gridPos": {
        "h": 4,
        "w": 6,
        "x": 18,
        "y": 16
      },
      "id": 16,
      "maxDataPoints": 1,
      "options": {
        "colorMode": "value",
        "graphMode": "none",
        "justifyMode": "auto",
        "orientation": "auto",
        "reduceOptions": {
          "calcs": [
            "lastNotNull"
          ],
          "fields": "",
          "values": false
        },
        "text": {},
        "textMode": "auto"
      },
      "pluginVersion": "7.5.9",
      "targets": [
        {
          "exemplar": true,
          "expr": "max(rate(pgwatch2_wal_xlog_location_b{dbname='$dbname'}[$__range]))",
          "interval": "",
          "legendFormat": "",
          "refId": "A"
        }
      ],
      "title": "WAL per second (avg.)",
      "type": "stat"
    },
    {
      "datasource": null,
      "description": "For selected timeframe. Postgres writes temporary files to disk when sorting / grouping  big amounts of data that doesn't fit into \"work_mem\" / \"\"maintenance_work_mem\"",
      "fieldConfig": {
        "defaults": {
          "color": {
            "mode": "thresholds"
          },
          "mappings": [],
          "thresholds": {
            "mode": "absolute",
            "steps": [
              {
                "color": "dark-green",
                "value": null
              },
              {
                "color": "#EAB839",
                "value": 10000000
              }
            ]
          },
          "unit": "bytes"
        },
        "overrides": []
      },
      "gridPos": {
        "h": 4,
        "w": 6,
        "x": 0,
        "y": 20
      },
      "id": 18,
      "maxDataPoints": 1,
      "options": {
        "colorMode": "value",
        "graphMode": "none",
        "justifyMode": "auto",
        "orientation": "auto",
        "reduceOptions": {
          "calcs": [
            "lastNotNull"
          ],
          "fields": "",
          "values": false
        },
        "text": {},
        "textMode": "auto"
      },
      "pluginVersion": "7.5.9",
      "targets": [
        {
          "exemplar": true,
          "expr": "max(increase(pgwatch2_db_stats_temp_bytes{dbname='$dbname'}[$__range]))",
          "interval": "",
          "legendFormat": "",
          "refId": "A"
        }
      ],
      "title": "Temp. bytes written (tot.)",
      "type": "stat"
    },
    {
      "datasource": null,
      "description": "For selected timeframe. Frequent sequential scans on bigger tables should usually be avoided.",
      "fieldConfig": {
        "defaults": {
          "color": {
            "mode": "thresholds"
          },
          "decimals": 0,
          "mappings": [],
          "thresholds": {
            "mode": "absolute",
            "steps": [
              {
                "color": "dark-green",
                "value": null
              },
              {
                "color": "#EAB839",
                "value": 100
              }
            ]
          },
          "unit": "short"
        },
        "overrides": []
      },
      "gridPos": {
        "h": 4,
        "w": 6,
        "x": 6,
        "y": 20
      },
      "id": 19,
      "maxDataPoints": 1,
      "options": {
        "colorMode": "value",
        "graphMode": "none",
        "justifyMode": "auto",
        "orientation": "auto",
        "reduceOptions": {
          "calcs": [
            "lastNotNull"
          ],
          "fields": "",
          "values": false
        },
        "text": {},
        "textMode": "auto"
      },
      "pluginVersion": "7.5.9",
      "targets": [
        {
          "exemplar": true,
          "expr": "sum(max(increase(pgwatch2_table_stats_seq_scan{dbname='$dbname',table_size_cardinality_mb=~\"3|4|5|6|7|8\"}[$__range])))",
          "interval": "",
          "legendFormat": "",
          "refId": "A"
        }
      ],
      "title": "Seq. scans on >100 MB tables (tot.)",
      "type": "stat"
    },
    {
      "datasource": null,
      "description": "Long running AUTOVACUUM processes can hint at workload or configuration  problems",
      "fieldConfig": {
        "defaults": {
          "color": {
            "mode": "thresholds"
          },
          "decimals": 0,
          "mappings": [],
          "noValue": "0",
          "thresholds": {
            "mode": "absolute",
            "steps": [
              {
                "color": "dark-green",
                "value": null
              },
              {
                "color": "#EAB839",
                "value": 600
              }
            ]
          },
          "unit": "s"
        },
        "overrides": []
      },
      "gridPos": {
        "h": 4,
        "w": 6,
        "x": 12,
        "y": 20
      },
      "id": 20,
      "maxDataPoints": 1,
      "options": {
        "colorMode": "value",
        "graphMode": "none",
        "justifyMode": "auto",
        "orientation": "auto",
        "reduceOptions": {
          "calcs": [
            "lastNotNull"
          ],
          "fields": "",
          "values": false
        },
        "text": {},
        "textMode": "auto"
      },
      "pluginVersion": "7.5.9",
      "targets": [
        {
          "exemplar": true,
          "expr": "max(max_over_time(pgwatch2_backends_longest_autovacuum_seconds{dbname='$dbname'}[1d]))",
          "interval": "",
          "legendFormat": "",
          "refId": "A"
        }
      ],
      "title": "Longest AUTOVACUUM duration (1d)",
      "type": "stat"
    },
    {
      "datasource": null,
      "description": "Based on db_stats.backup_duration_s  / pg_backup_start_time() [9.3+] function. N/A if no backup in progress.",
      "fieldConfig": {
        "defaults": {
          "color": {
            "mode": "thresholds"
          },
          "decimals": 1,
          "mappings": [],
          "thresholds": {
            "mode": "absolute",
            "steps": [
              {
                "color": "dark-green",
                "value": null
              },
              {
                "color": "#EAB839",
                "value": 10000000
              }
            ]
          },
          "unit": "s"
        },
        "overrides": []
      },
      "gridPos": {
        "h": 4,
        "w": 6,
        "x": 18,
        "y": 20
      },
      "id": 25,
      "maxDataPoints": null,
      "options": {
        "colorMode": "value",
        "graphMode": "none",
        "justifyMode": "auto",
        "orientation": "auto",
        "reduceOptions": {
          "calcs": [
            "lastNotNull"
          ],
          "fields": "",
          "values": false
        },
        "text": {},
        "textMode": "auto"
      },
      "pluginVersion": "7.5.9",
      "targets": [
        {
          "exemplar": true,
          "expr": "max(max_over_time(pgwatch2_db_stats_backup_duration_s{dbname='$dbname'}[1d]))",
          "interval": "",
          "legendFormat": "",
          "refId": "A"
        }
      ],
      "title": "Backup duration (1d)",
      "type": "stat"
    },
    {
      "datasource": null,
      "description": "Max. age since last VACUUM FREEZE. Could hint at problems when going into 100s of millions",
      "fieldConfig": {
        "defaults": {
          "color": {
            "mode": "thresholds"
          },
          "decimals": 0,
          "mappings": [],
          "noValue": "0",
          "thresholds": {
            "mode": "absolute",
            "steps": [
              {
                "color": "dark-green",
                "value": null
              },
              {
                "color": "#EAB839",
                "value": 100000000
              }
            ]
          },
          "unit": "short"
        },
        "overrides": []
      },
      "gridPos": {
        "h": 4,
        "w": 6,
        "x": 0,
        "y": 24
      },
      "id": 22,
      "maxDataPoints": 1,
      "options": {
        "colorMode": "value",
        "graphMode": "none",
        "justifyMode": "auto",
        "orientation": "auto",
        "reduceOptions": {
          "calcs": [
            "lastNotNull"
          ],
          "fields": "",
          "values": false
        },
        "text": {},
        "textMode": "auto"
      },
      "pluginVersion": "7.5.9",
      "targets": [
        {
          "exemplar": true,
          "expr": "max(max_over_time(pgwatch2_table_stats_tx_freeze_age{dbname='$dbname'}[$__range]))",
          "interval": "",
          "legendFormat": "",
          "refId": "A"
        }
      ],
      "title": "Max. table FREEZE age",
      "type": "stat"
    },
    {
      "datasource": null,
      "description": "In TX. Holds back VACUUM. 1 million warning threshold",
      "fieldConfig": {
        "defaults": {
          "color": {
            "mode": "thresholds"
          },
          "decimals": 0,
          "mappings": [],
          "noValue": "0",
          "thresholds": {
            "mode": "absolute",
            "steps": [
              {
                "color": "dark-green",
                "value": null
              },
              {
                "color": "#EAB839",
                "value": 1000000
              }
            ]
          },
          "unit": "short"
        },
        "overrides": []
      },
      "gridPos": {
        "h": 4,
        "w": 6,
        "x": 6,
        "y": 24
      },
      "id": 23,
      "maxDataPoints": null,
      "options": {
        "colorMode": "value",
        "graphMode": "none",
        "justifyMode": "auto",
        "orientation": "auto",
        "reduceOptions": {
          "calcs": [
            "lastNotNull"
          ],
          "fields": "",
          "values": false
        },
        "text": {},
        "textMode": "auto"
      },
      "pluginVersion": "7.5.9",
      "targets": [
        {
          "exemplar": true,
          "expr": "max(max_over_time({__name__=~\"(pgwatch2_backends_max_xmin_age_tx|replication_slots_xmin_age_tx)\",dbname='$dbname'}[$__range]))",
          "instant": true,
          "interval": "",
          "legendFormat": "",
          "refId": "A"
        }
      ],
      "title": "Max. session XMIN horizon age",
      "type": "stat"
    },
    {
      "datasource": null,
      "description": "\"Apply\" (data made visible to queries on replica)  lag in bytes",
      "fieldConfig": {
        "defaults": {
          "color": {
            "mode": "thresholds"
          },
          "decimals": 1,
          "mappings": [],
          "thresholds": {
            "mode": "absolute",
            "steps": [
              {
                "color": "dark-green",
                "value": null
              },
              {
                "color": "#EAB839",
                "value": 10000000
              }
            ]
          },
          "unit": "bytes"
        },
        "overrides": []
      },
      "gridPos": {
        "h": 4,
        "w": 6,
        "x": 12,
        "y": 24
      },
      "id": 24,
      "maxDataPoints": 1,
      "options": {
        "colorMode": "value",
        "graphMode": "none",
        "justifyMode": "auto",
        "orientation": "auto",
        "reduceOptions": {
          "calcs": [
            "lastNotNull"
          ],
          "fields": "",
          "values": false
        },
        "text": {},
        "textMode": "auto"
      },
      "pluginVersion": "7.5.9",
      "targets": [
        {
          "exemplar": true,
          "expr": "max(max_over_time(pgwatch2_replication_replay_lag_b{dbname='$dbname'}[$__range]))",
          "interval": "",
          "legendFormat": "",
          "refId": "A"
        }
      ],
      "title": "Replication lag (max.)",
      "type": "stat"
    },
    {
      "datasource": null,
      "description": "Inactive repl. slots accumulate WAL files until disk space runs out. Re-animate the replica or use  pg_drop_replication_slot() to remove the slot so that Postgres can delete the un-needed WALs.",
      "fieldConfig": {
        "defaults": {
          "color": {
            "mode": "thresholds"
          },
          "mappings": [],
          "thresholds": {
            "mode": "absolute",
            "steps": [
              {
                "color": "dark-green",
                "value": null
              },
              {
                "color": "dark-red",
                "value": 1
              }
            ]
          },
          "unit": "short"
        },
        "overrides": []
      },
      "gridPos": {
        "h": 4,
        "w": 6,
        "x": 18,
        "y": 24
      },
      "id": 29,
      "options": {
        "colorMode": "value",
        "graphMode": "none",
        "justifyMode": "auto",
        "orientation": "auto",
        "reduceOptions": {
          "calcs": [
            "lastNotNull"
          ],
          "fields": "",
          "values": false
        },
        "text": {},
        "textMode": "auto"
      },
      "pluginVersion": "7.5.9",
      "targets": [
        {
          "exemplar": true,
          "expr": "max(pgwatch2_replication_slots_non_active_int{dbname='$dbname'})",
          "instant": true,
          "interval": "",
          "legendFormat": "",
          "refId": "A"
        }
      ],
      "title": "Inactive repl. slots",
      "type": "stat"
    }
  ],
  "schemaVersion": 27,
  "style": "dark",
  "tags": [
    "pgwatch2",
    "postgres"
  ],
  "templating": {
    "list": [
      {
        "allValue": null,
        "datasource": null,
        "definition": "label_values(dbname)",
        "description": null,
        "error": null,
        "hide": 0,
        "includeAll": false,
        "label": null,
        "multi": false,
        "name": "dbname",
        "options": [],
        "query": {
          "query": "label_values(dbname)",
          "refId": "StandardVariableQuery"
        },
        "refresh": 1,
        "regex": "",
        "skipUrlSync": false,
        "sort": 1,
        "tagValuesQuery": "",
        "tags": [],
        "tagsQuery": "",
        "type": "query",
        "useTags": false
      }
    ]
  },
  "time": {
    "from": "now-15m",
    "to": "now"
  },
  "timepicker": {},
  "timezone": "",
  "title": "Health-check",
  "uid": "health-check",
  "version": 1
}