{
  "annotations": {
    "list": [
      {
        "builtIn": 1,
        "datasource": "-- Grafana --",
        "enable": true,
        "hide": true,
        "iconColor": "rgba(0, 211, 255, 1)",
        "name": "Annotations & Alerts",
        "type": "dashboard"
      }
    ]
  },
  "editable": true,
  "gnetId": null,
  "graphTooltip": 0,
  "id": null,
  "links": [],
  "panels": [
    {
      "aliasColors": {},
      "bars": false,
      "dashLength": 10,
      "dashes": false,
      "datasource": null,
      "decimals": 1,
      "description": "NB! QPS is an approximation. Requires pg_stat_statements to be installed",
      "fieldConfig": {
        "defaults": {},
        "overrides": []
      },
      "fill": 1,
      "fillGradient": 0,
      "gridPos": {
        "h": 9,
        "w": 24,
        "x": 0,
        "y": 0
      },
      "hiddenSeries": false,
      "id": 2,
      "interval": "$agg_interval",
      "legend": {
        "alignAsTable": false,
        "avg": true,
        "current": false,
        "max": false,
        "min": false,
        "show": true,
        "total": false,
        "values": true
      },
      "lines": true,
      "linewidth": 1,
      "nullPointMode": "null",
      "options": {
        "alertThreshold": true
      },
      "percentage": false,
      "pluginVersion": "7.5.9",
      "pointradius": 2,
      "points": false,
      "renderer": "flot",
      "seriesOverrides": [],
      "spaceLength": 10,
      "stack": false,
      "steppedLine": false,
      "targets": [
        {
          "exemplar": true,
          "expr": "avg(rate(pgwatch2_db_stats_xact_commit{dbname='$dbname'}[$agg_interval])) + avg(rate(pgwatch2_db_stats_xact_rollback{dbname='$dbname'}[$agg_interval]))",
          "interval": "",
          "legendFormat": "TPS",
          "refId": "A"
        },
        {
          "exemplar": true,
          "expr": "avg(rate(pgwatch2_stat_statements_calls_calls{dbname='$dbname'}[$agg_interval]))",
          "hide": false,
          "interval": "",
          "legendFormat": "QPS",
          "refId": "B"
        }
      ],
      "thresholds": [],
      "timeFrom": null,
      "timeRegions": [],
      "timeShift": null,
      "title": "TPS / QPS ($agg_interval avg.)",
      "tooltip": {
        "shared": true,
        "sort": 2,
        "value_type": "individual"
      },
      "type": "graph",
      "xaxis": {
        "buckets": null,
        "mode": "time",
        "name": null,
        "show": true,
        "values": []
      },
      "yaxes": [
        {
          "$$hashKey": "object:64",
          "format": "short",
          "label": null,
          "logBase": 1,
          "max": null,
          "min": null,
          "show": true
        },
        {
          "$$hashKey": "object:65",
          "format": "short",
          "label": null,
          "logBase": 1,
          "max": null,
          "min": null,
          "show": true
        }
      ],
      "yaxis": {
        "align": false,
        "alignLevel": null
      }
    },
    {
      "aliasColors": {
        "Active": "light-yellow",
        "Deadlocks": "dark-orange",
        "Idle in TX": "light-red",
        "Max. configured": "super-light-blue",
        "Waiting": "dark-red"
      },
      "bars": false,
      "dashLength": 10,
      "dashes": false,
      "datasource": null,
      "decimals": 0,
      "description": "",
      "fieldConfig": {
        "defaults": {},
        "overrides": []
      },
      "fill": 1,
      "fillGradient": 0,
      "gridPos": {
        "h": 9,
        "w": 24,
        "x": 0,
        "y": 9
      },
      "hiddenSeries": false,
      "id": 3,
      "interval": "$agg_interval",
      "legend": {
        "alignAsTable": false,
        "avg": true,
        "current": false,
        "max": true,
        "min": false,
        "rightSide": false,
        "show": true,
        "total": false,
        "values": true
      },
      "lines": true,
      "linewidth": 1,
      "nullPointMode": "null",
      "options": {
        "alertThreshold": true
      },
      "percentage": false,
      "pluginVersion": "7.5.9",
      "pointradius": 2,
      "points": false,
      "renderer": "flot",
      "seriesOverrides": [],
      "spaceLength": 10,
      "stack": false,
      "steppedLine": false,
      "targets": [
        {
          "exemplar": true,
          "expr": "max(max_over_time(pgwatch2_backends_total{dbname='$dbname'}[$agg_interval]))",
          "interval": "",
          "legendFormat": "Total",
          "refId": "A"
        },
        {
          "exemplar": true,
          "expr": "max(max_over_time(pgwatch2_backends_active{dbname='$dbname'}[$agg_interval]))",
          "hide": false,
          "interval": "",
          "legendFormat": "Active",
          "refId": "B"
        },
        {
          "exemplar": true,
          "expr": "max(pgwatch2_backends_max_connections{dbname='$dbname'})",
          "hide": false,
          "interval": "",
          "legendFormat": "max_connections",
          "refId": "C"
        },
        {
          "exemplar": true,
          "expr": "max(max_over_time(pgwatch2_backends_waiting{dbname='$dbname'}[$agg_interval]))",
          "hide": false,
          "interval": "",
          "legendFormat": "Waiting",
          "refId": "D"
        },
        {
          "exemplar": true,
          "expr": "max(max_over_time(pgwatch2_backends_idleintransaction{dbname='$dbname'}[$agg_interval]))",
          "hide": false,
          "interval": "",
          "legendFormat": "Idle in TX",
          "refId": "E"
        },
        {
          "exemplar": true,
          "expr": "max(increase(pgwatch2_db_stats_deadlocks{dbname='$dbname'}[$agg_interval]))",
          "hide": false,
          "interval": "",
          "legendFormat": "Deadlocks",
          "refId": "F"
        }
      ],
      "thresholds": [],
      "timeFrom": null,
      "timeRegions": [],
      "timeShift": null,
      "title": "Session activity ($agg_interval max., log base 2)",
      "tooltip": {
        "shared": true,
        "sort": 2,
        "value_type": "individual"
      },
      "type": "graph",
      "xaxis": {
        "buckets": null,
        "mode": "time",
        "name": null,
        "show": true,
        "values": []
      },
      "yaxes": [
        {
          "$$hashKey": "object:64",
          "format": "short",
          "label": null,
          "logBase": 2,
          "max": null,
          "min": null,
          "show": true
        },
        {
          "$$hashKey": "object:65",
          "format": "short",
          "label": null,
          "logBase": 1,
          "max": null,
          "min": null,
          "show": true
        }
      ],
      "yaxis": {
        "align": false,
        "alignLevel": null
      }
    },
    {
      "aliasColors": {
        "Longest query ": "semi-dark-red",
        "Longest query duration": "semi-dark-red"
      },
      "bars": false,
      "dashLength": 10,
      "dashes": false,
      "datasource": null,
      "fieldConfig": {
        "defaults": {},
        "overrides": []
      },
      "fill": 1,
      "fillGradient": 0,
      "gridPos": {
        "h": 9,
        "w": 24,
        "x": 0,
        "y": 18
      },
      "hiddenSeries": false,
      "id": 5,
      "interval": "$agg_interval",
      "legend": {
        "avg": true,
        "current": false,
        "max": false,
        "min": false,
        "show": true,
        "total": false,
        "values": true
      },
      "lines": true,
      "linewidth": 1,
      "nullPointMode": "null as zero",
      "options": {
        "alertThreshold": true
      },
      "percentage": false,
      "pluginVersion": "7.5.9",
      "pointradius": 2,
      "points": false,
      "renderer": "flot",
      "seriesOverrides": [],
      "spaceLength": 10,
      "stack": false,
      "steppedLine": false,
      "targets": [
        {
          "exemplar": true,
          "expr": "max(max_over_time(pgwatch2_backends_longest_query_seconds{dbname='$dbname'}[$agg_interval]))",
          "interval": "",
          "legendFormat": "Longest query ",
          "refId": "A"
        },
        {
          "exemplar": true,
          "expr": "max(avg_over_time(pgwatch2_backends_avg_query_seconds{dbname='$dbname'}[$agg_interval]))",
          "hide": false,
          "interval": "",
          "legendFormat": "Avg. query",
          "refId": "B"
        }
      ],
      "thresholds": [],
      "timeFrom": null,
      "timeRegions": [],
      "timeShift": null,
      "title": "Longest query duration",
      "tooltip": {
        "shared": true,
        "sort": 2,
        "value_type": "individual"
      },
      "type": "graph",
      "xaxis": {
        "buckets": null,
        "mode": "time",
        "name": null,
        "show": true,
        "values": []
      },
      "yaxes": [
        {
          "$$hashKey": "object:557",
          "format": "s",
          "label": null,
          "logBase": 1,
          "max": null,
          "min": null,
          "show": true
        },
        {
          "$$hashKey": "object:558",
          "format": "short",
          "label": null,
          "logBase": 1,
          "max": null,
          "min": null,
          "show": false
        }
      ],
      "yaxis": {
        "align": false,
        "alignLevel": null
      }
    },
    {
      "aliasColors": {
        "Avg. TX": "super-light-yellow",
        "Longest TX": "light-blue",
        "Longest query duration": "semi-dark-red"
      },
      "bars": false,
      "dashLength": 10,
      "dashes": false,
      "datasource": null,
      "description": "",
      "fieldConfig": {
        "defaults": {},
        "overrides": []
      },
      "fill": 1,
      "fillGradient": 0,
      "gridPos": {
        "h": 9,
        "w": 24,
        "x": 0,
        "y": 27
      },
      "hiddenSeries": false,
      "id": 7,
      "interval": "$agg_interval",
      "legend": {
        "avg": true,
        "current": false,
        "max": false,
        "min": false,
        "show": true,
        "total": false,
        "values": true
      },
      "lines": true,
      "linewidth": 1,
      "nullPointMode": "null as zero",
      "options": {
        "alertThreshold": true
      },
      "percentage": false,
      "pluginVersion": "7.5.9",
      "pointradius": 2,
      "points": false,
      "renderer": "flot",
      "seriesOverrides": [],
      "spaceLength": 10,
      "stack": false,
      "steppedLine": false,
      "targets": [
        {
          "exemplar": true,
          "expr": "max(max_over_time(pgwatch2_backends_longest_tx_seconds{dbname='$dbname'}[$agg_interval]))",
          "interval": "",
          "legendFormat": "Longest TX",
          "refId": "A"
        },
        {
          "exemplar": true,
          "expr": "max(avg_over_time(pgwatch2_backends_avg_tx_seconds{dbname='$dbname'}[$agg_interval]))",
          "hide": false,
          "interval": "",
          "legendFormat": "Avg. TX",
          "refId": "B"
        }
      ],
      "thresholds": [],
      "timeFrom": null,
      "timeRegions": [],
      "timeShift": null,
      "title": "Longest TX duration",
      "tooltip": {
        "shared": true,
        "sort": 2,
        "value_type": "individual"
      },
      "type": "graph",
      "xaxis": {
        "buckets": null,
        "mode": "time",
        "name": null,
        "show": true,
        "values": []
      },
      "yaxes": [
        {
          "$$hashKey": "object:557",
          "format": "s",
          "label": null,
          "logBase": 1,
          "max": null,
          "min": null,
          "show": true
        },
        {
          "$$hashKey": "object:558",
          "format": "short",
          "label": null,
          "logBase": 1,
          "max": null,
          "min": null,
          "show": true
        }
      ],
      "yaxis": {
        "align": false,
        "alignLevel": null
      }
    },
    {
      "aliasColors": {
        "Avg. TX": "super-light-yellow",
        "Longest TX": "light-blue",
        "Longest query duration": "semi-dark-red"
      },
      "bars": false,
      "dashLength": 10,
      "dashes": false,
      "datasource": null,
      "description": "",
      "fieldConfig": {
        "defaults": {},
        "overrides": []
      },
      "fill": 1,
      "fillGradient": 0,
      "gridPos": {
        "h": 9,
        "w": 24,
        "x": 0,
        "y": 36
      },
      "hiddenSeries": false,
      "id": 9,
      "interval": "$agg_interval",
      "legend": {
        "avg": true,
        "current": false,
        "max": false,
        "min": false,
        "show": true,
        "total": false,
        "values": true
      },
      "lines": true,
      "linewidth": 1,
      "nullPointMode": "null as zero",
      "options": {
        "alertThreshold": true
      },
      "percentage": false,
      "pluginVersion": "7.5.9",
      "pointradius": 2,
      "points": false,
      "renderer": "flot",
      "seriesOverrides": [],
      "spaceLength": 10,
      "stack": false,
      "steppedLine": false,
      "targets": [
        {
          "exemplar": true,
          "expr": "max(max_over_time(pgwatch2_backends_longest_session_seconds{dbname='$dbname'}[$agg_interval]))",
          "interval": "",
          "legendFormat": "Longest session",
          "refId": "A"
        },
        {
          "exemplar": true,
          "expr": "max(avg_over_time(pgwatch2_backends_avg_session_seconds{dbname='$dbname'}[$agg_interval]))",
          "hide": false,
          "interval": "",
          "legendFormat": "Avg. session",
          "refId": "B"
        }
      ],
      "thresholds": [],
      "timeFrom": null,
      "timeRegions": [],
      "timeShift": null,
      "title": "Longest session duration",
      "tooltip": {
        "shared": true,
        "sort": 2,
        "value_type": "individual"
      },
      "type": "graph",
      "xaxis": {
        "buckets": null,
        "mode": "time",
        "name": null,
        "show": true,
        "values": []
      },
      "yaxes": [
        {
          "$$hashKey": "object:557",
          "format": "s",
          "label": null,
          "logBase": 1,
          "max": null,
          "min": null,
          "show": true
        },
        {
          "$$hashKey": "object:558",
          "format": "short",
          "label": null,
          "logBase": 1,
          "max": null,
          "min": null,
          "show": true
        }
      ],
      "yaxis": {
        "align": false,
        "alignLevel": null
      }
    },
    {
      "aliasColors": {
        "Longest query duration": "semi-dark-red"
      },
      "bars": false,
      "dashLength": 10,
      "dashes": false,
      "datasource": null,
      "description": "\"No data\" means no waiting detected",
      "fieldConfig": {
        "defaults": {},
        "overrides": []
      },
      "fill": 1,
      "fillGradient": 0,
      "gridPos": {
        "h": 9,
        "w": 24,
        "x": 0,
        "y": 45
      },
      "hiddenSeries": false,
      "id": 6,
      "interval": "$agg_interval",
      "legend": {
        "avg": true,
        "current": false,
        "max": false,
        "min": false,
        "show": true,
        "total": false,
        "values": true
      },
      "lines": true,
      "linewidth": 1,
      "nullPointMode": "null",
      "options": {
        "alertThreshold": true
      },
      "percentage": false,
      "pluginVersion": "7.5.9",
      "pointradius": 2,
      "points": false,
      "renderer": "flot",
      "seriesOverrides": [],
      "spaceLength": 10,
      "stack": false,
      "steppedLine": false,
      "targets": [
        {
          "exemplar": true,
          "expr": "max(max_over_time(pgwatch2_backends_longest_waiting_seconds{dbname='$dbname'}[$agg_interval]))",
          "interval": "",
          "legendFormat": "Longest wait duration",
          "refId": "A"
        },
        {
          "exemplar": true,
          "expr": "max(avg_over_time(pgwatch2_backends_avg_waiting_seconds{dbname='$dbname'}[$agg_interval]))",
          "hide": false,
          "instant": false,
          "interval": "",
          "legendFormat": "Avg. wait duration",
          "refId": "B"
        }
      ],
      "thresholds": [],
      "timeFrom": null,
      "timeRegions": [],
      "timeShift": null,
      "title": "Longest wait duration",
      "tooltip": {
        "shared": true,
        "sort": 2,
        "value_type": "individual"
      },
      "type": "graph",
      "xaxis": {
        "buckets": null,
        "mode": "time",
        "name": null,
        "show": true,
        "values": []
      },
      "yaxes": [
        {
          "$$hashKey": "object:557",
          "format": "s",
          "label": null,
          "logBase": 1,
          "max": null,
          "min": "0",
          "show": true
        },
        {
          "$$hashKey": "object:558",
          "format": "short",
          "label": null,
          "logBase": 1,
          "max": null,
          "min": null,
          "show": true
        }
      ],
      "yaxis": {
        "align": false,
        "alignLevel": null
      }
    },
    {
      "aliasColors": {
        "Longest query duration": "semi-dark-red"
      },
      "bars": false,
      "dashLength": 10,
      "dashes": false,
      "datasource": null,
      "description": "",
      "fieldConfig": {
        "defaults": {},
        "overrides": []
      },
      "fill": 1,
      "fillGradient": 0,
      "gridPos": {
        "h": 9,
        "w": 24,
        "x": 0,
        "y": 54
      },
      "hiddenSeries": false,
      "id": 8,
      "interval": null,
      "legend": {
        "avg": true,
        "current": false,
        "max": false,
        "min": false,
        "show": true,
        "total": false,
        "values": true
      },
      "lines": true,
      "linewidth": 1,
      "nullPointMode": "null as zero",
      "options": {
        "alertThreshold": true
      },
      "percentage": false,
      "pluginVersion": "7.5.9",
      "pointradius": 2,
      "points": false,
      "renderer": "flot",
      "seriesOverrides": [
        {
          "$$hashKey": "object:1365",
          "alias": "Active AV workers",
          "yaxis": 2
        }
      ],
      "spaceLength": 10,
      "stack": false,
      "steppedLine": false,
      "targets": [
        {
          "exemplar": true,
          "expr": "max(avg_over_time(pgwatch2_backends_longest_autovacuum_seconds{dbname='$dbname'}[$agg_interval]))",
          "hide": false,
          "interval": "",
          "legendFormat": "AV duration",
          "refId": "A"
        },
        {
          "exemplar": true,
          "expr": "max(max_over_time(pgwatch2_backends_av_workers{dbname='$dbname'}[$agg_interval]))",
          "hide": false,
          "interval": "",
          "legendFormat": "Active AV workers",
          "refId": "C"
        }
      ],
      "thresholds": [],
      "timeFrom": null,
      "timeRegions": [],
      "timeShift": null,
      "title": "Autovacuum max. duration / # workers",
      "tooltip": {
        "shared": true,
        "sort": 2,
        "value_type": "individual"
      },
      "type": "graph",
      "xaxis": {
        "buckets": null,
        "mode": "time",
        "name": null,
        "show": true,
        "values": []
      },
      "yaxes": [
        {
          "$$hashKey": "object:557",
          "format": "s",
          "label": null,
          "logBase": 1,
          "max": null,
          "min": "0",
          "show": true
        },
        {
          "$$hashKey": "object:558",
          "format": "short",
          "label": null,
          "logBase": 1,
          "max": "20",
          "min": "0",
          "show": true
        }
      ],
      "yaxis": {
        "align": false,
        "alignLevel": null
      }
    }
  ],
  "refresh": false,
  "schemaVersion": 27,
  "style": "dark",
  "tags": [
    "pgwatch2",
    "postgres"
  ],
  "templating": {
    "list": [
      {
        "allValue": null,
        "datasource": null,
        "definition": "label_values(dbname)",
        "description": null,
        "error": null,
        "hide": 0,
        "includeAll": false,
        "label": null,
        "multi": false,
        "name": "dbname",
        "options": [],
        "query": {
          "query": "label_values(dbname)",
          "refId": "StandardVariableQuery"
        },
        "refresh": 1,
        "regex": "",
        "skipUrlSync": false,
        "sort": 1,
        "tagValuesQuery": "",
        "tags": [],
        "tagsQuery": "",
        "type": "query",
        "useTags": false
      },
      {
        "auto": false,
        "auto_count": 30,
        "auto_min": "10s",
        "current": {
          "selected": false,
          "text": "10m",
          "value": "10m"
        },
        "description": null,
        "error": null,
        "hide": 0,
        "label": null,
        "name": "agg_interval",
        "options": [
          {
            "selected": false,
            "text": "1m",
            "value": "1m"
          },
          {
            "selected": false,
            "text": "5m",
            "value": "5m"
          },
          {
            "selected": true,
            "text": "10m",
            "value": "10m"
          },
          {
            "selected": false,
            "text": "15m",
            "value": "15m"
          },
          {
            "selected": false,
            "text": "30m",
            "value": "30m"
          },
          {
            "selected": false,
            "text": "1h",
            "value": "1h"
          },
          {
            "selected": false,
            "text": "6h",
            "value": "6h"
          },
          {
            "selected": false,
            "text": "12h",
            "value": "12h"
          },
          {
            "selected": false,
            "text": "1d",
            "value": "1d"
          }
        ],
        "query": "1m,5m,10m,15m,30m,1h,6h,12h,1d",
        "queryValue": "",
        "refresh": 2,
        "skipUrlSync": false,
        "type": "interval"
      }
    ]
  },
  "time": {
    "from": "now-24h",
    "to": "now"
  },
  "timepicker": {},
  "timezone": "",
  "title": "Sessions overview",
  "uid": "sessions-overview",
  "version": 1
}