{
  "annotations": {
    "list": [
      {
        "builtIn": 1,
        "datasource": "-- Grafana --",
        "enable": true,
        "hide": true,
        "iconColor": "rgba(0, 211, 255, 1)",
        "name": "Annotations & Alerts",
        "type": "dashboard"
      }
    ]
  },
  "editable": true,
  "gnetId": null,
  "graphTooltip": 0,
  "id": null,
  "links": [],
  "panels": [
    {
      "aliasColors": {},
      "bars": false,
      "dashLength": 10,
      "dashes": false,
      "datasource": null,
      "decimals": 1,
      "fieldConfig": {
        "defaults": {
          "unit": "short"
        },
        "overrides": []
      },
      "fill": 1,
      "fillGradient": 0,
      "gridPos": {
        "h": 9,
        "w": 24,
        "x": 0,
        "y": 0
      },
      "hiddenSeries": false,
      "id": 2,
      "interval": "$agg_interval",
      "legend": {
        "alignAsTable": false,
        "avg": true,
        "current": false,
        "hideEmpty": false,
        "hideZero": false,
        "max": false,
        "min": false,
        "show": true,
        "total": false,
        "values": true
      },
      "lines": true,
      "linewidth": 1,
      "nullPointMode": "null",
      "options": {
        "alertThreshold": true
      },
      "percentage": false,
      "pluginVersion": "7.5.9",
      "pointradius": 2,
      "points": false,
      "renderer": "flot",
      "seriesOverrides": [],
      "spaceLength": 10,
      "stack": false,
      "steppedLine": false,
      "targets": [
        {
          "exemplar": true,
          "expr": "max(increase(pgwatch2_table_stats_n_tup_ins{dbname='$dbname',table_full_name=\"$table\"}[$agg_interval]))",
          "interval": "",
          "legendFormat": "INS",
          "refId": "A"
        },
        {
          "exemplar": true,
          "expr": "max(increase(pgwatch2_table_stats_n_tup_upd{dbname='$dbname',table_full_name=\"$table\"}[$agg_interval]))",
          "hide": false,
          "interval": "",
          "legendFormat": "UPD",
          "refId": "B"
        },
        {
          "exemplar": true,
          "expr": "max(increase(pgwatch2_table_stats_n_tup_del{dbname='$dbname',table_full_name=\"$table\"}[$agg_interval]))",
          "hide": false,
          "interval": "",
          "legendFormat": "DEL",
          "refId": "C"
        }
      ],
      "thresholds": [],
      "timeFrom": null,
      "timeRegions": [],
      "timeShift": null,
      "title": "IUD ($agg_interval tot.)",
      "tooltip": {
        "shared": true,
        "sort": 2,
        "value_type": "individual"
      },
      "type": "graph",
      "xaxis": {
        "buckets": null,
        "mode": "time",
        "name": null,
        "show": true,
        "values": []
      },
      "yaxes": [
        {
          "$$hashKey": "object:76",
          "format": "short",
          "label": null,
          "logBase": 1,
          "max": null,
          "min": null,
          "show": true
        },
        {
          "$$hashKey": "object:77",
          "format": "short",
          "label": null,
          "logBase": 1,
          "max": null,
          "min": null,
          "show": false
        }
      ],
      "yaxis": {
        "align": false,
        "alignLevel": null
      }
    },
    {
      "aliasColors": {},
      "bars": false,
      "dashLength": 10,
      "dashes": false,
      "datasource": null,
      "fieldConfig": {
        "defaults": {
          "unit": "short"
        },
        "overrides": []
      },
      "fill": 1,
      "fillGradient": 0,
      "gridPos": {
        "h": 9,
        "w": 24,
        "x": 0,
        "y": 9
      },
      "hiddenSeries": false,
      "id": 3,
      "interval": "$agg_interval",
      "legend": {
        "alignAsTable": false,
        "avg": true,
        "current": false,
        "hideEmpty": false,
        "hideZero": false,
        "max": false,
        "min": false,
        "show": true,
        "total": false,
        "values": true
      },
      "lines": true,
      "linewidth": 1,
      "nullPointMode": "null",
      "options": {
        "alertThreshold": true
      },
      "percentage": false,
      "pluginVersion": "7.5.9",
      "pointradius": 2,
      "points": false,
      "renderer": "flot",
      "seriesOverrides": [],
      "spaceLength": 10,
      "stack": false,
      "steppedLine": false,
      "targets": [
        {
          "exemplar": true,
          "expr": "max(increase(pgwatch2_table_stats_seq_scan{dbname='$dbname',table_full_name=\"$table\"}[$agg_interval]))",
          "interval": "",
          "legendFormat": "seq_scan",
          "refId": "A"
        }
      ],
      "thresholds": [],
      "timeFrom": null,
      "timeRegions": [],
      "timeShift": null,
      "title": "Seq. scans ($agg_interval tot.)",
      "tooltip": {
        "shared": true,
        "sort": 2,
        "value_type": "individual"
      },
      "type": "graph",
      "xaxis": {
        "buckets": null,
        "mode": "time",
        "name": null,
        "show": true,
        "values": []
      },
      "yaxes": [
        {
          "$$hashKey": "object:76",
          "format": "short",
          "label": null,
          "logBase": 1,
          "max": null,
          "min": null,
          "show": true
        },
        {
          "$$hashKey": "object:77",
          "format": "short",
          "label": null,
          "logBase": 1,
          "max": null,
          "min": null,
          "show": true
        }
      ],
      "yaxis": {
        "align": false,
        "alignLevel": null
      }
    },
    {
      "aliasColors": {},
      "bars": false,
      "dashLength": 10,
      "dashes": false,
      "datasource": null,
      "description": "",
      "fieldConfig": {
        "defaults": {
          "unit": "bytes"
        },
        "overrides": []
      },
      "fill": 1,
      "fillGradient": 0,
      "gridPos": {
        "h": 9,
        "w": 24,
        "x": 0,
        "y": 18
      },
      "hiddenSeries": false,
      "id": 4,
      "interval": "$agg_interval",
      "legend": {
        "alignAsTable": false,
        "avg": true,
        "current": false,
        "hideEmpty": false,
        "hideZero": false,
        "max": false,
        "min": false,
        "show": true,
        "total": false,
        "values": true
      },
      "lines": true,
      "linewidth": 1,
      "nullPointMode": "null",
      "options": {
        "alertThreshold": true
      },
      "percentage": false,
      "pluginVersion": "7.5.9",
      "pointradius": 2,
      "points": false,
      "renderer": "flot",
      "seriesOverrides": [],
      "spaceLength": 10,
      "stack": false,
      "steppedLine": false,
      "targets": [
        {
          "exemplar": true,
          "expr": "max(pgwatch2_table_stats_table_size_b{dbname='$dbname',table_full_name=\"$table\"})",
          "interval": "",
          "legendFormat": "table_size",
          "refId": "A"
        },
        {
          "exemplar": true,
          "expr": "max(pgwatch2_table_stats_total_relation_size_b{dbname='$dbname',table_full_name=\"$table\"})",
          "hide": false,
          "interval": "",
          "legendFormat": "total_relation_size",
          "refId": "B"
        }
      ],
      "thresholds": [],
      "timeFrom": null,
      "timeRegions": [],
      "timeShift": null,
      "title": "Size",
      "tooltip": {
        "shared": true,
        "sort": 2,
        "value_type": "individual"
      },
      "type": "graph",
      "xaxis": {
        "buckets": null,
        "mode": "time",
        "name": null,
        "show": true,
        "values": []
      },
      "yaxes": [
        {
          "$$hashKey": "object:76",
          "format": "bytes",
          "label": null,
          "logBase": 1,
          "max": null,
          "min": null,
          "show": true
        },
        {
          "$$hashKey": "object:77",
          "format": "short",
          "label": null,
          "logBase": 1,
          "max": null,
          "min": null,
          "show": true
        }
      ],
      "yaxis": {
        "align": false,
        "alignLevel": null
      }
    },
    {
      "aliasColors": {},
      "bars": false,
      "dashLength": 10,
      "dashes": false,
      "datasource": null,
      "decimals": 1,
      "description": "",
      "fieldConfig": {
        "defaults": {
          "unit": "percent"
        },
        "overrides": []
      },
      "fill": 1,
      "fillGradient": 0,
      "gridPos": {
        "h": 9,
        "w": 24,
        "x": 0,
        "y": 27
      },
      "hiddenSeries": false,
      "id": 5,
      "interval": "$agg_interval",
      "legend": {
        "alignAsTable": false,
        "avg": true,
        "current": false,
        "hideEmpty": true,
        "hideZero": false,
        "max": false,
        "min": false,
        "show": true,
        "total": false,
        "values": true
      },
      "lines": true,
      "linewidth": 1,
      "nullPointMode": "connected",
      "options": {
        "alertThreshold": true
      },
      "percentage": false,
      "pluginVersion": "7.5.9",
      "pointradius": 2,
      "points": false,
      "renderer": "flot",
      "seriesOverrides": [],
      "spaceLength": 10,
      "stack": false,
      "steppedLine": false,
      "targets": [
        {
          "exemplar": true,
          "expr": "100 * max(increase(pgwatch2_table_io_stats_heap_blks_hit{dbname='$dbname',table_full_name=\"$table\"}[$agg_interval])) / max((increase(pgwatch2_table_io_stats_heap_blks_hit{dbname='$dbname',table_full_name=\"$table\"}[$agg_interval])) + max(increase(pgwatch2_table_io_stats_heap_blks_read{dbname='$dbname',table_full_name=\"$table\"}[$agg_interval])))",
          "interval": "",
          "legendFormat": "heap",
          "refId": "A"
        },
        {
          "exemplar": true,
          "expr": "100 * max(increase(pgwatch2_table_io_stats_idx_blks_hit{dbname='$dbname',table_full_name=\"$table\"}[$agg_interval])) / max((increase(pgwatch2_table_io_stats_idx_blks_hit{dbname='$dbname',table_full_name=\"$table\"}[$agg_interval])) + max(increase(pgwatch2_table_io_stats_idx_blks_read{dbname='$dbname',table_full_name=\"$table\"}[$agg_interval])))",
          "hide": false,
          "interval": "",
          "legendFormat": "idx",
          "refId": "B"
        },
        {
          "exemplar": true,
          "expr": "100 * max(increase(pgwatch2_table_io_stats_toast_blks_hit{dbname='$dbname',table_full_name=\"$table\"}[$agg_interval])) / (max(increase(pgwatch2_table_io_stats_toast_blks_hit{dbname='$dbname',table_full_name=\"$table\"}[$agg_interval])) + max(increase(pgwatch2_table_io_stats_toast_blks_read{dbname='$dbname',table_full_name=\"$table\"}[$agg_interval])))",
          "hide": false,
          "interval": "",
          "legendFormat": "toast",
          "refId": "C"
        },
        {
          "exemplar": true,
          "expr": "100 * max(increase(pgwatch2_table_io_stats_tidx_blks_hit{dbname='$dbname',table_full_name=\"$table\"}[$agg_interval])) / (max(increase(pgwatch2_table_io_stats_tidx_blks_hit{dbname='$dbname',table_full_name=\"$table\"}[$agg_interval])) + max(increase(pgwatch2_table_io_stats_tidx_blks_read{dbname='$dbname',table_full_name=\"$table\"}[$agg_interval])))",
          "hide": false,
          "interval": "",
          "legendFormat": "tidx",
          "refId": "D"
        }
      ],
      "thresholds": [],
      "timeFrom": null,
      "timeRegions": [],
      "timeShift": null,
      "title": "Shared Buffers hit % ($agg_interval avg.)",
      "tooltip": {
        "shared": true,
        "sort": 2,
        "value_type": "individual"
      },
      "type": "graph",
      "xaxis": {
        "buckets": null,
        "mode": "time",
        "name": null,
        "show": true,
        "values": []
      },
      "yaxes": [
        {
          "$$hashKey": "object:76",
          "decimals": 1,
          "format": "percent",
          "label": null,
          "logBase": 1,
          "max": "110",
          "min": "0",
          "show": true
        },
        {
          "$$hashKey": "object:77",
          "format": "short",
          "label": null,
          "logBase": 1,
          "max": null,
          "min": null,
          "show": false
        }
      ],
      "yaxis": {
        "align": false,
        "alignLevel": null
      }
    },
    {
      "aliasColors": {},
      "bars": false,
      "dashLength": 10,
      "dashes": false,
      "datasource": null,
      "decimals": 1,
      "description": "Amount of block data read from the table, including cache and TOAST",
      "fieldConfig": {
        "defaults": {
          "unit": "bytes"
        },
        "overrides": []
      },
      "fill": 1,
      "fillGradient": 0,
      "gridPos": {
        "h": 9,
        "w": 24,
        "x": 0,
        "y": 36
      },
      "hiddenSeries": false,
      "id": 9,
      "interval": "$agg_interval",
      "legend": {
        "alignAsTable": false,
        "avg": true,
        "current": false,
        "hideEmpty": true,
        "hideZero": false,
        "max": false,
        "min": false,
        "show": true,
        "total": false,
        "values": true
      },
      "lines": true,
      "linewidth": 1,
      "nullPointMode": "connected",
      "options": {
        "alertThreshold": true
      },
      "percentage": false,
      "pluginVersion": "7.5.9",
      "pointradius": 2,
      "points": false,
      "renderer": "flot",
      "seriesOverrides": [],
      "spaceLength": 10,
      "stack": false,
      "steppedLine": false,
      "targets": [
        {
          "exemplar": true,
          "expr": "8192 * (max(increase(pgwatch2_table_io_stats_heap_blks_hit{dbname='$dbname',table_full_name=\"$table\"})) + max(increase(pgwatch2_table_io_stats_heap_blks_read{dbname='$dbname',table_full_name=\"$table\"})))",
          "interval": "",
          "legendFormat": "heap",
          "refId": "A"
        },
        {
          "exemplar": true,
          "expr": "8192 * (max(increase(pgwatch2_table_io_stats_idx_blks_hit{dbname='$dbname',table_full_name=\"$table\"})) + max(increase(pgwatch2_table_io_stats_idx_blks_read{dbname='$dbname',table_full_name=\"$table\"})))",
          "hide": false,
          "interval": "",
          "legendFormat": "idx",
          "refId": "B"
        },
        {
          "exemplar": true,
          "expr": "8192 * (max(increase(pgwatch2_table_io_stats_toast_blks_hit{dbname='$dbname',table_full_name=\"$table\"})) + max(increase(pgwatch2_table_io_stats_toast_blks_read{dbname='$dbname',table_full_name=\"$table\"})))",
          "hide": false,
          "interval": "",
          "legendFormat": "toast",
          "refId": "C"
        },
        {
          "exemplar": true,
          "expr": "8192 * (max(increase(pgwatch2_table_io_stats_tidx_blks_hit{dbname='$dbname',table_full_name=\"$table\"})) + max(increase(pgwatch2_table_io_stats_tidx_blks_read{dbname='$dbname',table_full_name=\"$table\"})))",
          "hide": false,
          "interval": "",
          "legendFormat": "tidx",
          "refId": "D"
        }
      ],
      "thresholds": [],
      "timeFrom": null,
      "timeRegions": [],
      "timeShift": null,
      "title": "Block bandwith ($agg_interval tot.)",
      "tooltip": {
        "shared": true,
        "sort": 2,
        "value_type": "individual"
      },
      "type": "graph",
      "xaxis": {
        "buckets": null,
        "mode": "time",
        "name": null,
        "show": true,
        "values": []
      },
      "yaxes": [
        {
          "$$hashKey": "object:76",
          "decimals": 1,
          "format": "bytes",
          "label": null,
          "logBase": 1,
          "max": null,
          "min": null,
          "show": true
        },
        {
          "$$hashKey": "object:77",
          "format": "short",
          "label": null,
          "logBase": 1,
          "max": null,
          "min": null,
          "show": true
        }
      ],
      "yaxis": {
        "align": false,
        "alignLevel": null
      }
    },
    {
      "datasource": null,
      "description": "Including both manual VACUUM and AUTOVACUUM",
      "fieldConfig": {
        "defaults": {
          "color": {
            "mode": "thresholds"
          },
          "mappings": [],
          "thresholds": {
            "mode": "absolute",
            "steps": [
              {
                "color": "green",
                "value": null
              },
              {
                "color": "dark-orange",
                "value": 2592000
              }
            ]
          },
          "unit": "dtdurations"
        },
        "overrides": []
      },
      "gridPos": {
        "h": 4,
        "w": 12,
        "x": 0,
        "y": 45
      },
      "id": 7,
      "options": {
        "colorMode": "value",
        "graphMode": "none",
        "justifyMode": "auto",
        "orientation": "auto",
        "reduceOptions": {
          "calcs": [
            "lastNotNull"
          ],
          "fields": "",
          "values": false
        },
        "text": {},
        "textMode": "auto"
      },
      "pluginVersion": "7.5.9",
      "targets": [
        {
          "exemplar": true,
          "expr": "pgwatch2_table_stats_seconds_since_last_vacuum{dbname='$dbname',table_full_name=\"$table\"}",
          "instant": true,
          "interval": "",
          "legendFormat": "",
          "refId": "A"
        }
      ],
      "timeFrom": null,
      "timeShift": null,
      "title": "Time since last VACUUM",
      "type": "stat"
    },
    {
      "datasource": null,
      "description": "Including both manual ANALYZE and AUTOVACUUM",
      "fieldConfig": {
        "defaults": {
          "color": {
            "mode": "thresholds"
          },
          "mappings": [],
          "thresholds": {
            "mode": "absolute",
            "steps": [
              {
                "color": "green",
                "value": null
              },
              {
                "color": "dark-orange",
                "value": 2592000
              }
            ]
          },
          "unit": "dtdurations"
        },
        "overrides": []
      },
      "gridPos": {
        "h": 4,
        "w": 12,
        "x": 12,
        "y": 45
      },
      "id": 8,
      "options": {
        "colorMode": "value",
        "graphMode": "none",
        "justifyMode": "auto",
        "orientation": "auto",
        "reduceOptions": {
          "calcs": [
            "lastNotNull"
          ],
          "fields": "",
          "values": false
        },
        "text": {},
        "textMode": "auto"
      },
      "pluginVersion": "7.5.9",
      "targets": [
        {
          "exemplar": true,
          "expr": "pgwatch2_table_stats_seconds_since_last_analyze{dbname='$dbname',table_full_name=\"$table\"}",
          "instant": true,
          "interval": "",
          "legendFormat": "",
          "refId": "A"
        }
      ],
      "timeFrom": null,
      "timeShift": null,
      "title": "Time since last ANALYZE",
      "type": "stat"
    }
  ],
  "refresh": false,
  "schemaVersion": 27,
  "style": "dark",
  "tags": [
    "pgwatch2",
    "postgres"
  ],
  "templating": {
    "list": [
      {
        "allValue": null,
        "datasource": null,
        "definition": "label_values(dbname)",
        "description": null,
        "error": null,
        "hide": 0,
        "includeAll": false,
        "label": null,
        "multi": false,
        "name": "dbname",
        "options": [],
        "query": {
          "query": "label_values(dbname)",
          "refId": "StandardVariableQuery"
        },
        "refresh": 1,
        "regex": "",
        "skipUrlSync": false,
        "sort": 1,
        "tagValuesQuery": "",
        "tags": [],
        "tagsQuery": "",
        "type": "query",
        "useTags": false
      },
      {
        "allValue": null,
        "current": {
          "selected": true,
          "text": "public.relationships",
          "value": "public.relationships"
        },
        "datasource": null,
        "definition": "label_values(pgwatch2_table_stats_seq_scan{dbname=~\"$dbname\"}, table_full_name) ",
        "description": null,
        "error": null,
        "hide": 0,
        "includeAll": false,
        "label": null,
        "multi": false,
        "name": "table",
        "options": [],
        "query": {
          "query": "label_values(pgwatch2_table_stats_seq_scan{dbname=~\"$dbname\"}, table_full_name) ",
          "refId": "StandardVariableQuery"
        },
        "refresh": 1,
        "regex": "",
        "skipUrlSync": false,
        "sort": 1,
        "tagValuesQuery": "",
        "tags": [],
        "tagsQuery": "",
        "type": "query",
        "useTags": false
      },
      {
        "auto": false,
        "auto_count": 30,
        "auto_min": "10s",
        "current": {
          "selected": false,
          "text": "10m",
          "value": "10m"
        },
        "description": null,
        "error": null,
        "hide": 0,
        "label": null,
        "name": "agg_interval",
        "options": [
          {
            "selected": false,
            "text": "1m",
            "value": "1m"
          },
          {
            "selected": false,
            "text": "5m",
            "value": "5m"
          },
          {
            "selected": true,
            "text": "10m",
            "value": "10m"
          },
          {
            "selected": false,
            "text": "15m",
            "value": "15m"
          },
          {
            "selected": false,
            "text": "30m",
            "value": "30m"
          },
          {
            "selected": false,
            "text": "1h",
            "value": "1h"
          },
          {
            "selected": false,
            "text": "6h",
            "value": "6h"
          },
          {
            "selected": false,
            "text": "12h",
            "value": "12h"
          },
          {
            "selected": false,
            "text": "1d",
            "value": "1d"
          },
          {
            "selected": false,
            "text": "7d",
            "value": "7d"
          },
          {
            "selected": false,
            "text": "14d",
            "value": "14d"
          },
          {
            "selected": false,
            "text": "30d",
            "value": "30d"
          }
        ],
        "query": "1m,5m,10m,15m,30m,1h,6h,12h,1d,7d,14d,30d",
        "queryValue": "",
        "refresh": 2,
        "skipUrlSync": false,
        "type": "interval"
      }
    ]
  },
  "time": {
    "from": "now-3h",
    "to": "now"
  },
  "timepicker": {},
  "timezone": "",
  "title": "Table details",
  "uid": "table-details",
  "version": 1
}