{
  "annotations": {
    "list": [
      {
        "builtIn": 1,
        "datasource": "-- Grafana --",
        "enable": true,
        "hide": true,
        "iconColor": "rgba(0, 211, 255, 1)",
        "name": "Annotations & Alerts",
        "type": "dashboard"
      }
    ]
  },
  "editable": true,
  "gnetId": null,
  "graphTooltip": 0,
  "id": null,
  "links": [],
  "panels": [
    {
      "datasource": null,
      "description": "i.e. including indexes",
      "fieldConfig": {
        "defaults": {
          "color": {
            "mode": "thresholds"
          },
          "custom": {
            "align": null,
            "filterable": false
          },
          "links": [
            {
              "targetBlank": true,
              "title": "Click to open  table in 'Table details'",
              "url": "/dashboard/db/table-details?orgId=1&var-dbname=$dbname&var-table=${__value.text}&${__url_time_range}"
            }
          ],
          "mappings": [],
          "thresholds": {
            "mode": "absolute",
            "steps": [
              {
                "color": "green",
                "value": null
              }
            ]
          },
          "unit": "bytes"
        },
        "overrides": []
      },
      "gridPos": {
        "h": 7,
        "w": 24,
        "x": 0,
        "y": 0
      },
      "id": 2,
      "interval": "10m",
      "options": {
        "showHeader": true,
        "sortBy": [
          {
            "desc": true,
            "displayName": "Value"
          }
        ]
      },
      "pluginVersion": "7.5.9",
      "targets": [
        {
          "exemplar": true,
          "expr": "max(topk($top, pgwatch2_table_stats_total_relation_size_b{dbname='$dbname'})) by (table_full_name)",
          "format": "table",
          "hide": false,
          "instant": true,
          "interval": "",
          "legendFormat": "",
          "refId": "B"
        }
      ],
      "title": "Total relation size (current)",
      "transformations": [
        {
          "id": "organize",
          "options": {
            "excludeByName": {
              "Time": true
            },
            "indexByName": {},
            "renameByName": {
              "Time": "",
              "Value": ""
            }
          }
        }
      ],
      "type": "table"
    },
    {
      "datasource": null,
      "description": "i.e. excluding indexes, but including TOAST + VM + FSM",
      "fieldConfig": {
        "defaults": {
          "color": {
            "mode": "thresholds"
          },
          "custom": {
            "align": null,
            "filterable": false
          },
          "links": [
            {
              "targetBlank": true,
              "title": "Click to open  table in 'Table details'",
              "url": "/dashboard/db/table-details?orgId=1&var-dbname=$dbname&var-table=${__value.text}&${__url_time_range}"
            }
          ],
          "mappings": [],
          "thresholds": {
            "mode": "absolute",
            "steps": [
              {
                "color": "green",
                "value": null
              }
            ]
          },
          "unit": "bytes"
        },
        "overrides": []
      },
      "gridPos": {
        "h": 7,
        "w": 24,
        "x": 0,
        "y": 7
      },
      "id": 4,
      "options": {
        "showHeader": true,
        "sortBy": [
          {
            "desc": true,
            "displayName": "Value"
          }
        ]
      },
      "pluginVersion": "7.5.9",
      "targets": [
        {
          "exemplar": true,
          "expr": "max(topk($top, pgwatch2_table_stats_table_size_b{dbname='$dbname'})) by (table_full_name)",
          "format": "table",
          "hide": false,
          "instant": true,
          "interval": "",
          "legendFormat": "",
          "refId": "B"
        }
      ],
      "title": "Table data size (current)",
      "transformations": [
        {
          "id": "organize",
          "options": {
            "excludeByName": {
              "Time": true
            },
            "indexByName": {},
            "renameByName": {
              "Time": "",
              "Value": ""
            }
          }
        }
      ],
      "type": "table"
    },
    {
      "datasource": null,
      "description": "",
      "fieldConfig": {
        "defaults": {
          "color": {
            "mode": "thresholds"
          },
          "custom": {
            "align": null,
            "filterable": false
          },
          "links": [
            {
              "targetBlank": true,
              "title": "Click to open  table in 'Table details'",
              "url": "/dashboard/db/table-details?orgId=1&var-dbname=$dbname&var-table=${__value.text}&${__url_time_range}"
            }
          ],
          "mappings": [],
          "thresholds": {
            "mode": "absolute",
            "steps": [
              {
                "color": "green",
                "value": null
              }
            ]
          },
          "unit": "bytes"
        },
        "overrides": []
      },
      "gridPos": {
        "h": 7,
        "w": 24,
        "x": 0,
        "y": 14
      },
      "id": 5,
      "interval": "1d",
      "maxDataPoints": null,
      "options": {
        "showHeader": true,
        "sortBy": [
          {
            "desc": true,
            "displayName": "Value"
          }
        ]
      },
      "pluginVersion": "7.5.9",
      "targets": [
        {
          "exemplar": true,
          "expr": "topk(3, max(delta(pgwatch2_table_stats_total_relation_size_b{dbname='$dbname'})) by (table_full_name))",
          "format": "table",
          "hide": false,
          "instant": false,
          "interval": "",
          "legendFormat": "",
          "refId": "B"
        }
      ],
      "title": "Total size growth (range)",
      "transformations": [
        {
          "id": "organize",
          "options": {
            "excludeByName": {
              "Time": true
            },
            "indexByName": {},
            "renameByName": {
              "Value #B": "Value"
            }
          }
        }
      ],
      "type": "table"
    },
    {
      "datasource": null,
      "fieldConfig": {
        "defaults": {
          "color": {
            "mode": "thresholds"
          },
          "custom": {
            "align": null,
            "filterable": false
          },
          "links": [
            {
              "targetBlank": true,
              "title": "Click to open  table in 'Table details'",
              "url": "/dashboard/db/table-details?orgId=1&var-dbname=$dbname&var-table=${__value.text}&${__url_time_range}"
            }
          ],
          "mappings": [],
          "thresholds": {
            "mode": "absolute",
            "steps": [
              {
                "color": "green",
                "value": null
              }
            ]
          },
          "unit": "short"
        },
        "overrides": []
      },
      "gridPos": {
        "h": 7,
        "w": 24,
        "x": 0,
        "y": 21
      },
      "id": 3,
      "interval": null,
      "maxDataPoints": 1,
      "options": {
        "showHeader": true,
        "sortBy": [
          {
            "desc": true,
            "displayName": "Value"
          }
        ]
      },
      "pluginVersion": "7.5.9",
      "targets": [
        {
          "exemplar": true,
          "expr": "topk($top, max(increase(pgwatch2_table_stats_seq_scan{dbname='$dbname',table_size_cardinality_mb=~\"3|4|5|6|7|8|9\"}[$__range])) by (table_full_name))",
          "format": "table",
          "hide": false,
          "instant": true,
          "interval": "",
          "legendFormat": "",
          "refId": "B"
        }
      ],
      "title": "Seq. scans (>100MB)",
      "transformations": [
        {
          "id": "organize",
          "options": {
            "excludeByName": {
              "Time": true
            },
            "indexByName": {},
            "renameByName": {
              "Time": "",
              "Value": ""
            }
          }
        }
      ],
      "type": "table"
    },
    {
      "datasource": null,
      "description": "Blocks read from file system. NB! Note that some of those reads come from the kernel buffercache still.",
      "fieldConfig": {
        "defaults": {
          "color": {
            "mode": "thresholds"
          },
          "custom": {
            "align": null,
            "filterable": false
          },
          "links": [
            {
              "targetBlank": true,
              "title": "Click to open  table in 'Table details'",
              "url": "/dashboard/db/table-details?orgId=1&var-dbname=$dbname&var-table=${__value.text}&${__url_time_range}"
            }
          ],
          "mappings": [],
          "thresholds": {
            "mode": "absolute",
            "steps": [
              {
                "color": "green",
                "value": null
              }
            ]
          },
          "unit": "bytes"
        },
        "overrides": []
      },
      "gridPos": {
        "h": 7,
        "w": 24,
        "x": 0,
        "y": 28
      },
      "id": 6,
      "maxDataPoints": 1,
      "options": {
        "showHeader": true,
        "sortBy": [
          {
            "desc": true,
            "displayName": "Value"
          }
        ]
      },
      "pluginVersion": "7.5.9",
      "targets": [
        {
          "exemplar": true,
          "expr": "8192 * topk($top, max(increase(pgwatch2_table_io_stats_heap_blks_read{dbname='$dbname'}[$__range])) by (table_full_name) + max(increase(pgwatch2_table_io_stats_idx_blks_read{dbname='$dbname'}[$__range])) by (table_full_name))",
          "format": "table",
          "hide": false,
          "instant": true,
          "interval": "",
          "legendFormat": "",
          "refId": "B"
        }
      ],
      "title": "Heap / idx block read bandwith",
      "transformations": [
        {
          "id": "organize",
          "options": {
            "excludeByName": {
              "Time": true
            },
            "indexByName": {},
            "renameByName": {
              "Time": "",
              "Value": ""
            }
          }
        }
      ],
      "type": "table"
    },
    {
      "datasource": null,
      "description": "Blocks read from file system. NB! Note that some of those reads come from the kernel buffercache still.",
      "fieldConfig": {
        "defaults": {
          "color": {
            "mode": "thresholds"
          },
          "custom": {
            "align": null,
            "filterable": false
          },
          "links": [
            {
              "targetBlank": true,
              "title": "Click to open  table in 'Table details'",
              "url": "/dashboard/db/table-details?orgId=1&var-dbname=$dbname&var-table=${__value.text}&${__url_time_range}"
            }
          ],
          "mappings": [],
          "thresholds": {
            "mode": "absolute",
            "steps": [
              {
                "color": "green",
                "value": null
              }
            ]
          },
          "unit": "bytes"
        },
        "overrides": []
      },
      "gridPos": {
        "h": 7,
        "w": 24,
        "x": 0,
        "y": 35
      },
      "id": 10,
      "maxDataPoints": 1,
      "options": {
        "showHeader": true,
        "sortBy": [
          {
            "desc": true,
            "displayName": "Value"
          }
        ]
      },
      "pluginVersion": "7.5.9",
      "targets": [
        {
          "exemplar": true,
          "expr": "8192 * topk($top, max(increase(pgwatch2_table_io_stats_toast_blks_read{dbname='$dbname'}[$__range])) by (table_full_name) + max(increase(pgwatch2_table_io_stats_tidx_blks_read{dbname='$dbname'}[$__range])) by (table_full_name))",
          "format": "table",
          "hide": false,
          "instant": true,
          "interval": "",
          "legendFormat": "",
          "refId": "B"
        }
      ],
      "title": "Toast / Tidx block read bandwith",
      "transformations": [
        {
          "id": "organize",
          "options": {
            "excludeByName": {
              "Time": true
            },
            "indexByName": {},
            "renameByName": {
              "Time": "",
              "Value": ""
            }
          }
        }
      ],
      "type": "table"
    },
    {
      "datasource": null,
      "description": "",
      "fieldConfig": {
        "defaults": {
          "color": {
            "mode": "thresholds"
          },
          "custom": {
            "align": null,
            "filterable": false
          },
          "links": [
            {
              "targetBlank": true,
              "title": "Click to open  table in 'Table details'",
              "url": "/dashboard/db/table-details?orgId=1&var-dbname=$dbname&var-table=${__value.text}&${__url_time_range}"
            }
          ],
          "mappings": [],
          "thresholds": {
            "mode": "absolute",
            "steps": [
              {
                "color": "green",
                "value": null
              }
            ]
          },
          "unit": "short"
        },
        "overrides": []
      },
      "gridPos": {
        "h": 7,
        "w": 24,
        "x": 0,
        "y": 42
      },
      "id": 7,
      "maxDataPoints": 1,
      "options": {
        "showHeader": true,
        "sortBy": [
          {
            "desc": true,
            "displayName": "Value"
          }
        ]
      },
      "pluginVersion": "7.5.9",
      "targets": [
        {
          "exemplar": true,
          "expr": "topk($top, max(increase(pgwatch2_table_stats_n_tup_ins{dbname='$dbname'}[$__range])) by (table_full_name))",
          "format": "table",
          "hide": false,
          "instant": true,
          "interval": "",
          "legendFormat": "",
          "refId": "B"
        }
      ],
      "title": "INSERT",
      "transformations": [
        {
          "id": "organize",
          "options": {
            "excludeByName": {
              "Time": true
            },
            "indexByName": {},
            "renameByName": {
              "Time": "",
              "Value": ""
            }
          }
        }
      ],
      "type": "table"
    },
    {
      "datasource": null,
      "description": "",
      "fieldConfig": {
        "defaults": {
          "color": {
            "mode": "thresholds"
          },
          "custom": {
            "align": null,
            "filterable": false
          },
          "links": [
            {
              "targetBlank": true,
              "title": "Click to open  table in 'Table details'",
              "url": "/dashboard/db/table-details?orgId=1&var-dbname=$dbname&var-table=${__value.text}&${__url_time_range}"
            }
          ],
          "mappings": [],
          "thresholds": {
            "mode": "absolute",
            "steps": [
              {
                "color": "green",
                "value": null
              }
            ]
          },
          "unit": "short"
        },
        "overrides": [
          {
            "matcher": {
              "id": "byName",
              "options": "table_full_name"
            },
            "properties": [
              {
                "id": "custom.width",
                "value": null
              }
            ]
          }
        ]
      },
      "gridPos": {
        "h": 7,
        "w": 24,
        "x": 0,
        "y": 49
      },
      "id": 8,
      "maxDataPoints": 1,
      "options": {
        "showHeader": true,
        "sortBy": [
          {
            "desc": true,
            "displayName": "Value"
          }
        ]
      },
      "pluginVersion": "7.5.9",
      "targets": [
        {
          "exemplar": true,
          "expr": "topk($top, max(increase(pgwatch2_table_stats_n_tup_upd{dbname='$dbname'}[$__range])) by (table_full_name))",
          "format": "table",
          "hide": false,
          "instant": true,
          "interval": "",
          "legendFormat": "",
          "refId": "B"
        }
      ],
      "title": "UPDATE",
      "transformations": [
        {
          "id": "organize",
          "options": {
            "excludeByName": {
              "Time": true
            },
            "indexByName": {},
            "renameByName": {
              "Time": "",
              "Value": ""
            }
          }
        }
      ],
      "type": "table"
    },
    {
      "datasource": null,
      "description": "",
      "fieldConfig": {
        "defaults": {
          "color": {
            "mode": "thresholds"
          },
          "custom": {
            "align": null,
            "filterable": false
          },
          "links": [
            {
              "targetBlank": true,
              "title": "Click to open  table in 'Table details'",
              "url": "/dashboard/db/table-details?orgId=1&var-dbname=$dbname&var-table=${__value.text}&${__url_time_range}"
            }
          ],
          "mappings": [],
          "thresholds": {
            "mode": "absolute",
            "steps": [
              {
                "color": "green",
                "value": null
              }
            ]
          },
          "unit": "short"
        },
        "overrides": []
      },
      "gridPos": {
        "h": 7,
        "w": 24,
        "x": 0,
        "y": 56
      },
      "id": 9,
      "maxDataPoints": 1,
      "options": {
        "showHeader": true,
        "sortBy": [
          {
            "desc": true,
            "displayName": "Value"
          }
        ]
      },
      "pluginVersion": "7.5.9",
      "targets": [
        {
          "exemplar": true,
          "expr": "topk($top, max(increase(pgwatch2_table_stats_n_tup_del{dbname='$dbname'}[$__range])) by (table_full_name))",
          "format": "table",
          "hide": false,
          "instant": true,
          "interval": "",
          "legendFormat": "",
          "refId": "B"
        }
      ],
      "title": "DELETE",
      "transformations": [
        {
          "id": "organize",
          "options": {
            "excludeByName": {
              "Time": true
            },
            "indexByName": {},
            "renameByName": {
              "Time": "",
              "Value": ""
            }
          }
        }
      ],
      "type": "table"
    }
  ],
  "schemaVersion": 27,
  "style": "dark",
  "tags": [
    "pgwatch2",
    "postgres"
  ],
  "templating": {
    "list": [
      {
        "allValue": null,
        "datasource": null,
        "definition": "label_values(dbname)",
        "description": null,
        "error": null,
        "hide": 0,
        "includeAll": false,
        "label": null,
        "multi": false,
        "name": "dbname",
        "options": [],
        "query": {
          "query": "label_values(dbname)",
          "refId": "StandardVariableQuery"
        },
        "refresh": 1,
        "regex": "",
        "skipUrlSync": false,
        "sort": 1,
        "tagValuesQuery": "",
        "tags": [],
        "tagsQuery": "",
        "type": "query",
        "useTags": false
      },
      {
        "allValue": null,
        "current": {
          "selected": true,
          "text": "5",
          "value": "5"
        },
        "description": null,
        "error": null,
        "hide": 0,
        "includeAll": false,
        "label": null,
        "multi": false,
        "name": "top",
        "options": [
          {
            "selected": false,
            "text": "1",
            "value": "1"
          },
          {
            "selected": false,
            "text": "3",
            "value": "3"
          },
          {
            "selected": true,
            "text": "5",
            "value": "5"
          },
          {
            "selected": false,
            "text": "10",
            "value": "10"
          },
          {
            "selected": false,
            "text": "20",
            "value": "20"
          }
        ],
        "query": "1,3,5,10,20",
        "queryValue": "",
        "skipUrlSync": false,
        "type": "custom"
      }
    ]
  },
  "time": {
    "from": "now-24h",
    "to": "now"
  },
  "timepicker": {},
  "timezone": "",
  "title": "Tables top",
  "uid": "tables-top",
  "version": 1
}