{
  "annotations": {
    "list": [
      {
        "builtIn": 1,
        "datasource": "-- Grafana --",
        "enable": true,
        "hide": true,
        "iconColor": "rgba(0, 211, 255, 1)",
        "name": "Annotations & Alerts",
        "type": "dashboard"
      }
    ]
  },
  "description": "Only \"pg_stat_statements\" extension expected",
  "editable": true,
  "gnetId": null,
  "graphTooltip": 0,
  "id": null,
  "links": [],
  "panels": [
    {
      "cacheTimeout": null,
      "datasource": null,
      "description": "Current Transaction Per Second",
      "fieldConfig": {
        "defaults": {
          "color": {
            "mode": "thresholds"
          },
          "decimals": 1,
          "mappings": [
            {
              "id": 0,
              "op": "=",
              "text": "N/A",
              "type": 1,
              "value": "null"
            }
          ],
          "thresholds": {
            "mode": "absolute",
            "steps": [
              {
                "color": "green",
                "value": null
              }
            ]
          },
          "unit": "short"
        },
        "overrides": []
      },
      "gridPos": {
        "h": 3,
        "w": 4,
        "x": 0,
        "y": 0
      },
      "id": 1,
      "interval": "$agg_interval",
      "links": [],
      "maxDataPoints": null,
      "options": {
        "colorMode": "value",
        "graphMode": "area",
        "justifyMode": "auto",
        "orientation": "horizontal",
        "reduceOptions": {
          "calcs": [
            "lastNotNull"
          ],
          "fields": "",
          "values": false
        },
        "text": {},
        "textMode": "auto"
      },
      "pluginVersion": "7.5.9",
      "targets": [
        {
          "alias": "TPS",
          "dsType": "influxdb",
          "exemplar": true,
          "expr": "avg(rate(pgwatch2_db_stats_xact_commit{dbname='$dbname'}[$agg_interval])) + avg(rate(pgwatch2_db_stats_xact_rollback{dbname='$dbname'}[$agg_interval]))",
          "format": "time_series",
          "groupBy": [
            {
              "params": [
                "$interval"
              ],
              "type": "time"
            },
            {
              "params": [
                "null"
              ],
              "type": "fill"
            }
          ],
          "interval": "$agg_interval",
          "intervalFactor": 1,
          "legendFormat": "",
          "orderByTime": "ASC",
          "policy": "default",
          "query": "SELECT non_negative_derivative(last(\"xact_commit\"), 1s) + non_negative_derivative(last(\"xact_rollback\"), 1s) FROM \"db_stats\" WHERE \"dbname\" =~ /^$dbname$/ AND  $timeFilter GROUP BY time(10m) fill(none)",
          "rawQuery": true,
          "refId": "A",
          "resultFormat": "time_series",
          "select": [
            [
              {
                "params": [
                  "value"
                ],
                "type": "field"
              },
              {
                "params": [],
                "type": "mean"
              }
            ]
          ],
          "tags": []
        }
      ],
      "timeFrom": null,
      "title": "TPS",
      "type": "stat"
    },
    {
      "cacheTimeout": null,
      "datasource": null,
      "description": "Queries Per Second based on pg_stat_statements.calls. Can be smaller that TPS if transactions don't execute anything or don't make it to the pg_stat_statements top.",
      "fieldConfig": {
        "defaults": {
          "color": {
            "mode": "thresholds"
          },
          "decimals": 1,
          "mappings": [
            {
              "id": 0,
              "op": "=",
              "text": "N/A",
              "type": 1,
              "value": "null"
            }
          ],
          "thresholds": {
            "mode": "absolute",
            "steps": [
              {
                "color": "green",
                "value": null
              }
            ]
          },
          "unit": "none"
        },
        "overrides": []
      },
      "gridPos": {
        "h": 3,
        "w": 4,
        "x": 4,
        "y": 0
      },
      "id": 2,
      "interval": "$agg_interval",
      "links": [],
      "maxDataPoints": null,
      "options": {
        "colorMode": "value",
        "graphMode": "area",
        "justifyMode": "auto",
        "orientation": "horizontal",
        "reduceOptions": {
          "calcs": [
            "lastNotNull"
          ],
          "fields": "",
          "values": false
        },
        "text": {},
        "textMode": "auto"
      },
      "pluginVersion": "7.5.9",
      "targets": [
        {
          "alias": "QPS",
          "dsType": "influxdb",
          "exemplar": true,
          "expr": "avg(rate(pgwatch2_stat_statements_calls_calls{dbname='$dbname'}[$agg_interval]))",
          "format": "time_series",
          "groupBy": [
            {
              "params": [
                "$interval"
              ],
              "type": "time"
            },
            {
              "params": [
                "null"
              ],
              "type": "fill"
            }
          ],
          "instant": false,
          "interval": "",
          "intervalFactor": 1,
          "legendFormat": "",
          "orderByTime": "ASC",
          "policy": "default",
          "query": "SELECT non_negative_derivative(last(\"calls\"), 1s) FROM \"stat_statements_calls\" WHERE $timeFilter AND \"dbname\" =~ /^$dbname$/ GROUP BY time(10m) fill(none)",
          "rawQuery": true,
          "refId": "A",
          "resultFormat": "time_series",
          "select": [
            [
              {
                "params": [
                  "value"
                ],
                "type": "field"
              },
              {
                "params": [],
                "type": "mean"
              }
            ]
          ],
          "tags": []
        }
      ],
      "timeFrom": null,
      "title": "QPS",
      "type": "stat"
    },
    {
      "cacheTimeout": null,
      "datasource": null,
      "description": "Approximate value based on pg_stat_statements total_time / calls",
      "fieldConfig": {
        "defaults": {
          "color": {
            "mode": "thresholds"
          },
          "mappings": [
            {
              "id": 0,
              "op": "=",
              "text": "N/A",
              "type": 1,
              "value": "null"
            }
          ],
          "thresholds": {
            "mode": "absolute",
            "steps": [
              {
                "color": "green",
                "value": null
              },
              {
                "color": "red",
                "value": 80
              }
            ]
          },
          "unit": "ms"
        },
        "overrides": []
      },
      "gridPos": {
        "h": 3,
        "w": 4,
        "x": 8,
        "y": 0
      },
      "id": 3,
      "interval": "$agg_interval",
      "links": [],
      "maxDataPoints": null,
      "options": {
        "colorMode": "value",
        "graphMode": "area",
        "justifyMode": "auto",
        "orientation": "horizontal",
        "reduceOptions": {
          "calcs": [
            "lastNotNull"
          ],
          "fields": "",
          "values": false
        },
        "text": {},
        "textMode": "auto"
      },
      "pluginVersion": "7.5.9",
      "targets": [
        {
          "alias": "avg_query_runtime_per_db",
          "dsType": "influxdb",
          "exemplar": true,
          "expr": "avg(increase(pgwatch2_stat_statements_calls_total_time{dbname='$dbname'}[$agg_interval])) / avg(increase(pgwatch2_stat_statements_calls_calls{dbname='$dbname'}[$agg_interval]))",
          "format": "time_series",
          "groupBy": [
            {
              "params": [
                "$interval"
              ],
              "type": "time"
            },
            {
              "params": [
                "null"
              ],
              "type": "fill"
            }
          ],
          "hide": false,
          "interval": "",
          "intervalFactor": 1,
          "legendFormat": "",
          "orderByTime": "ASC",
          "policy": "default",
          "query": "SELECT non_negative_derivative(last(\"total_time\"), 1h) / non_negative_derivative(last(\"calls\"), 1h) FROM \"stat_statements_calls\" WHERE \"dbname\" =~ /^$dbname$/ AND $timeFilter GROUP BY time(10m) fill(none)",
          "rawQuery": true,
          "refId": "B",
          "resultFormat": "time_series",
          "select": [
            [
              {
                "params": [
                  "value"
                ],
                "type": "field"
              },
              {
                "params": [],
                "type": "mean"
              }
            ]
          ],
          "tags": []
        }
      ],
      "timeFrom": null,
      "timeShift": null,
      "title": "Avg. query runtime",
      "type": "stat"
    },
    {
      "cacheTimeout": null,
      "datasource": null,
      "description": "Based on pg_stat_activity. All sessions for the selected DB, even idle",
      "fieldConfig": {
        "defaults": {
          "color": {
            "mode": "thresholds"
          },
          "decimals": 1,
          "mappings": [
            {
              "id": 0,
              "op": "=",
              "text": "N/A",
              "type": 1,
              "value": "null"
            }
          ],
          "thresholds": {
            "mode": "absolute",
            "steps": [
              {
                "color": "green",
                "value": null
              },
              {
                "color": "red",
                "value": 80
              }
            ]
          },
          "unit": "short"
        },
        "overrides": []
      },
      "gridPos": {
        "h": 3,
        "w": 4,
        "x": 12,
        "y": 0
      },
      "id": 5,
      "interval": "$agg_interval",
      "links": [],
      "maxDataPoints": null,
      "options": {
        "colorMode": "value",
        "graphMode": "area",
        "justifyMode": "auto",
        "orientation": "horizontal",
        "reduceOptions": {
          "calcs": [
            "lastNotNull"
          ],
          "fields": "",
          "values": false
        },
        "text": {},
        "textMode": "auto"
      },
      "pluginVersion": "7.5.9",
      "targets": [
        {
          "alias": "",
          "dsType": "influxdb",
          "exemplar": true,
          "expr": "avg(pgwatch2_db_stats_numbackends{dbname='$dbname'}[$agg_interval])",
          "format": "time_series",
          "groupBy": [
            {
              "params": [
                "10m"
              ],
              "type": "time"
            },
            {
              "params": [
                "none"
              ],
              "type": "fill"
            }
          ],
          "interval": "",
          "intervalFactor": 1,
          "legendFormat": "",
          "measurement": "db_stats",
          "orderByTime": "ASC",
          "policy": "default",
          "query": "SELECT \"load_5\"  FROM \"db_stats\" WHERE \"dbname\" =~ /^$dbname$/ AND $timeFilter GROUP BY time(1h) fill(none)",
          "rawQuery": false,
          "refId": "A",
          "resultFormat": "time_series",
          "select": [
            [
              {
                "params": [
                  "numbackends"
                ],
                "type": "field"
              },
              {
                "params": [],
                "type": "mean"
              }
            ]
          ],
          "tags": [
            {
              "key": "dbname",
              "operator": "=~",
              "value": "/^$dbname$/"
            }
          ]
        }
      ],
      "timeFrom": null,
      "timeShift": null,
      "title": "Sessions",
      "type": "stat"
    },
    {
      "cacheTimeout": null,
      "datasource": null,
      "description": "",
      "fieldConfig": {
        "defaults": {
          "color": {
            "mode": "thresholds"
          },
          "mappings": [
            {
              "id": 0,
              "op": "=",
              "text": "N/A",
              "type": 1,
              "value": "null"
            }
          ],
          "thresholds": {
            "mode": "absolute",
            "steps": [
              {
                "color": "green",
                "value": null
              },
              {
                "color": "red",
                "value": 100000000
              }
            ]
          },
          "unit": "bytes"
        },
        "overrides": []
      },
      "gridPos": {
        "h": 3,
        "w": 4,
        "x": 16,
        "y": 0
      },
      "id": 6,
      "interval": "$agg_interval",
      "links": [],
      "maxDataPoints": null,
      "options": {
        "colorMode": "value",
        "graphMode": "area",
        "justifyMode": "auto",
        "orientation": "horizontal",
        "reduceOptions": {
          "calcs": [
            "lastNotNull"
          ],
          "fields": "",
          "values": false
        },
        "text": {},
        "textMode": "auto"
      },
      "pluginVersion": "7.5.9",
      "targets": [
        {
          "alias": "",
          "dsType": "influxdb",
          "exemplar": true,
          "expr": "avg(rate(pgwatch2_db_stats_temp_bytes{dbname='$dbname'}[$agg_interval]))",
          "format": "time_series",
          "groupBy": [
            {
              "params": [
                "10m"
              ],
              "type": "time"
            },
            {
              "params": [
                "none"
              ],
              "type": "fill"
            }
          ],
          "interval": "$agg_interval",
          "intervalFactor": 1,
          "legendFormat": "",
          "measurement": "db_stats",
          "orderByTime": "ASC",
          "policy": "default",
          "query": "SELECT spread(\"temp_bytes\") FROM \"db_stats\" WHERE (\"dbname\" =~ /^$dbname$/) AND $timeFilter GROUP BY time(1h) fill(none)",
          "rawQuery": false,
          "refId": "A",
          "resultFormat": "time_series",
          "select": [
            [
              {
                "params": [
                  "temp_bytes"
                ],
                "type": "field"
              },
              {
                "params": [],
                "type": "last"
              },
              {
                "params": [
                  "1h"
                ],
                "type": "non_negative_derivative"
              }
            ]
          ],
          "tags": [
            {
              "key": "dbname",
              "operator": "=~",
              "value": "/^$dbname$/"
            }
          ]
        }
      ],
      "timeFrom": null,
      "timeShift": null,
      "title": "Temp bytes",
      "type": "stat"
    },
    {
      "cacheTimeout": null,
      "datasource": null,
      "fieldConfig": {
        "defaults": {
          "color": {
            "mode": "thresholds"
          },
          "decimals": 1,
          "mappings": [
            {
              "id": 0,
              "op": "=",
              "text": "N/A",
              "type": 1,
              "value": "null"
            }
          ],
          "thresholds": {
            "mode": "absolute",
            "steps": [
              {
                "color": "green",
                "value": null
              },
              {
                "color": "#EAB839",
                "value": 100000000
              }
            ]
          },
          "unit": "bytes"
        },
        "overrides": []
      },
      "gridPos": {
        "h": 3,
        "w": 4,
        "x": 20,
        "y": 0
      },
      "id": 4,
      "interval": "1h",
      "links": [],
      "maxDataPoints": null,
      "options": {
        "colorMode": "value",
        "graphMode": "area",
        "justifyMode": "auto",
        "orientation": "horizontal",
        "reduceOptions": {
          "calcs": [
            "lastNotNull"
          ],
          "fields": "",
          "values": false
        },
        "text": {},
        "textMode": "auto"
      },
      "pluginVersion": "7.5.9",
      "targets": [
        {
          "alias": "db_size_change_last_hour",
          "dsType": "influxdb",
          "exemplar": true,
          "expr": "avg(delta(pgwatch2_db_size_size_b{dbname='$dbname'}[1h]))",
          "format": "time_series",
          "groupBy": [
            {
              "params": [
                "$interval"
              ],
              "type": "time"
            },
            {
              "params": [
                "null"
              ],
              "type": "fill"
            }
          ],
          "instant": false,
          "interval": "$agg_interval",
          "intervalFactor": 1,
          "legendFormat": "",
          "orderByTime": "ASC",
          "policy": "default",
          "query": "SELECT (last(\"size_b\")  - first(\"size_b\"))*4 FROM \"db_size\" WHERE \"dbname\" =~ /^$dbname$/ AND $timeFilter GROUP BY time(15m) fill(none)",
          "rawQuery": true,
          "refId": "A",
          "resultFormat": "time_series",
          "select": [
            [
              {
                "params": [
                  "value"
                ],
                "type": "field"
              },
              {
                "params": [],
                "type": "mean"
              }
            ]
          ],
          "tags": []
        }
      ],
      "timeFrom": null,
      "timeShift": null,
      "title": "DB size ch. (1h)",
      "type": "stat"
    },
    {
      "aliasColors": {},
      "bars": false,
      "dashLength": 10,
      "dashes": false,
      "datasource": null,
      "description": "",
      "editable": true,
      "error": false,
      "fieldConfig": {
        "defaults": {},
        "overrides": []
      },
      "fill": 1,
      "fillGradient": 0,
      "grid": {},
      "gridPos": {
        "h": 4,
        "w": 12,
        "x": 0,
        "y": 3
      },
      "hiddenSeries": false,
      "id": 7,
      "interval": "$agg_interval",
      "legend": {
        "alignAsTable": false,
        "avg": true,
        "current": false,
        "max": false,
        "min": false,
        "show": true,
        "total": false,
        "values": true
      },
      "lines": true,
      "linewidth": 2,
      "links": [],
      "nullPointMode": "connected",
      "options": {
        "alertThreshold": true
      },
      "percentage": false,
      "pluginVersion": "7.5.9",
      "pointradius": 5,
      "points": false,
      "renderer": "flot",
      "seriesOverrides": [],
      "spaceLength": 10,
      "stack": false,
      "steppedLine": false,
      "targets": [
        {
          "alias": "DELETE",
          "dsType": "influxdb",
          "exemplar": true,
          "expr": "avg(increase(pgwatch2_db_stats_tup_inserted{dbname='$dbname'}[$agg_interval]))",
          "format": "time_series",
          "groupBy": [
            {
              "params": [
                "$interval"
              ],
              "type": "time"
            },
            {
              "params": [
                "null"
              ],
              "type": "fill"
            }
          ],
          "hide": false,
          "interval": "",
          "intervalFactor": 1,
          "legendFormat": "INSERT",
          "measurement": "db_stats",
          "orderByTime": "ASC",
          "policy": "default",
          "query": "SELECT non_negative_derivative(mean(\"tup_deleted\"), 1h) FROM \"db_stats\" WHERE \"dbname\" =~ /^$dbname$/ AND $timeFilter GROUP BY time($__interval) fill(none)",
          "rawQuery": true,
          "refId": "A",
          "resultFormat": "time_series",
          "select": [
            [
              {
                "params": [
                  "tup_deleted"
                ],
                "type": "field"
              },
              {
                "params": [],
                "type": "mean"
              }
            ]
          ],
          "tags": [
            {
              "key": "dbname",
              "operator": "=~",
              "value": "/^$dbname$/"
            }
          ]
        },
        {
          "alias": "UPDATE",
          "dsType": "influxdb",
          "exemplar": true,
          "expr": "avg(increase(pgwatch2_db_stats_tup_updated{dbname='$dbname'}[$agg_interval]))",
          "format": "time_series",
          "groupBy": [
            {
              "params": [
                "$interval"
              ],
              "type": "time"
            },
            {
              "params": [
                "null"
              ],
              "type": "fill"
            }
          ],
          "hide": false,
          "interval": "",
          "intervalFactor": 1,
          "legendFormat": "UPDATE",
          "orderByTime": "ASC",
          "policy": "default",
          "query": "SELECT non_negative_derivative(mean(\"tup_updated\"), 1h) FROM \"db_stats\" WHERE \"dbname\" =~ /^$dbname$/ AND $timeFilter GROUP BY time($__interval) fill(none)",
          "rawQuery": true,
          "refId": "B",
          "resultFormat": "time_series",
          "select": [
            [
              {
                "params": [
                  "value"
                ],
                "type": "field"
              },
              {
                "params": [],
                "type": "mean"
              }
            ]
          ],
          "tags": []
        },
        {
          "alias": "UPDATE",
          "dsType": "influxdb",
          "exemplar": true,
          "expr": "avg(increase(pgwatch2_db_stats_tup_deleted{dbname='$dbname'}[$agg_interval]))",
          "format": "time_series",
          "groupBy": [
            {
              "params": [
                "$interval"
              ],
              "type": "time"
            },
            {
              "params": [
                "null"
              ],
              "type": "fill"
            }
          ],
          "hide": false,
          "interval": "",
          "intervalFactor": 1,
          "legendFormat": "DELETE",
          "orderByTime": "ASC",
          "policy": "default",
          "query": "SELECT non_negative_derivative(mean(\"tup_updated\"), 1h) FROM \"db_stats\" WHERE \"dbname\" =~ /^$dbname$/ AND $timeFilter GROUP BY time($__interval) fill(none)",
          "rawQuery": true,
          "refId": "C",
          "resultFormat": "time_series",
          "select": [
            [
              {
                "params": [
                  "value"
                ],
                "type": "field"
              },
              {
                "params": [],
                "type": "mean"
              }
            ]
          ],
          "tags": []
        }
      ],
      "thresholds": [],
      "timeFrom": null,
      "timeRegions": [],
      "timeShift": null,
      "title": "Tuple Ins. / Upd. / Del. ($agg_interval tot.)",
      "tooltip": {
        "msResolution": false,
        "shared": true,
        "sort": 2,
        "value_type": "cumulative"
      },
      "type": "graph",
      "xaxis": {
        "buckets": null,
        "mode": "time",
        "name": null,
        "show": true,
        "values": []
      },
      "yaxes": [
        {
          "$$hashKey": "object:83",
          "format": "short",
          "label": null,
          "logBase": 1,
          "max": null,
          "min": null,
          "show": true
        },
        {
          "$$hashKey": "object:84",
          "format": "ms",
          "label": null,
          "logBase": 1,
          "max": null,
          "min": null,
          "show": false
        }
      ],
      "yaxis": {
        "align": false,
        "alignLevel": null
      }
    },
    {
      "aliasColors": {
        "TX rollback ratio": "#890F02"
      },
      "bars": false,
      "dashLength": 10,
      "dashes": false,
      "datasource": null,
      "decimals": 1,
      "editable": true,
      "error": false,
      "fieldConfig": {
        "defaults": {},
        "overrides": []
      },
      "fill": 1,
      "fillGradient": 0,
      "grid": {},
      "gridPos": {
        "h": 4,
        "w": 12,
        "x": 12,
        "y": 3
      },
      "hiddenSeries": false,
      "id": 8,
      "interval": "$agg_interval",
      "legend": {
        "alignAsTable": false,
        "avg": true,
        "current": false,
        "max": false,
        "min": false,
        "show": true,
        "total": false,
        "values": true
      },
      "lines": true,
      "linewidth": 2,
      "links": [],
      "nullPointMode": "connected",
      "options": {
        "alertThreshold": true
      },
      "percentage": false,
      "pluginVersion": "7.5.9",
      "pointradius": 5,
      "points": false,
      "renderer": "flot",
      "seriesOverrides": [],
      "spaceLength": 10,
      "stack": false,
      "steppedLine": false,
      "targets": [
        {
          "alias": "Shared buffers hit ratio",
          "dsType": "influxdb",
          "exemplar": true,
          "expr": "100 * avg(increase(pgwatch2_db_stats_blks_hit{dbname='$dbname'}[$agg_interval])) / (avg(increase(pgwatch2_db_stats_blks_hit{dbname='$dbname'}[$agg_interval])) + avg(increase(pgwatch2_db_stats_blks_read{dbname='$dbname'}[$agg_interval])))",
          "format": "time_series",
          "groupBy": [
            {
              "params": [
                "$interval"
              ],
              "type": "time"
            },
            {
              "params": [
                "null"
              ],
              "type": "fill"
            }
          ],
          "hide": false,
          "interval": "",
          "intervalFactor": 1,
          "legendFormat": "Shared buffers hit ratio",
          "measurement": "db_stats",
          "orderByTime": "ASC",
          "policy": "default",
          "query": "SELECT ( non_negative_derivative(mean(\"blks_hit\")) / (non_negative_derivative(mean(\"blks_hit\")) + non_negative_derivative(mean(\"blks_read\")))) * 100 FROM \"db_stats\" WHERE \"dbname\" =~ /^$dbname$/ AND  $timeFilter GROUP BY time($__interval) fill(none)",
          "rawQuery": true,
          "refId": "A",
          "resultFormat": "time_series",
          "select": [
            [
              {
                "params": [
                  "blks_hit"
                ],
                "type": "field"
              },
              {
                "params": [],
                "type": "mean"
              }
            ]
          ],
          "tags": []
        },
        {
          "alias": "TX rollback ratio",
          "dsType": "influxdb",
          "exemplar": true,
          "expr": "100 * avg(increase(pgwatch2_db_stats_xact_rollback{dbname='$dbname'}[$agg_interval])) / (avg(increase(pgwatch2_db_stats_xact_rollback{dbname='$dbname'}[$agg_interval])) + avg(increase(pgwatch2_db_stats_xact_commit{dbname='$dbname'}[$agg_interval])))",
          "format": "time_series",
          "groupBy": [
            {
              "params": [
                "$interval"
              ],
              "type": "time"
            },
            {
              "params": [
                "null"
              ],
              "type": "fill"
            }
          ],
          "hide": false,
          "interval": "",
          "intervalFactor": 1,
          "legendFormat": "TX rollback ratio",
          "orderByTime": "ASC",
          "policy": "default",
          "query": "SELECT (non_negative_derivative(mean(\"xact_rollback\")) / (non_negative_derivative(mean(\"xact_commit\")) + non_negative_derivative(mean(\"xact_rollback\"))) * 100) FROM \"db_stats\" WHERE \"dbname\" =~ /^$dbname$/ AND  $timeFilter GROUP BY time($__interval) fill(none)",
          "rawQuery": true,
          "refId": "B",
          "resultFormat": "time_series",
          "select": [
            [
              {
                "params": [
                  "value"
                ],
                "type": "field"
              },
              {
                "params": [],
                "type": "mean"
              }
            ]
          ],
          "tags": []
        }
      ],
      "thresholds": [],
      "timeFrom": null,
      "timeRegions": [],
      "timeShift": null,
      "title": "Buffer hit ratio + Rollback ratio ($agg_interval avg.)",
      "tooltip": {
        "msResolution": false,
        "shared": true,
        "sort": 2,
        "value_type": "cumulative"
      },
      "type": "graph",
      "xaxis": {
        "buckets": null,
        "mode": "time",
        "name": null,
        "show": true,
        "values": []
      },
      "yaxes": [
        {
          "$$hashKey": "object:155",
          "decimals": null,
          "format": "percent",
          "label": null,
          "logBase": 1,
          "max": "110",
          "min": "0",
          "show": true
        },
        {
          "$$hashKey": "object:156",
          "format": "short",
          "label": null,
          "logBase": 1,
          "max": null,
          "min": null,
          "show": true
        }
      ],
      "yaxis": {
        "align": false,
        "alignLevel": null
      }
    },
    {
      "aliasColors": {
        "avg_query_runtime": "#ef843c",
        "load_5": "#BA43A9"
      },
      "bars": false,
      "dashLength": 10,
      "dashes": false,
      "datasource": null,
      "decimals": 1,
      "description": "Approximate value based on pg_stat_statements total_time / calls",
      "fieldConfig": {
        "defaults": {},
        "overrides": []
      },
      "fill": 1,
      "fillGradient": 0,
      "gridPos": {
        "h": 4,
        "w": 12,
        "x": 0,
        "y": 7
      },
      "hiddenSeries": false,
      "id": 12,
      "interval": "$agg_interval",
      "legend": {
        "avg": true,
        "current": false,
        "max": false,
        "min": false,
        "show": true,
        "total": false,
        "values": true
      },
      "lines": true,
      "linewidth": 2,
      "links": [],
      "nullPointMode": "null",
      "options": {
        "alertThreshold": true
      },
      "percentage": false,
      "pluginVersion": "7.5.9",
      "pointradius": 5,
      "points": false,
      "renderer": "flot",
      "seriesOverrides": [],
      "spaceLength": 10,
      "stack": false,
      "steppedLine": false,
      "targets": [
        {
          "alias": "avg_query_runtime",
          "dsType": "influxdb",
          "exemplar": true,
          "expr": "avg(increase(pgwatch2_stat_statements_calls_total_time{dbname='$dbname'}[$agg_interval])) / avg(increase(pgwatch2_stat_statements_calls_calls{dbname='$dbname'}[$agg_interval]))",
          "format": "time_series",
          "groupBy": [
            {
              "params": [
                "$interval"
              ],
              "type": "time"
            },
            {
              "params": [
                "null"
              ],
              "type": "fill"
            }
          ],
          "interval": "",
          "intervalFactor": 1,
          "legendFormat": "avg_query_runtime",
          "measurement": "stat_statements",
          "orderByTime": "ASC",
          "policy": "default",
          "query": "SELECT non_negative_derivative(last(\"total_time\"), 1h) / non_negative_derivative(last(\"calls\"), 1h) FROM \"stat_statements_calls\" WHERE \"dbname\" =~ /^$dbname$/ AND $timeFilter GROUP BY time($__interval) fill(none)",
          "rawQuery": true,
          "refId": "B",
          "resultFormat": "time_series",
          "select": [
            [
              {
                "params": [
                  "value"
                ],
                "type": "field"
              },
              {
                "params": [],
                "type": "mean"
              }
            ]
          ],
          "tags": []
        }
      ],
      "thresholds": [],
      "timeFrom": null,
      "timeRegions": [],
      "timeShift": null,
      "title": "Avg. query runtime (approx., $agg_interval avg.)",
      "tooltip": {
        "shared": true,
        "sort": 0,
        "value_type": "individual"
      },
      "type": "graph",
      "xaxis": {
        "buckets": null,
        "mode": "time",
        "name": null,
        "show": true,
        "values": []
      },
      "yaxes": [
        {
          "$$hashKey": "object:232",
          "decimals": null,
          "format": "ms",
          "label": null,
          "logBase": 1,
          "max": null,
          "min": null,
          "show": true
        },
        {
          "$$hashKey": "object:233",
          "format": "ms",
          "label": "",
          "logBase": 1,
          "max": null,
          "min": null,
          "show": false
        }
      ],
      "yaxis": {
        "align": false,
        "alignLevel": null
      }
    },
    {
      "aliasColors": {
        "DB Size": "#2F575E",
        "WAL rate": "#0A50A1"
      },
      "bars": false,
      "dashLength": 10,
      "dashes": false,
      "datasource": null,
      "decimals": 1,
      "editable": true,
      "error": false,
      "fieldConfig": {
        "defaults": {},
        "overrides": []
      },
      "fill": 1,
      "fillGradient": 0,
      "grid": {},
      "gridPos": {
        "h": 4,
        "w": 12,
        "x": 12,
        "y": 7
      },
      "height": "",
      "hiddenSeries": false,
      "id": 10,
      "interval": "$agg_interval",
      "legend": {
        "alignAsTable": false,
        "avg": true,
        "current": false,
        "max": false,
        "min": false,
        "show": true,
        "total": false,
        "values": true
      },
      "lines": true,
      "linewidth": 2,
      "links": [],
      "nullPointMode": "connected",
      "options": {
        "alertThreshold": true
      },
      "percentage": false,
      "pluginVersion": "7.5.9",
      "pointradius": 5,
      "points": false,
      "renderer": "flot",
      "seriesOverrides": [
        {
          "$$hashKey": "object:291",
          "alias": "WAL rate (bytes/h)",
          "yaxis": 2
        },
        {
          "$$hashKey": "object:292",
          "alias": "DB Size",
          "yaxis": 2
        }
      ],
      "spaceLength": 10,
      "stack": false,
      "steppedLine": false,
      "targets": [
        {
          "alias": "WAL rate",
          "dsType": "influxdb",
          "exemplar": true,
          "expr": "avg(rate(pgwatch2_wal_xlog_location_b{dbname='$dbname'}[$agg_interval]))",
          "format": "time_series",
          "groupBy": [
            {
              "params": [
                "$interval"
              ],
              "type": "time"
            },
            {
              "params": [
                "null"
              ],
              "type": "fill"
            }
          ],
          "interval": "",
          "intervalFactor": 1,
          "legendFormat": "WAL rate",
          "measurement": "wal",
          "orderByTime": "ASC",
          "policy": "default",
          "query": "SELECT derivative(mean(\"xlog_location_b\"), 1s) FROM \"wal\" WHERE \"dbname\" =~ /^$dbname$/ AND $timeFilter GROUP BY time($__interval) fill(none)",
          "rawQuery": true,
          "refId": "A",
          "resultFormat": "time_series",
          "select": [
            [
              {
                "params": [
                  "xlog_location_b"
                ],
                "type": "field"
              },
              {
                "params": [],
                "type": "mean"
              },
              {
                "params": [
                  "1h"
                ],
                "type": "derivative"
              }
            ]
          ],
          "tags": [
            {
              "key": "dbname",
              "operator": "=~",
              "value": "/^$dbname$/"
            }
          ]
        },
        {
          "alias": "DB Size",
          "dsType": "influxdb",
          "exemplar": true,
          "expr": "avg(pgwatch2_db_size_size_b{dbname='$dbname'}[$agg_interval])",
          "format": "time_series",
          "groupBy": [
            {
              "params": [
                "$__interval"
              ],
              "type": "time"
            },
            {
              "params": [
                "none"
              ],
              "type": "fill"
            }
          ],
          "interval": "",
          "intervalFactor": 1,
          "legendFormat": "DB Size",
          "measurement": "db_size",
          "orderByTime": "ASC",
          "policy": "default",
          "refId": "B",
          "resultFormat": "time_series",
          "select": [
            [
              {
                "params": [
                  "size_b"
                ],
                "type": "field"
              },
              {
                "params": [],
                "type": "mean"
              }
            ]
          ],
          "tags": [
            {
              "key": "dbname",
              "operator": "=~",
              "value": "/^$dbname$/"
            }
          ]
        }
      ],
      "thresholds": [],
      "timeFrom": null,
      "timeRegions": [],
      "timeShift": null,
      "title": "WAL rate + DB size ($agg_interval avg.)",
      "tooltip": {
        "msResolution": false,
        "shared": true,
        "sort": 0,
        "value_type": "cumulative"
      },
      "type": "graph",
      "xaxis": {
        "buckets": null,
        "mode": "time",
        "name": null,
        "show": true,
        "values": []
      },
      "yaxes": [
        {
          "$$hashKey": "object:280",
          "decimals": 1,
          "format": "Bps",
          "label": null,
          "logBase": 1,
          "max": null,
          "min": null,
          "show": true
        },
        {
          "$$hashKey": "object:281",
          "decimals": 1,
          "format": "bytes",
          "label": null,
          "logBase": 1,
          "max": null,
          "min": null,
          "show": true
        }
      ],
      "yaxis": {
        "align": false,
        "alignLevel": null
      }
    },
    {
      "aliasColors": {
        "#Backends": "#F9E2D2",
        "Deadlocks (1h rate)": "#BF1B00"
      },
      "bars": false,
      "dashLength": 10,
      "dashes": false,
      "datasource": null,
      "decimals": 0,
      "description": "$agg_interval avg.",
      "editable": true,
      "error": false,
      "fieldConfig": {
        "defaults": {},
        "overrides": []
      },
      "fill": 1,
      "fillGradient": 0,
      "grid": {},
      "gridPos": {
        "h": 4,
        "w": 12,
        "x": 0,
        "y": 11
      },
      "hiddenSeries": false,
      "id": 9,
      "interval": "$agg_interval",
      "legend": {
        "avg": false,
        "current": false,
        "max": true,
        "min": false,
        "show": true,
        "total": false,
        "values": true
      },
      "lines": true,
      "linewidth": 2,
      "links": [],
      "nullPointMode": "connected",
      "options": {
        "alertThreshold": true
      },
      "percentage": false,
      "pluginVersion": "7.5.9",
      "pointradius": 5,
      "points": false,
      "renderer": "flot",
      "seriesOverrides": [],
      "spaceLength": 10,
      "stack": false,
      "steppedLine": false,
      "targets": [
        {
          "alias": "# Sessions",
          "dsType": "influxdb",
          "exemplar": true,
          "expr": "max(avg_over_time(pgwatch2_backends_total{dbname='$dbname'}[$agg_interval]))",
          "format": "time_series",
          "groupBy": [
            {
              "params": [
                "$interval"
              ],
              "type": "time"
            },
            {
              "params": [
                "none"
              ],
              "type": "fill"
            }
          ],
          "interval": "",
          "intervalFactor": 1,
          "legendFormat": "Total",
          "measurement": "db_stats",
          "orderByTime": "ASC",
          "policy": "default",
          "query": "SELECT mean(\"numbackends\") FROM \"db_stats\" WHERE \"dbname\" =~ /^$dbname$/ AND $timeFilter GROUP BY time($__interval) fill(none)",
          "rawQuery": true,
          "refId": "B",
          "resultFormat": "time_series",
          "select": [
            [
              {
                "params": [
                  "numbackends"
                ],
                "type": "field"
              },
              {
                "params": [],
                "type": "mean"
              }
            ]
          ],
          "tags": []
        },
        {
          "alias": "# Sessions",
          "dsType": "influxdb",
          "exemplar": true,
          "expr": "max(max_over_time(pgwatch2_backends_active{dbname='$dbname'}[$agg_interval]))",
          "format": "time_series",
          "groupBy": [
            {
              "params": [
                "$interval"
              ],
              "type": "time"
            },
            {
              "params": [
                "none"
              ],
              "type": "fill"
            }
          ],
          "hide": false,
          "interval": "",
          "intervalFactor": 1,
          "legendFormat": "Active",
          "measurement": "db_stats",
          "orderByTime": "ASC",
          "policy": "default",
          "query": "SELECT mean(\"numbackends\") FROM \"db_stats\" WHERE \"dbname\" =~ /^$dbname$/ AND $timeFilter GROUP BY time($__interval) fill(none)",
          "rawQuery": true,
          "refId": "D",
          "resultFormat": "time_series",
          "select": [
            [
              {
                "params": [
                  "numbackends"
                ],
                "type": "field"
              },
              {
                "params": [],
                "type": "mean"
              }
            ]
          ],
          "tags": []
        },
        {
          "alias": "# Sessions",
          "dsType": "influxdb",
          "exemplar": true,
          "expr": "max(max_over_time(pgwatch2_backends_waiting{dbname='$dbname'}[$agg_interval]))",
          "format": "time_series",
          "groupBy": [
            {
              "params": [
                "$interval"
              ],
              "type": "time"
            },
            {
              "params": [
                "none"
              ],
              "type": "fill"
            }
          ],
          "hide": false,
          "interval": "",
          "intervalFactor": 1,
          "legendFormat": "Waiting ",
          "measurement": "db_stats",
          "orderByTime": "ASC",
          "policy": "default",
          "query": "SELECT mean(\"numbackends\") FROM \"db_stats\" WHERE \"dbname\" =~ /^$dbname$/ AND $timeFilter GROUP BY time($__interval) fill(none)",
          "rawQuery": true,
          "refId": "A",
          "resultFormat": "time_series",
          "select": [
            [
              {
                "params": [
                  "numbackends"
                ],
                "type": "field"
              },
              {
                "params": [],
                "type": "mean"
              }
            ]
          ],
          "tags": []
        },
        {
          "alias": "# Sessions",
          "dsType": "influxdb",
          "exemplar": true,
          "expr": "max(max_over_time(pgwatch2_backends_idleintransaction{dbname='$dbname'}[$agg_interval]))",
          "format": "time_series",
          "groupBy": [
            {
              "params": [
                "$interval"
              ],
              "type": "time"
            },
            {
              "params": [
                "none"
              ],
              "type": "fill"
            }
          ],
          "hide": false,
          "interval": "",
          "intervalFactor": 1,
          "legendFormat": "Idle in TX",
          "measurement": "db_stats",
          "orderByTime": "ASC",
          "policy": "default",
          "query": "SELECT mean(\"numbackends\") FROM \"db_stats\" WHERE \"dbname\" =~ /^$dbname$/ AND $timeFilter GROUP BY time($__interval) fill(none)",
          "rawQuery": true,
          "refId": "E",
          "resultFormat": "time_series",
          "select": [
            [
              {
                "params": [
                  "numbackends"
                ],
                "type": "field"
              },
              {
                "params": [],
                "type": "mean"
              }
            ]
          ],
          "tags": []
        },
        {
          "alias": "Temp bytes written",
          "dsType": "influxdb",
          "exemplar": true,
          "expr": "max(increase(pgwatch2_db_stats_deadlocks{dbname='$dbname'}[$agg_interval]))",
          "format": "time_series",
          "groupBy": [
            {
              "params": [
                "$interval"
              ],
              "type": "time"
            },
            {
              "params": [
                "null"
              ],
              "type": "fill"
            }
          ],
          "interval": "",
          "intervalFactor": 1,
          "legendFormat": "Deadlocks",
          "orderByTime": "ASC",
          "policy": "default",
          "query": "SELECT non_negative_derivative(mean(\"temp_bytes\")) FROM \"db_stats\" WHERE \"dbname\" =~ /^$dbname$/ AND  $timeFilter GROUP BY time(2m) fill(none)",
          "rawQuery": true,
          "refId": "C",
          "resultFormat": "time_series",
          "select": [
            [
              {
                "params": [
                  "value"
                ],
                "type": "field"
              },
              {
                "params": [],
                "type": "mean"
              }
            ]
          ],
          "tags": []
        }
      ],
      "thresholds": [],
      "timeFrom": null,
      "timeRegions": [],
      "timeShift": null,
      "title": "Session activity (max., log base 2)",
      "tooltip": {
        "msResolution": false,
        "shared": true,
        "sort": 2,
        "value_type": "cumulative"
      },
      "type": "graph",
      "xaxis": {
        "buckets": null,
        "mode": "time",
        "name": null,
        "show": true,
        "values": []
      },
      "yaxes": [
        {
          "$$hashKey": "object:380",
          "format": "short",
          "label": null,
          "logBase": 2,
          "max": null,
          "min": "0",
          "show": true
        },
        {
          "$$hashKey": "object:381",
          "format": "Bps",
          "label": null,
          "logBase": 1,
          "max": null,
          "min": "0",
          "show": false
        }
      ],
      "yaxis": {
        "align": false,
        "alignLevel": null
      }
    },
    {
      "aliasColors": {},
      "bars": false,
      "dashLength": 10,
      "dashes": false,
      "datasource": null,
      "decimals": 1,
      "description": "Transactions per Second / Queries per Second. FYI - QPS can possibly be smaller than TPS",
      "fieldConfig": {
        "defaults": {},
        "overrides": []
      },
      "fill": 1,
      "fillGradient": 0,
      "gridPos": {
        "h": 4,
        "w": 12,
        "x": 12,
        "y": 11
      },
      "hiddenSeries": false,
      "id": 15,
      "interval": "$agg_interval",
      "legend": {
        "avg": true,
        "current": false,
        "max": false,
        "min": false,
        "show": true,
        "total": false,
        "values": true
      },
      "lines": true,
      "linewidth": 1,
      "links": [],
      "nullPointMode": "null",
      "options": {
        "alertThreshold": true
      },
      "percentage": false,
      "pluginVersion": "7.5.9",
      "pointradius": 5,
      "points": false,
      "renderer": "flot",
      "seriesOverrides": [],
      "spaceLength": 10,
      "stack": false,
      "steppedLine": false,
      "targets": [
        {
          "alias": "TPS",
          "exemplar": true,
          "expr": "avg(rate(pgwatch2_db_stats_xact_commit{dbname='$dbname'}[$agg_interval])) + avg(rate(pgwatch2_db_stats_xact_rollback{dbname='$dbname'}[$agg_interval]))",
          "format": "time_series",
          "groupBy": [
            {
              "params": [
                "$__interval"
              ],
              "type": "time"
            },
            {
              "params": [
                "null"
              ],
              "type": "fill"
            }
          ],
          "interval": "",
          "intervalFactor": 1,
          "legendFormat": "TPS",
          "orderByTime": "ASC",
          "policy": "default",
          "query": "SELECT non_negative_derivative(last(\"xact_commit\"), 1s) + non_negative_derivative(last(\"xact_rollback\"), 1s) FROM \"db_stats\" WHERE \"dbname\" =~ /^$dbname$/ AND  $timeFilter GROUP BY time($__interval) fill(none)",
          "rawQuery": true,
          "refId": "A",
          "resultFormat": "time_series",
          "select": [
            [
              {
                "params": [
                  "value"
                ],
                "type": "field"
              },
              {
                "params": [],
                "type": "mean"
              }
            ]
          ],
          "tags": []
        },
        {
          "alias": "QPS",
          "exemplar": true,
          "expr": "avg(rate(pgwatch2_stat_statements_calls_calls{dbname='$dbname'}[$agg_interval]))",
          "format": "time_series",
          "groupBy": [
            {
              "params": [
                "$__interval"
              ],
              "type": "time"
            },
            {
              "params": [
                "null"
              ],
              "type": "fill"
            }
          ],
          "interval": "",
          "intervalFactor": 1,
          "legendFormat": "QPS",
          "orderByTime": "ASC",
          "policy": "default",
          "query": "SELECT non_negative_derivative(last(\"calls\"), 1s) FROM \"stat_statements_calls\" WHERE $timeFilter AND \"dbname\" =~ /^$dbname$/ GROUP BY time($__interval) fill(none)",
          "rawQuery": true,
          "refId": "B",
          "resultFormat": "time_series",
          "select": [
            [
              {
                "params": [
                  "value"
                ],
                "type": "field"
              },
              {
                "params": [],
                "type": "mean"
              }
            ]
          ],
          "tags": []
        }
      ],
      "thresholds": [],
      "timeFrom": null,
      "timeRegions": [],
      "timeShift": null,
      "title": "TPS / QPS ($agg_interval avg.)",
      "tooltip": {
        "shared": true,
        "sort": 2,
        "value_type": "individual"
      },
      "type": "graph",
      "xaxis": {
        "buckets": null,
        "mode": "time",
        "name": null,
        "show": true,
        "values": []
      },
      "yaxes": [
        {
          "$$hashKey": "object:526",
          "decimals": 0,
          "format": "short",
          "label": null,
          "logBase": 1,
          "max": null,
          "min": "0",
          "show": true
        },
        {
          "$$hashKey": "object:527",
          "format": "short",
          "label": null,
          "logBase": 1,
          "max": null,
          "min": null,
          "show": false
        }
      ],
      "yaxis": {
        "align": false,
        "alignLevel": null
      }
    },
    {
      "aliasColors": {
        "seq_scans": "light-blue"
      },
      "bars": false,
      "dashLength": 10,
      "dashes": false,
      "datasource": null,
      "decimals": 1,
      "description": "",
      "fieldConfig": {
        "defaults": {},
        "overrides": []
      },
      "fill": 1,
      "fillGradient": 0,
      "gridPos": {
        "h": 4,
        "w": 12,
        "x": 0,
        "y": 15
      },
      "hiddenSeries": false,
      "id": 16,
      "interval": "$agg_interval",
      "legend": {
        "avg": true,
        "current": false,
        "max": false,
        "min": false,
        "show": true,
        "total": false,
        "values": true
      },
      "lines": true,
      "linewidth": 1,
      "links": [],
      "nullPointMode": "null",
      "options": {
        "alertThreshold": true
      },
      "percentage": false,
      "pluginVersion": "7.5.9",
      "pointradius": 5,
      "points": false,
      "renderer": "flot",
      "seriesOverrides": [],
      "spaceLength": 10,
      "stack": false,
      "steppedLine": false,
      "targets": [
        {
          "alias": "seq_scan",
          "exemplar": true,
          "expr": "sum(max(increase(pgwatch2_table_stats_seq_scan{dbname='$dbname',table_size_cardinality_mb=~\"3|4|5|6|7|8\"}[$agg_interval])) by (table_full_name))",
          "format": "time_series",
          "groupBy": [
            {
              "params": [
                "$__interval"
              ],
              "type": "time"
            },
            {
              "params": [
                "none"
              ],
              "type": "fill"
            }
          ],
          "interval": "",
          "intervalFactor": 1,
          "legendFormat": "seq_scans",
          "measurement": "table_stats",
          "orderByTime": "ASC",
          "policy": "default",
          "query": "select sum(scans) from (SELECT non_negative_derivative(mean(\"seq_scan\"), 1m) as scans FROM \"table_stats\" WHERE (\"dbname\" =~ /^$dbname$/) AND $timeFilter AND table_size_b > 10000000 GROUP BY time($__interval), table_full_name fill(none)) GROUP BY time($__interval)",
          "rawQuery": true,
          "refId": "A",
          "resultFormat": "time_series",
          "select": [
            [
              {
                "params": [
                  "seq_scan"
                ],
                "type": "field"
              },
              {
                "params": [],
                "type": "mean"
              },
              {
                "params": [
                  "1m"
                ],
                "type": "non_negative_derivative"
              }
            ]
          ],
          "tags": [
            {
              "key": "dbname",
              "operator": "=~",
              "value": "/^$dbname$/"
            }
          ]
        }
      ],
      "thresholds": [],
      "timeFrom": null,
      "timeRegions": [],
      "timeShift": null,
      "title": "Seq. scans (>100MB tables, $agg_interval tot.)",
      "tooltip": {
        "shared": true,
        "sort": 2,
        "value_type": "individual"
      },
      "type": "graph",
      "xaxis": {
        "buckets": null,
        "mode": "time",
        "name": null,
        "show": true,
        "values": []
      },
      "yaxes": [
        {
          "$$hashKey": "object:332",
          "decimals": 1,
          "format": "short",
          "label": null,
          "logBase": 1,
          "max": null,
          "min": "0",
          "show": true
        },
        {
          "$$hashKey": "object:333",
          "format": "short",
          "label": null,
          "logBase": 1,
          "max": null,
          "min": null,
          "show": false
        }
      ],
      "yaxis": {
        "align": false,
        "alignLevel": null
      }
    },
    {
      "aliasColors": {},
      "bars": false,
      "dashLength": 10,
      "dashes": false,
      "datasource": null,
      "decimals": 1,
      "description": "Max locks spotted during the selected interval",
      "fieldConfig": {
        "defaults": {},
        "overrides": []
      },
      "fill": 1,
      "fillGradient": 0,
      "gridPos": {
        "h": 4,
        "w": 12,
        "x": 12,
        "y": 15
      },
      "hiddenSeries": false,
      "id": 11,
      "interval": "$agg_interval",
      "legend": {
        "avg": true,
        "current": false,
        "max": false,
        "min": false,
        "show": true,
        "total": false,
        "values": true
      },
      "lines": true,
      "linewidth": 1,
      "links": [],
      "nullPointMode": "null as zero",
      "options": {
        "alertThreshold": true
      },
      "percentage": false,
      "pluginVersion": "7.5.9",
      "pointradius": 5,
      "points": false,
      "renderer": "flot",
      "seriesOverrides": [],
      "spaceLength": 10,
      "stack": false,
      "steppedLine": false,
      "targets": [
        {
          "alias": "$tag_lockmode",
          "exemplar": true,
          "expr": "max(max_over_time(pgwatch2_locks_mode_count{dbname='$dbname',lockmode=~\".*Exclusive.*\"}[$agg_interval])) by (lockmode)",
          "format": "time_series",
          "groupBy": [
            {
              "params": [
                "$__interval"
              ],
              "type": "time"
            },
            {
              "params": [
                "lockmode"
              ],
              "type": "tag"
            },
            {
              "params": [
                "none"
              ],
              "type": "fill"
            }
          ],
          "interval": "",
          "intervalFactor": 1,
          "legendFormat": "{{lockmode}}",
          "measurement": "locks_mode",
          "orderByTime": "ASC",
          "policy": "default",
          "refId": "A",
          "resultFormat": "time_series",
          "select": [
            [
              {
                "params": [
                  "count"
                ],
                "type": "field"
              },
              {
                "params": [],
                "type": "max"
              }
            ]
          ],
          "tags": [
            {
              "key": "dbname",
              "operator": "=~",
              "value": "/^$dbname$/"
            },
            {
              "condition": "AND",
              "key": "lockmode",
              "operator": "=~",
              "value": "/Exclusive/"
            }
          ]
        }
      ],
      "thresholds": [],
      "timeFrom": null,
      "timeRegions": [],
      "timeShift": null,
      "title": "Exclusive locks ($agg_interval max.)",
      "tooltip": {
        "shared": true,
        "sort": 2,
        "value_type": "individual"
      },
      "type": "graph",
      "xaxis": {
        "buckets": null,
        "mode": "time",
        "name": null,
        "show": true,
        "values": []
      },
      "yaxes": [
        {
          "$$hashKey": "object:432",
          "decimals": 0,
          "format": "short",
          "label": null,
          "logBase": 1,
          "max": null,
          "min": "0",
          "show": true
        },
        {
          "$$hashKey": "object:433",
          "format": "short",
          "label": null,
          "logBase": 1,
          "max": null,
          "min": null,
          "show": false
        }
      ],
      "yaxis": {
        "align": false,
        "alignLevel": null
      }
    }
  ],
  "refresh": false,
  "schemaVersion": 27,
  "style": "dark",
  "tags": [
    "pgwatch2",
    "postgres"
  ],
  "templating": {
    "list": [
      {
        "allValue": null,
        "datasource": null,
        "definition": "label_values(dbname)",
        "description": null,
        "error": null,
        "hide": 0,
        "includeAll": false,
        "label": null,
        "multi": false,
        "name": "dbname",
        "options": [],
        "query": {
          "query": "label_values(dbname)",
          "refId": "Prometheus-dbname-Variable-Query"
        },
        "refresh": 1,
        "regex": "",
        "skipUrlSync": false,
        "sort": 1,
        "tagValuesQuery": null,
        "tags": [],
        "tagsQuery": null,
        "type": "query",
        "useTags": false
      },
      {
        "auto": false,
        "auto_count": 30,
        "auto_min": "10s",
        "current": {
          "selected": false,
          "text": "10m",
          "value": "10m"
        },
        "description": null,
        "error": null,
        "hide": 0,
        "label": null,
        "name": "agg_interval",
        "options": [
          {
            "selected": false,
            "text": "1m",
            "value": "1m"
          },
          {
            "selected": false,
            "text": "5m",
            "value": "5m"
          },
          {
            "selected": true,
            "text": "10m",
            "value": "10m"
          },
          {
            "selected": false,
            "text": "15m",
            "value": "15m"
          },
          {
            "selected": false,
            "text": "30m",
            "value": "30m"
          },
          {
            "selected": false,
            "text": "1h",
            "value": "1h"
          },
          {
            "selected": false,
            "text": "3h",
            "value": "3h"
          },
          {
            "selected": false,
            "text": "6h",
            "value": "6h"
          },
          {
            "selected": false,
            "text": "12h",
            "value": "12h"
          },
          {
            "selected": false,
            "text": "1d",
            "value": "1d"
          }
        ],
        "query": "1m,5m,10m,15m,30m,1h,3h,6h,12h,1d",
        "queryValue": "",
        "refresh": 2,
        "skipUrlSync": false,
        "type": "interval"
      }
    ]
  },
  "time": {
    "from": "now-6h",
    "to": "now"
  },
  "timepicker": {
    "refresh_intervals": [
      "5s",
      "10s",
      "30s",
      "1m",
      "5m",
      "15m",
      "30m",
      "1h",
      "2h",
      "1d"
    ],
    "time_options": [
      "5m",
      "15m",
      "1h",
      "6h",
      "12h",
      "24h",
      "2d",
      "7d",
      "30d"
    ]
  },
  "timezone": "browser",
  "title": "DB overview",
  "uid": "db-overview",
  "version": 1
}